nom;nb_courses;nb_victoires;gains_total;somme_distances;derniere_date
KOOL DU CHATELET;6;0;0;14550.0;2026-04-28
KARAT DEFF;7;0;0;19225.0;2026-07-15
KABOTIN CHENEVIERE;4;1;0;10500.0;2026-07-10
KYSKO DE FAEL;7;1;0;19725.0;2026-08-01
KAISER DE MORTREE;9;1;0;22850.0;2026-08-15
KADO DES MOLLES;6;0;0;15450.0;2026-07-03
KERRO DE HOUELLE;5;0;0;14150.0;2026-03-23
KILLER BOND;5;3;0;14000.0;2026-07-16
KEROSEN DU GERS;9;4;0;24125.0;2026-06-19
KAISER VRIE;4;0;0;10750.0;2026-05-25
KANKAN;7;0;0;17659.0;2026-06-30
KENOR DESBOIS;10;1;0;25900.0;2026-08-07
KRUGER DU NORD;8;0;0;21250.0;2026-07-16
MAGIC JOHN;10;2;0;26875.0;2026-07-22
MATRIX SAUTREUIL;7;0;0;16700.0;2026-07-30
MONTANA MONNERIE;4;0;0;9925.0;2026-04-10
MUSTANG DE REUX;9;0;0;22500.0;2026-07-23
MARCUS BERRY;10;1;0;24100.0;2026-08-12
MOJI DE VANDEL;6;0;0;17175.0;2026-06-27
MISTER D'AVOINES;8;0;0;22525.0;2026-07-20
MARBRE D'ERABLE;7;2;0;18100.0;2026-05-12
MERCURE D'ELLE;8;3;0;21475.0;2026-07-22
MERVEILLEUX;6;0;0;15425.0;2026-05-12
NAFI DE REVE D'OR;6;1;0;14725.0;2026-06-29
NIGHT FOR YOU;2;1;0;4275.0;2026-06-02
NEEDREAM;7;0;0;16150.0;2026-08-13
NACARIE PRINCESSE;5;0;0;12100.0;2026-07-27
NEFERTITI DU LERRE;2;0;0;4850.0;2026-08-04
NINA HAGEN;7;0;0;17075.0;2026-07-01
NOT ALONE;11;1;0;29225.0;2026-07-27
LEBOSS D'HAVAROCHE;10;0;0;26675.0;2026-07-20
LE BIEF;6;2;0;17300.0;2026-07-16
LISCADO DE HOUELLE;4;1;0;11425.0;2026-06-27
LUTHIER DE PAIL;7;0;0;19350.0;2026-07-28
L'AMOUR D'ETANG;3;0;0;7050.0;2026-02-20
LITTERAIRE;4;0;0;10650.0;2026-03-11
LORENZO GEDE;6;1;0;15900.0;2026-04-24
LASCAR PILE;4;0;0;10775.0;2026-04-25
LEADER BOY;4;1;0;11600.0;2026-08-05
LYNX DU SAPTEL;6;0;0;14800.0;2026-08-08
LOQUIDY;3;3;0;8250.0;2026-02-13
IRIS INTENSE;9;1;0;23775.0;2026-06-20
JUST DU CHATELET;6;2;0;16200.0;2026-08-06
JOSS AIMEF;7;2;0;19525.0;2026-06-14
JIZOU D'ETANG;9;3;0;24800.0;2026-07-29
JOTUNN DU DOME;7;3;0;18525.0;2026-07-22
JUST DE L'OISON;5;1;0;14425.0;2026-07-11
HAUTBRION COLMI;8;1;0;19600.0;2026-08-13
HAPPY DANOVER;4;0;0;11600.0;2026-07-29
IPALIO;4;0;0;11500.0;2026-07-29
ILEO PIERJI;4;1;0;11650.0;2026-08-09
LOUVE D'ALBATRE;2;0;0;5175.0;2026-01-18
LADY BOSSE;7;0;0;17075.0;2026-06-14
LYNDA CASTEL;1;0;0;2175.0;2026-01-06
LACOUMA;6;0;0;15025.0;2026-06-20
LILI DES ORMES;8;1;0;20584.0;2026-08-08
LOLLY STAR;5;0;0;13300.0;2026-08-05
LIOUBA JAMES;4;0;0;11025.0;2026-08-05
LEONA JENILOU;1;0;0;2175.0;2026-01-06
LOLITA DES LANDES;6;0;0;15000.0;2026-07-11
LOVELY KILY;2;0;0;5050.0;2026-01-17
LUDIVINE DE BAILLY;11;1;0;28075.0;2026-08-10
LILY POM MIX;5;0;0;11900.0;2026-03-24
GERICAULT;5;0;0;13850.0;2026-07-20
KAPTAIN DU LIAMONE;7;0;0;19100.0;2026-07-26
HARRY LE BEAU;6;0;0;17325.0;2026-06-16
IMPERATOR D'ELA;8;0;0;23075.0;2026-07-25
GREGOR;5;1;0;14050.0;2026-05-15
GIVE ME;5;0;0;12925.0;2026-08-08
FREE TIME JEPSON;3;0;0;8300.0;2026-06-21
COLBERT WF;10;0;0;24850.0;2026-07-29
CHARMY CHARLY AS;4;0;0;10025.0;2026-07-22
HEROS DES MOTTES;7;0;0;20450.0;2026-03-08
GALA DE CRENNES;7;1;0;19475.0;2026-08-06
GIBUS;3;0;0;8350.0;2026-04-07
KSAR;5;0;0;13250.0;2026-04-04
FLOREAL;7;0;0;19800.0;2026-08-10
HARLEY GEMA;5;1;0;12509.0;2026-08-10
MANHATTAN ROUSSAC;7;0;0;20475.0;2026-08-15
MAESTRIA GALAA;7;0;0;20250.0;2026-08-03
MAASAI;4;2;0;11475.0;2026-03-09
MAITRE D'HOULBEC;10;1;0;28725.0;2026-08-03
MISTRAL LOMIG;8;0;0;23700.0;2026-07-08
MOZART DU DOLLAR;2;0;0;5025.0;2026-01-18
MARILYN MONROE;9;0;0;23775.0;2026-08-06
MISTER BARRA;6;0;0;17450.0;2026-08-06
KEOPS JUTH;10;2;0;27575.0;2026-07-27
INCROYABLE KYRN;1;0;0;2925.0;2026-01-08
ICK DU VIVIER;6;2;0;16600.0;2026-06-17
JARDY DU CYD;3;0;0;7575.0;2026-04-26
KINGDOM DU LIAMONE;6;0;0;16725.0;2026-06-19
JERONIMO;6;0;0;16125.0;2026-06-13
JESSAMINA;10;0;0;27125.0;2026-07-31
HEAVEN JIEL;4;0;0;10700.0;2026-01-31
KOOL LUDOIS;7;0;0;17475.0;2026-06-13
KERNEL DE NUIT;12;2;0;32000.0;2026-07-31
JANE LUIS PORSGUEN;3;0;0;8225.0;2026-03-01
ILOUMAX;3;0;0;8225.0;2026-01-18
ICARE DES CHAMPS;8;0;0;22050.0;2026-08-13
DISTILLATO;4;0;0;11175.0;2026-06-06
COSMEA;3;0;0;7725.0;2026-02-22
ELDORADO JET;4;1;0;10575.0;2026-03-08
JALAPENO;9;4;0;24250.0;2026-07-25
JOKE DE CHENU;3;0;0;7925.0;2026-04-15
LUTIN VENESI;9;0;0;25050.0;2026-08-10
FORTUNADRAGO FONT;1;0;0;2925.0;2026-01-08
LARGO DE CASTELLE;4;0;0;9409.0;2026-06-06
FINGER DES BORDES;2;0;0;5625.0;2026-01-16
JAVANAISE TURGOT;5;1;0;13925.0;2026-06-16
FAMEUX SAX;4;1;0;11250.0;2026-03-31
HAIDA SAUTONNE;8;0;0;21250.0;2026-07-09
ASTRONASCENTE ZAC;6;0;0;17050.0;2026-08-10
JACOVIA MADRIK;8;1;0;20625.0;2026-04-16
JOY FOR EVER;8;2;0;20850.0;2026-08-13
JAIKA DES FANES;9;0;0;23875.0;2026-08-13
KIRA BO FACE;11;3;0;26625.0;2026-08-10
KATIA DHELPA;11;3;0;28550.0;2026-08-03
KLASSE DE BRUZEAU;8;1;0;20600.0;2026-08-12
INES D'ATOUT;3;0;0;7775.0;2026-02-17
KANGALA DE FAEL;1;0;0;2925.0;2026-01-08
JOUVENCE SECRETE;3;0;0;8000.0;2026-02-10
JOLIE SMART;10;1;0;26500.0;2026-08-04
JELGA DU VIVIER;6;1;0;16750.0;2026-07-19
JEALOUS GIRL;16;0;0;39975.0;2026-08-12
JOLYSTAR GEDE;3;0;0;8000.0;2026-02-10
ISEA DU QUENNE;5;1;0;13975.0;2026-08-11
L'ANGE AIMEF;6;1;0;15600.0;2026-08-07
LINO GUILLERVILLE;4;1;0;9500.0;2026-03-04
LOOK HAPPY;3;0;0;6950.0;2026-08-10
LOVE YOU PHYT'S;6;4;0;16425.0;2026-08-12
L'HEBUS;6;0;0;14825.0;2026-07-29
LEADER DES APRES;10;0;0;26725.0;2026-08-07
LUCIFER;6;0;0;14925.0;2026-07-08
LINAS;9;0;0;22125.0;2026-08-10
LEPTON;7;0;0;18000.0;2026-08-15
LIVE ON;8;0;0;19025.0;2026-08-15
LAOS DE BANVILLE;6;0;0;14600.0;2026-03-20
HERBU DU FERRON;2;0;0;4850.0;2026-01-25
LORENZO BOKO;5;0;0;12825.0;2026-04-10
JAURESS DE CANI;11;0;0;30925.0;2026-08-01
HARING OKINA;11;1;0;27775.0;2026-08-15
JUNGLE GREEN;1;0;0;2700.0;2026-01-08
HURRICANE FRANCE;7;0;0;18500.0;2026-04-05
EVEN STEVEN;3;0;0;7925.0;2026-02-14
INSOLENT SOMOLLI;9;3;0;23000.0;2026-07-26
REDBULL PELLINI;7;1;0;18125.0;2026-06-06
BALDUR;1;0;0;2700.0;2026-01-08
HAFFIENOU;2;0;0;5400.0;2026-01-31
JACK DU BARBEY;2;0;0;5575.0;2026-06-13
JORLANDO;6;1;0;15875.0;2026-04-06
MALICE DES RACQUES;2;0;0;5300.0;2026-01-22
MAG DES CHALIERS;2;0;0;5450.0;2026-07-19
MAGIC DU VALLON;5;1;0;13100.0;2026-05-15
MAKAO DE ROUAISSE;4;1;0;10425.0;2026-04-12
MALICE DU GERS;6;0;0;16725.0;2026-07-08
MARBELLA SMART;6;2;0;16400.0;2026-08-04
MIRAGE D'ERPION;7;0;0;17925.0;2026-07-13
MADISON DANICA;4;3;0;10525.0;2026-04-29
MERCI MADAME;5;0;0;12725.0;2026-07-13
MONTANA SOLO;3;0;0;8275.0;2026-06-18
MIGHTY DOTHRAK;4;1;0;9900.0;2026-02-08
MOZART DU DIGEON;2;0;0;5125.0;2026-04-12
MODEVY;7;0;0;17925.0;2026-08-15
MAESTRO JASMA;6;0;0;14000.0;2026-04-05
KAMIKAZE;1;0;0;2550.0;2026-01-08
KOOPLES DE LARRE;4;1;0;9850.0;2026-05-24
KEYS;8;2;0;19725.0;2026-07-13
KUEENTRASS;5;2;0;12275.0;2026-08-04
KRICK DE CONDE;4;0;0;10425.0;2026-06-18
KOKA DU DOUET;10;1;0;27275.0;2026-08-01
KANGCHENJUNGA;3;0;0;7250.0;2026-05-17
KATINKA COTON;5;0;0;12975.0;2026-08-14
KADOR D'OURVILLE;4;0;0;11450.0;2026-08-11
KYRIELLE D'ALBRET;10;0;0;26300.0;2026-06-26
KALINE DE COSSE;9;3;0;24600.0;2026-06-21
KING DE BOUTEAU;5;0;0;12925.0;2026-07-12
KAISER BEGONIA;4;0;0;10850.0;2026-05-25
MISTRAL DE LOISEL;7;0;0;18925.0;2026-06-05
MARITZA D'ORION;1;0;0;2550.0;2026-01-08
MELBA DU PADOUENG;7;0;0;18350.0;2026-07-13
MALDIVE DE TILLARD;2;0;0;5350.0;2026-05-11
MEGA D'UZE;3;2;0;8125.0;2026-05-15
MIRELLA DE LOU;7;0;0;16650.0;2026-05-31
MARQUIS LA MAZURE;6;0;0;16350.0;2026-08-11
MAGELLAN DELO;3;0;0;7750.0;2026-08-03
JIM JOY;5;0;0;13775.0;2026-06-05
JUMPIE PURPLE;1;0;0;2650.0;2026-01-08
JUNO ELLIS;7;0;0;18175.0;2026-06-17
JAGER BOUMBOUM;4;0;0;11300.0;2026-06-07
JAZZ MARTINEZ;4;0;0;11275.0;2026-07-23
JESABELLE DU JOUR;3;0;0;7825.0;2026-07-03
INDY DE MAI;7;0;0;19200.0;2026-08-15
I LOVE GABINLEA;6;0;0;15800.0;2026-07-29
JACINTHE DU BOIRON;7;1;0;18050.0;2026-06-27
JOGGER KILY;11;0;0;30025.0;2026-08-02
JASMIN GEMA;10;4;0;27200.0;2026-08-07
JAVA DU CHERISAY;8;0;0;20625.0;2026-08-04
JALTO DU TREMONT;7;0;0;18500.0;2026-07-13
INES DE FAEL;1;0;0;2650.0;2026-01-08
IZAYA DE COUSSERAT;5;1;0;13125.0;2026-04-05
LYNX DES RACQUES;6;0;0;15850.0;2026-03-29
LUCKY AIMEF;5;0;0;13200.0;2026-07-12
L'ARTISTE D'AVENIR;5;1;0;12925.0;2026-05-17
LUCKY D'AVAL;3;0;0;7900.0;2026-06-27
LATINUS AVIS;6;1;0;16650.0;2026-04-03
LE BEAU FOXGLEN;4;0;0;10850.0;2026-04-03
L'INDIEN DU VALVIC;6;0;0;15775.0;2026-04-19
LUKABEL;4;1;0;10800.0;2026-06-02
LAISSEZ PASSER;5;0;0;13225.0;2026-06-05
LUIGI WALLIE;3;1;0;7900.0;2026-04-02
LOUISIS DU LUPIN;3;1;0;8000.0;2026-05-01
LOTUS DE BLAY;2;0;0;5450.0;2026-07-14
LUIZANT;4;1;0;10700.0;2026-04-17
LE LITTLE CORSE;8;0;0;21175.0;2026-05-30
LATINA PENEME;4;0;0;10525.0;2026-02-01
LUCRECE;8;2;0;21500.0;2026-06-05
LOLA DE CHENU;11;1;0;28425.0;2026-07-25
LARA VRIE;7;1;0;19150.0;2026-05-08
LISA DU VIGNAC;3;0;0;7625.0;2026-05-17
LINE GASCOGNE;7;0;0;17700.0;2026-05-17
LAIKA CARISAIE;3;0;0;8225.0;2026-06-20
LOLITA DE MIELOUI;7;1;0;18275.0;2026-08-13
LADY DU CORTA;6;0;0;15425.0;2026-07-14
LOUISE D'ERPION;6;1;0;16375.0;2026-04-17
LOLITA DE LORIOL;5;0;0;13675.0;2026-04-19
LOVE QUEEN;1;0;0;2650.0;2026-01-08
LIZENN D'ERQUY;7;1;0;18600.0;2026-07-17
NAOMIE WIND;1;1;0;2875.0;2026-01-08
NAUSICAA;7;0;0;16100.0;2026-05-11
NEFERTITI PIYA;7;1;0;17900.0;2026-06-16
NOVAVILAH;1;0;0;2875.0;2026-01-08
NUANCE DE LAURIERE;6;0;0;16725.0;2026-08-11
NOBLESSE OBLIGE EC;1;0;0;2875.0;2026-01-08
NOISETTE DE SOCERY;3;0;0;8275.0;2026-08-02
NINA DE L'AUMOY;3;0;0;7225.0;2026-02-15
NAGOYA QUICK;6;0;0;15875.0;2026-06-26
NEUILLY DE PLAY;10;0;0;25350.0;2026-08-10
NAVAH MERCURY;8;0;0;20850.0;2026-05-05
NELSON DE BELLANDE;6;0;0;15225.0;2026-08-08
NICO ARCTIC;5;0;0;13550.0;2026-05-18
NICO DU CEDRE;4;0;0;11100.0;2026-03-08
NORTH OF STATE;3;1;0;8550.0;2026-03-06
NOWAKI DU BOCAGE;1;0;0;2875.0;2026-01-08
NYANGA;3;1;0;8625.0;2026-07-25
NOLIMIT DES FORGES;3;0;0;8600.0;2026-01-24
NEWTON DE MONGOCHY;13;0;0;33050.0;2026-08-07
NONANT EFBE;5;0;0;13450.0;2026-03-08
NUREMBERG;2;0;0;5525.0;2026-06-26
NAKALOUN;10;1;0;25275.0;2026-08-11
MARNAON VINGUY;8;0;0;21550.0;2026-07-18
MEDMATTHI;2;0;0;5675.0;2026-02-08
MILLIONDOLLAR D'AS;3;0;0;7850.0;2026-02-01
MAGNUM VERGNIER;3;0;0;7900.0;2026-05-30
MEN IN BLUE ANGELE;1;0;0;2875.0;2026-01-08
MANHATTAN PRAIL;3;0;0;8075.0;2026-02-08
MOVING QUICK;9;1;0;23850.0;2026-08-13
METEOR JALLERIE;3;0;0;8725.0;2026-06-22
MORNY DE TROUVILLE;5;2;0;13525.0;2026-07-17
MERCURE DE CRENNES;2;0;0;5675.0;2026-02-06
MALIN DE VITRAY;5;0;0;13625.0;2026-05-01
MISTRAL DE JAUNOUX;5;1;0;13400.0;2026-02-27
LADY MAURE;13;0;0;36700.0;2026-07-08
LOLLIPOP D'UGGATTE;2;0;0;5750.0;2026-01-17
L'INFO DU STADE;1;0;0;2875.0;2026-01-08
LITTLE BAD GIRL;2;0;0;5475.0;2026-04-19
LIZIANA GATINA;3;0;0;8350.0;2026-04-19
LORZA DE MESLAY;2;0;0;5750.0;2026-01-17
LATINA JIVE;3;0;0;7900.0;2026-06-04
LICORNE MAGIQUE;3;0;0;8800.0;2026-05-08
LYSSA DU SKY;6;0;0;17175.0;2026-06-20
LOVE ME D'IDEF;2;0;0;6025.0;2026-02-01
LUEUR DE PLAY;5;0;0;13750.0;2026-05-16
LUTINE DU CEDRE;2;0;0;5375.0;2026-03-29
LADY MYSTIC;4;0;0;10875.0;2026-07-15
LEDA DE VANDEL;2;0;0;5725.0;2026-02-02
LOLITA DE VITRAY;8;1;0;20459.0;2026-07-04
LIVIA DES LANDES;2;0;0;5025.0;2026-04-02
LOLLIPOP WHITE;4;0;0;11550.0;2026-02-15
LADY D'AUBERVILLE;3;0;0;8425.0;2026-02-15
LADY DU RUISSEAU;6;0;0;17000.0;2026-06-13
LITTLE MARY;4;0;0;9775.0;2026-04-19
LASSIE DES SOURCES;6;0;0;16425.0;2026-08-06
LINKA D'ADELE;6;0;0;17600.0;2026-08-04
LHASSA;4;0;0;12300.0;2026-02-01
LOLA DE LA DOUCE;5;1;0;14700.0;2026-06-05
LUEUR DES LANDES;5;0;0;14325.0;2026-08-04
LEGENDE DRY;7;0;0;18750.0;2026-06-24
LANHELEN DU PILET;5;0;0;14550.0;2026-08-06
LA FLECHE;5;0;0;14475.0;2026-05-19
LADIES MOIRE;10;0;0;28025.0;2026-08-04
LADY BECO;3;1;0;8200.0;2026-03-30
LOUISIANE PARIS;8;3;0;20650.0;2026-08-08
KAMELA FLIGNY;4;0;0;11625.0;2026-03-29
KOVE DU CHENE;1;0;0;2875.0;2026-01-08
KOMETE DU RADON;7;0;0;19325.0;2026-06-29
KEMISSORO;3;0;0;8175.0;2026-07-08
KISS ME CARNOIS;1;0;0;2875.0;2026-01-08
KAPRIKA DES LANDES;2;0;0;5600.0;2026-06-20
KIMBILA;7;0;0;19050.0;2026-06-20
KANSAS LUDOIS;1;0;0;2875.0;2026-01-08
KAILASH ARCTIC;4;1;0;10700.0;2026-07-07
KUROS PONT VAUTIER;3;0;0;7675.0;2026-02-10
KID SMILE;7;0;0;19425.0;2026-08-14
KORA DE BLARY;5;0;0;13250.0;2026-06-20
KALINE DJOB;6;0;0;17375.0;2026-03-30
KRAC BOREAL;8;1;0;21625.0;2026-05-25
KARAMEL JOYEUX;4;2;0;11725.0;2026-08-05
KAIROS DU PERCHE;6;0;0;16900.0;2026-07-15
JEAN MADRIK;7;0;0;17800.0;2026-07-08
JISMIE GRIFF;6;1;0;15550.0;2026-08-08
KOPECK DE CHENU;4;2;0;9100.0;2026-04-12
JACKPOT DES BORDES;10;0;0;25125.0;2026-08-15
JAMES MADRIK;12;0;0;29850.0;2026-08-15
JAMIROQUAI;4;0;0;10400.0;2026-02-27
JACK DES MALBERAUX;5;0;0;11725.0;2026-04-30
JUBY DE BAILLY;9;0;0;21250.0;2026-04-27
JADESKA;11;0;0;27300.0;2026-08-15
KOWEIT DE CHENU;7;1;0;18025.0;2026-08-15
JIKAO;8;2;0;20375.0;2026-04-20
KLARCK DE VANDEL;8;3;0;17725.0;2026-08-10
JOG DE JAVIE;8;0;0;16750.0;2026-07-20
KERGOMAR SIBEY;6;0;0;13550.0;2026-04-19
JOKER DE VOUEDE;3;0;0;7400.0;2026-03-12
JOURNEY;3;0;0;7475.0;2026-07-02
NELOMBO BELLO;6;0;0;15475.0;2026-07-22
NIKO DE TIMBOEUF;5;1;0;12925.0;2026-08-13
NEED YOU MESLOIS;10;0;0;25650.0;2026-08-11
NEW YORK D'OYSE;13;0;0;34050.0;2026-08-08
NANTUS D'AVIGNERE;11;0;0;27800.0;2026-08-08
NELSON SWIFT;4;0;0;9175.0;2026-04-11
NEMO DES CARREAUX;5;0;0;13325.0;2026-08-02
MENTEUSE PAN;8;0;0;20925.0;2026-08-03
MILORD MARANDAIS;7;1;0;17775.0;2026-07-29
MONTSECRET;5;0;0;12800.0;2026-05-15
MEA MARIS;7;0;0;17375.0;2026-06-13
MACHINE DE GUERRE;7;0;0;17575.0;2026-07-13
MIRA D'HAVAROCHE;5;1;0;12375.0;2026-06-17
MADEMOISELLE DELF;2;1;0;4725.0;2026-01-17
MISS YOU LORD;5;0;0;11975.0;2026-08-15
MAMBO MIX;4;0;0;10125.0;2026-04-19
MUST MAJYC;7;1;0;17675.0;2026-07-13
MIFASOL DES PLANS;1;0;0;2150.0;2026-01-09
MATIN D'AVRIL;3;0;0;6950.0;2026-02-19
MOTTEAUX DAIRPET;5;2;0;11050.0;2026-07-28
MANHATTAN GABINLEA;5;0;0;11425.0;2026-06-13
MIKADO PIEMONT;6;2;0;15750.0;2026-06-20
MONA LISA ELLIS;4;0;0;9675.0;2026-06-17
MAESTRO DE JOUDES;6;0;0;15300.0;2026-04-29
MOOREA;4;0;0;10175.0;2026-04-05
MOOREA DE SAUSSEAU;5;0;0;13250.0;2026-06-05
MADGIK SAUTREUIL;7;0;0;17750.0;2026-07-14
LUCKY DE FLEUR;2;0;0;5350.0;2026-03-29
LECHARM DE L'AUMOY;5;0;0;13275.0;2026-04-13
LOOKING FOREXPRESS;6;0;0;16350.0;2026-07-23
LOS ALAMOS;6;1;0;16225.0;2026-07-13
LOVE LAND;4;0;0;10900.0;2026-06-16
LEEROY DU PADOUENG;3;0;0;8200.0;2026-03-03
LEWIS DE BLARY;7;2;0;19250.0;2026-06-05
LUIGI PAN;5;0;0;13550.0;2026-06-20
LOUSTIC VAUCEEN;3;0;0;8275.0;2026-02-14
LIEVRE D'ALBRET;5;0;0;13075.0;2026-05-23
LUTTEUR DU RIEU;5;0;0;14375.0;2026-03-26
LORD DU VIVIER;1;0;0;2950.0;2026-01-09
LOUISDOR DECHAMBOU;8;2;0;21175.0;2026-07-29
LOCKWOOD EFJI;6;0;0;15575.0;2026-06-20
INCA DE MONE;8;0;0;21375.0;2026-05-30
HARCOURT DE PADD;3;0;0;8100.0;2026-03-22
ROSSI GARLINE;8;0;0;19800.0;2026-08-06
ITALO DUEM;9;0;0;23875.0;2026-07-29
IKY JOY;5;0;0;14575.0;2026-08-08
DIVA DEL RONCO;6;1;0;14200.0;2026-04-04
IGGY ROCK;8;0;0;21675.0;2026-08-08
GIBUS DARCHE;1;0;0;2950.0;2026-01-09
IVRAM;3;0;0;8800.0;2026-07-25
HUMANITY PELLINI;3;1;0;8550.0;2026-02-19
JOKER GEMA;7;1;0;19250.0;2026-07-31
LAMAZA;1;0;0;2950.0;2026-01-09
LOULIE DE GUEZ;6;0;0;16725.0;2026-03-13
LA BELLE JAMINI;3;0;0;8450.0;2026-06-01
LEGENDE D'ETE;3;0;0;8700.0;2026-07-14
LANDELINA;3;0;0;8050.0;2026-04-05
LALA QUICK;4;0;0;9109.0;2026-07-04
LANDEN;6;0;0;16550.0;2026-07-21
LILAS DU MELEUC;5;0;0;13225.0;2026-06-05
LAMBADA TURGOT;6;1;0;15975.0;2026-07-16
NEW ANNA'S PROJECT;5;0;0;12500.0;2026-07-29
NEO MATCH;1;0;0;2150.0;2026-01-09
NORRIS DU YUCCA;2;0;0;4775.0;2026-01-17
NEVITA LOVE JO;3;0;0;6775.0;2026-03-03
NADJA D'OR;2;0;0;4900.0;2026-01-30
NEVADA THORIS;3;0;0;6850.0;2026-06-01
NOUIC DI PALBA;6;0;0;14800.0;2026-03-07
NUIT A LA GRAVE;1;1;0;2150.0;2026-01-09
NUMBER FACE;1;0;0;2150.0;2026-01-09
NEW D'ARAC;8;1;0;20175.0;2026-06-17
NARKO FLASH;2;0;0;4800.0;2026-02-22
NUCERA BELLA;5;0;0;11975.0;2026-03-22
NEW LOVE D'AMOUR;6;0;0;15500.0;2026-04-26
IBRA DE LOU;14;2;0;36275.0;2026-08-15
ILLICO DES BROUETS;7;0;0;17775.0;2026-05-03
HILKA DE BERTRANGE;5;0;0;13475.0;2026-04-16
JICKY GIRL;12;0;0;29525.0;2026-07-10
HE STAR DU CALICE;6;0;0;14075.0;2026-07-26
ICE SCOTT;12;0;0;32975.0;2026-07-26
HAHICHA GIRL;4;0;0;11075.0;2026-07-30
HYPERION DU BOCAGE;4;0;0;9775.0;2026-03-26
IDEAL DU DIGEON;5;0;0;13450.0;2026-07-24
GALON D'AMIRAL;5;0;0;13275.0;2026-08-02
HORSERIS;8;0;0;22225.0;2026-08-12
HABIBI;1;0;0;2850.0;2026-01-10
JACQUARD;1;1;0;2850.0;2026-01-10
HIPPARIS;9;0;0;22100.0;2026-07-25
NIKITA GOLD;7;0;0;17725.0;2026-06-25
NOCE ROYALE;2;0;0;5500.0;2026-06-04
NIKITA;8;0;0;20550.0;2026-06-05
NINA DE LA DUNE;1;0;0;2700.0;2026-01-10
NOUS QUATRE;3;1;0;8100.0;2026-03-21
NEW HOLIDAY;1;0;0;2700.0;2026-01-10
NINA DE MAI;2;0;0;5575.0;2026-06-13
NOIRE INTENSE;5;1;0;12450.0;2026-05-26
NONEKA;6;1;0;15150.0;2026-06-05
MELINA SUPREME;6;0;0;14125.0;2026-03-17
MODE DU VALLON;7;0;0;16225.0;2026-07-12
MAYA D'AVRIL;5;0;0;13150.0;2026-07-11
MIDNIGHT MOLLY;1;0;0;2175.0;2026-01-10
MA AM CHENU;4;0;0;9675.0;2026-02-22
MOLLY MADRIK;7;3;0;17975.0;2026-08-14
MAVANA DU DIGEON;2;0;0;4325.0;2026-08-14
MADNESS SAM;2;1;0;4275.0;2026-01-19
MARIE DI LEONE;4;0;0;10275.0;2026-04-07
MAMJACK SACHA;5;0;0;12775.0;2026-07-20
MERIDA DU GRANIT;2;0;0;4875.0;2026-01-25
HURRICANE CARTER;5;0;0;13350.0;2026-06-06
ISOFOU DU CHENE;6;1;0;16050.0;2026-06-21
HERO SIBEY;4;0;0;11850.0;2026-08-09
HE AND ME;3;1;0;9700.0;2026-02-22
JINGLE DU PONT;8;0;0;20034.0;2026-08-08
HAPPY DANICA;5;0;0;14700.0;2026-03-07
IDEAL DU ROCHER;5;2;0;13700.0;2026-08-09
JAZZMAN DEBAILLEUL;9;0;0;25384.0;2026-08-08
HYMNE DU GERS;8;0;0;22600.0;2026-06-14
IGREC DE CELLAND;5;1;0;13225.0;2026-06-30
HUBBLE DU VIVIER;1;1;0;2700.0;2026-01-10
HIDALGO DES NOES;8;0;0;22250.0;2026-06-14
HULYSSE DIGEO;11;0;0;27293.0;2026-08-08
KIBORA BUISSONAY;8;0;0;21700.0;2026-07-09
KARA DE PIERREPONT;10;2;0;27800.0;2026-08-02
KOTKITA;9;1;0;23550.0;2026-06-20
KELOWA STARDUST;9;0;0;25375.0;2026-06-26
KISS ME DU RUEL;6;0;0;14600.0;2026-08-09
KABALA QUICK;1;0;0;2700.0;2026-01-10
KAPELLA DAIRPET;4;1;0;10525.0;2026-04-16
KYRA D'ESSARTS;6;0;0;16925.0;2026-05-21
KYA D'ERABLE;6;0;0;16375.0;2026-08-03
KABALVA;10;0;0;26100.0;2026-08-04
KOH LANTA;3;0;0;8825.0;2026-02-21
KELOWNA LEGEND;6;1;0;16175.0;2026-05-23
IRINA DE MONTCEAU;3;0;0;8450.0;2026-07-07
NIAGARA RIVER;8;3;0;21675.0;2026-07-29
DENIA;4;0;0;9750.0;2026-05-22
KIVALA RENARDIER;8;1;0;22025.0;2026-06-17
KEY OF LOVE;6;1;0;16650.0;2026-06-21
ISLA (GER);5;1;0;11550.0;2026-05-02
DILVA JET;8;0;0;20050.0;2026-08-05
XERAVA C.D.;7;0;0;17600.0;2026-08-06
DIVINA TRIO;4;0;0;10625.0;2026-05-20
JOUVENCE DE CAREL;2;0;0;5550.0;2026-01-18
KALITA D'HENINEL;7;0;0;19350.0;2026-07-15
JALOUZ D'OLIVERIE;6;0;0;15300.0;2026-07-20
DADA DEL RONCO;4;0;0;10550.0;2026-07-03
JUNKIE (SWE);7;0;0;17700.0;2026-06-06
KEY LADY;8;0;0;20775.0;2026-08-03
FUNNY GIRL (ITY);1;0;0;2850.0;2026-01-10
FAR WEST BI;3;1;0;8175.0;2026-07-12
LEARN TO FLY;8;0;0;21000.0;2026-08-14
PHANTOM EXPRESS;3;0;0;7700.0;2026-06-13
LUCIANO MENUET;3;0;0;8250.0;2026-02-08
FAR WISE AS;1;0;0;2850.0;2026-01-10
LIZA JOSSELYN;6;1;0;15300.0;2026-08-14
LOMBOK JIEL;7;1;0;18700.0;2026-08-14
BULLET THE BLUESKY;1;0;0;2850.0;2026-01-10
LOVINO BELLO;6;1;0;13684.0;2026-08-14
MUZAN KIBUTSUJI;3;0;0;8250.0;2026-02-15
GRAN TORINO (ITY);2;0;0;5550.0;2026-01-27
GILL DORIAL;2;0;0;5550.0;2026-02-25
MAD OF YOU;4;0;0;10300.0;2026-06-15
MUST ATOUT;9;0;0;24375.0;2026-08-14
MARQUETY DE BAILLY;8;0;0;21475.0;2026-06-13
MARDOUK DE GODREL;6;0;0;15800.0;2026-07-18
MAKE YOUR DAY;9;1;0;24250.0;2026-06-21
MAGICO DE LOU;8;1;0;21525.0;2026-06-21
PARANOH NEWPORT;2;0;0;5550.0;2026-02-15
GINGER GIO;5;0;0;13275.0;2026-08-01
MAKE A DREAM;4;0;0;11100.0;2026-02-28
MAESTRO RIVER;6;0;0;16825.0;2026-04-18
KATHARINA DE MAI;4;0;0;11050.0;2026-07-21
KENAVO DU BOUILLON;13;3;0;35250.0;2026-07-31
KLASS DE DOMPIERRE;3;0;0;8000.0;2026-02-16
KID PADDLE;10;1;0;27075.0;2026-06-28
KLIC JULRY;8;1;0;21500.0;2026-07-21
KOETANE D'AVRIL;4;2;0;10150.0;2026-06-05
KALINE DU CORTA;10;0;0;26600.0;2026-07-17
KEROS DU BAS BOSQ;6;0;0;16400.0;2026-06-13
KANTISSIME WINNER;5;0;0;12175.0;2026-07-29
KEEP TIME;6;0;0;15350.0;2026-03-20
KUNG FU FAMILY;9;0;0;24250.0;2026-08-09
MOLITA;4;0;0;10700.0;2026-02-22
MA LOLA QUICK;5;0;0;12075.0;2026-05-10
MONIE DU LOISIR;9;1;0;23600.0;2026-06-28
MILADY OAKS;11;1;0;30150.0;2026-08-01
MESSINE JIHAIME;4;0;0;10250.0;2026-03-31
MISS LOUBRESSE;4;1;0;9650.0;2026-04-06
MARIA DU MATO;5;0;0;12200.0;2026-06-28
MANON DES CHAMPS;7;0;0;15625.0;2026-07-28
MANDOLINE;11;0;0;29350.0;2026-07-21
MISAKI D'OURVILLE;5;0;0;12025.0;2026-04-07
MOON TURGOT;9;0;0;24150.0;2026-07-17
MAKARA DU RAVARY;3;1;0;8275.0;2026-03-03
MILANO;3;0;0;6775.0;2026-03-18
MIO DE ROSAN;9;1;0;22350.0;2026-07-12
MAGIC PEGASUS;9;0;0;22800.0;2026-07-28
MAESTRO D'ESPACE;6;0;0;15275.0;2026-07-28
MALONG;5;0;0;14275.0;2026-06-18
MISTA GUILLERVILLE;4;1;0;10100.0;2026-03-09
MOGADOR BLEU;8;3;0;21850.0;2026-07-20
MASSIMO;6;0;0;16250.0;2026-06-12
MINI LULU;6;0;0;14450.0;2026-05-16
NATO JOSSELYN;5;3;0;12450.0;2026-08-12
NEMROD KYDE;3;0;0;6950.0;2026-04-08
NEOPHYTE GIGI;9;0;0;20625.0;2026-06-13
NUDAN WELL;1;0;0;2050.0;2026-01-10
NORIGOULET;3;0;0;6775.0;2026-01-25
N'ATTENDS PERSONNE;8;1;0;20525.0;2026-06-16
KHAZIM;6;0;0;16200.0;2026-06-01
JASMINE LOULOU;2;0;0;5400.0;2026-01-17
JASPER JOHNS;10;0;0;27550.0;2026-06-20
L'AMBASSADEUR;7;0;0;18525.0;2026-08-07
LUEGO CONTIGO;7;2;0;18350.0;2026-06-16
JO DE L'ETANG;9;0;0;24150.0;2026-07-14
JOYAUX DES ILES;2;0;0;5325.0;2026-04-12
LIZZY DE JOUDES;7;2;0;18625.0;2026-06-20
KHAN D'HERIPRE;10;0;0;26725.0;2026-08-04
JAKABINO;10;1;0;27750.0;2026-07-28
JADE MAJOR;9;0;0;23300.0;2026-08-08
ISABEY QUESNOT;5;0;0;13575.0;2026-03-31
INO DE BRION;8;0;0;21150.0;2026-06-13
JAMES DE LA VALLEE;7;1;0;19275.0;2026-06-15
KRIS MARTIN;6;0;0;17050.0;2026-04-17
HADES JULRY;4;0;0;9875.0;2026-08-08
JE REVE DE TOI;9;3;0;23709.0;2026-08-01
JUNIOR DU GRENIER;4;3;0;10900.0;2026-02-08
KING DE BASSIERE;9;2;0;23975.0;2026-06-09
JOYAU DE MASSARA;5;0;0;13225.0;2026-04-05
KALIMA DU GOUTIER;6;0;0;16200.0;2026-04-08
JASON FAC;10;2;0;26925.0;2026-08-12
KAMELIE DU CAMPUS;6;0;0;15300.0;2026-05-24
KARAOKE;4;0;0;10775.0;2026-04-08
JACEE DE BUSSIERES;1;0;0;2700.0;2026-01-10
KADIMA ERA;1;0;0;2700.0;2026-01-10
JACQUIE DU GARDEN;6;0;0;15475.0;2026-08-09
JUAN LES PINS;9;3;0;23425.0;2026-07-31
JIPSY DES AIRES;7;0;0;18475.0;2026-07-28
JACKPOT MATH;1;0;0;2700.0;2026-01-10
JEWEL SMILE;6;0;0;16225.0;2026-08-06
KIWI DU LOISIR;9;2;0;24450.0;2026-08-02
LUAP D'ORTIGE;6;0;0;16250.0;2026-08-08
LOOKING DU CAIEU;3;0;0;7400.0;2026-06-06
LITTLE OAKS;4;0;0;10800.0;2026-08-08
LESNOIX;6;0;0;16550.0;2026-08-04
LINO DE LA VALLEE;6;1;0;16350.0;2026-08-04
LUTIN DU JOUR;5;0;0;13050.0;2026-08-04
LEXO JELOCA;7;0;0;19075.0;2026-04-24
LUXOR DES CELLIERS;6;0;0;15075.0;2026-07-28
LUPIN DE LA VALLEE;7;0;0;17200.0;2026-08-08
LANCELOT VENESI;4;0;0;10250.0;2026-05-18
LUCCIANO D'OMAHA;6;0;0;15359.0;2026-08-08
LONELY JULRY;2;0;0;5400.0;2026-02-11
LA RAMEE;7;0;0;18800.0;2026-07-21
L'IMPERATRICE;4;0;0;11525.0;2026-03-08
LANCIA DE LOU;4;0;0;10950.0;2026-08-06
LIBERTY FRANCE;4;1;0;10700.0;2026-02-18
LEYLI DE LA VALLEE;8;1;0;21650.0;2026-07-21
LOUISETTE FLEURY;3;0;0;8100.0;2026-02-08
LADY BLACK ROCHEL;9;1;0;25175.0;2026-07-31
LEGENDE DU BUGEY;4;0;0;10775.0;2026-07-28
L'ILE DU TRIEUX;9;0;0;23425.0;2026-06-10
LOUNA CHIC;7;0;0;18925.0;2026-06-30
LOLA DU CHERISAY;2;0;0;4750.0;2026-01-29
LUNA MAG;6;0;0;16300.0;2026-05-09
LAIKA D'ESPACE;10;0;0;25425.0;2026-08-10
NINO PRESTO;7;0;0;17825.0;2026-07-29
NIRVANA SPIRIT;1;0;0;2875.0;2026-01-10
NIARKOS DU CEBE;6;0;0;15875.0;2026-06-17
NIKI DU GOUTIER;5;2;0;13600.0;2026-08-07
NUAGE MYSTIC;8;2;0;21725.0;2026-08-08
NEWTON LANDING;6;1;0;14950.0;2026-07-09
NASTRO D'ORO;1;0;0;2875.0;2026-01-10
NEW MAN ANGELE;6;0;0;15425.0;2026-08-07
MAUVE DE FLEUR;6;0;0;16100.0;2026-07-09
MEVA DAIRPET;1;0;0;2875.0;2026-01-10
MELLINA DE MAI;10;1;0;27900.0;2026-07-19
MAZARA;2;0;0;5025.0;2026-01-24
MINETTE DU BOIS;6;0;0;15300.0;2026-05-30
MESANGE DU RIB;5;2;0;13925.0;2026-04-09
MAMBA BERRY;5;0;0;12675.0;2026-07-04
MALIZIOSA;7;1;0;17575.0;2026-06-28
MARA;3;0;0;8400.0;2026-03-15
MILADY DES RIOULTS;6;0;0;14625.0;2026-08-04
MORZINE;1;0;0;2875.0;2026-01-10
MIDINETTE DU YUCCA;6;0;0;17000.0;2026-07-23
MISSIONDARCHE;4;0;0;11050.0;2026-04-28
MONA PAGE;8;2;0;20800.0;2026-06-08
LOVELY FAST;3;0;0;8550.0;2026-02-08
LUCKY LUKE DANOVER;6;0;0;17225.0;2026-07-16
LORD TOLLEVILLE;5;0;0;13050.0;2026-07-05
LE VOLONTAIRE;6;0;0;17125.0;2026-08-15
LACERTOSUS;7;1;0;19375.0;2026-04-26
LAZAAL;7;2;0;19925.0;2026-08-15
LE CAPTAIN JACK;2;0;0;5425.0;2026-01-18
L'AIR DU TEMPS;9;1;0;25150.0;2026-06-15
LUCKY DE POMMERAY;3;0;0;8475.0;2026-07-05
LAFAYETTE DU BOURG;6;1;0;15225.0;2026-06-29
LOKY DE JIEL;2;0;0;5825.0;2026-03-26
L'ECLAIR DE PLAY;8;0;0;20575.0;2026-05-27
L'ANGE DE BOUERE;2;0;0;6025.0;2026-01-23
LESS TIME;7;1;0;19000.0;2026-06-19
LUTIN DU PRATEL;7;0;0;19875.0;2026-07-10
LYX OF CAMARO;3;0;0;8425.0;2026-04-23
KAOURA THONIC;2;0;0;5675.0;2026-02-15
KUZCOTOPIA;4;0;0;11000.0;2026-06-13
KOUMBA DE LA NADE;3;0;0;8700.0;2026-03-15
KISS ME DOLUCIO;1;0;0;2875.0;2026-01-10
KISS ME TO LIVE;6;1;0;16650.0;2026-06-01
KELSA DES TOUCHES;2;0;0;5575.0;2026-03-22
KAMA DU METZ;7;1;0;18284.0;2026-07-11
KETTY PETTEVINIERE;3;0;0;8225.0;2026-02-08
KEILA DU PERCHE;5;0;0;14225.0;2026-04-26
KALI DES LANDIERS;18;1;0;47359.0;2026-07-23
KOMMUNES DE PLAY;8;0;0;22075.0;2026-07-17
KISS ME DU LIVET;10;1;0;25925.0;2026-06-30
KALINKA DU BREUIL;8;2;0;21975.0;2026-07-25
KALITY D'ERABLE;6;0;0;15575.0;2026-07-16
KEVA LUDOISE;7;3;0;20025.0;2026-08-02
LIZA FLIGNY;1;0;0;2875.0;2026-01-10
LANA DES LANDES;2;0;0;6000.0;2026-01-15
LIBERTY D'IPEJY;1;0;0;2875.0;2026-01-10
LEA D'HOULBEC;4;1;0;11275.0;2026-03-08
LILI MARLEEN;4;2;0;11125.0;2026-08-04
LAGUNE DE LA COTE;1;0;0;2875.0;2026-01-10
LANA DE BEAUMEE;3;0;0;8150.0;2026-04-19
LUTECE DE LA FOLIE;1;0;0;2875.0;2026-01-10
LADY FAIRY;9;2;0;24500.0;2026-08-07
LEGENDE DU BOULAY;8;0;0;21000.0;2026-06-29
LOBELIE DE GODREL;7;0;0;17850.0;2026-06-15
LIO DE PIENCOURT;7;0;0;18375.0;2026-08-13
LADY DE JANEIRO;11;1;0;27900.0;2026-07-10
NEBBIO DU LIAMONE;8;1;0;21225.0;2026-08-01
NIKY ELDE;7;0;0;18000.0;2026-07-25
NELATI DE MORGANE;10;0;0;24600.0;2026-08-13
NOT THIS TIME;10;2;0;24325.0;2026-08-14
NOBEL DU LEARD;4;0;0;10275.0;2026-05-19
NEMOS DU GOUTIER;4;0;0;11325.0;2026-08-01
NATURALE MAG;10;0;0;25450.0;2026-05-19
MAGOT D'OR PIYA;2;1;0;4250.0;2026-04-18
MALABAR MAGO;5;0;0;12450.0;2026-07-27
MELKIOR DE BAILLY;8;0;0;20725.0;2026-07-05
MERCURY DELO;9;0;0;21275.0;2026-08-01
MYTHIQUE JOSSELYN;4;0;0;9600.0;2026-02-22
MOGALDO DU PARC;2;0;0;4800.0;2026-02-17
MARENO BELLO;2;0;0;4800.0;2026-01-31
MARCHAND DE REVE;10;2;0;24050.0;2026-08-11
MAGIC DE BANVILLE;4;0;0;9450.0;2026-08-13
MILLESIME STAR;7;0;0;17900.0;2026-08-10
MITCH DE GRANOU;5;0;0;12875.0;2026-06-30
MAGIC FRIENDS;5;1;0;13400.0;2026-07-11
MUST DREAM;6;3;0;14050.0;2026-08-14
MUNCH CLUB;4;0;0;10250.0;2026-06-14
HALO AM;6;0;0;14650.0;2026-07-09
IROISE DE LA NOE;4;2;0;9800.0;2026-04-18
KANTO AVIS;6;1;0;16525.0;2026-07-25
WORKING CLASS HERO;4;0;0;11200.0;2026-02-22
JANGO VICI;5;0;0;12750.0;2026-06-06
KING OPERA;5;1;0;16400.0;2026-08-09
IMMORTAL DOC;1;0;0;2850.0;2026-01-11
J'AIME LE FOOT;3;0;0;9150.0;2026-04-18
FRANK GIO;4;0;0;10759.0;2026-04-18
KRACK TIME ATOUT;4;0;0;10575.0;2026-07-25
IZOARD VEDAQUAIS;1;0;0;2850.0;2026-01-11
KOCTEL DU DAIN;6;0;0;14784.0;2026-08-08
HOOKER BERRY;8;0;0;22725.0;2026-07-25
HASARD D'ERABLE;1;0;0;2100.0;2026-01-11
HAMONET DE CHOISEL;6;0;0;15075.0;2026-06-30
HOLD UP DU SAPTEL;5;0;0;12700.0;2026-07-22
GAZ D'OCCAGNES;8;1;0;20975.0;2026-07-26
GILMOUR;3;0;0;6350.0;2026-04-18
HABIT DE SOIREE;9;0;0;23725.0;2026-07-22
GUERRIER CASTELETS;11;0;0;27825.0;2026-07-31
IBIZA BELLA;7;1;0;16025.0;2026-07-12
GRAND ROI KALOUMA;1;0;0;2100.0;2026-01-11
GLADIATOR BOY;1;0;0;2100.0;2026-01-11
HOVE PONT VAUTIER;2;0;0;4800.0;2026-01-17
IDOLE D'OURVILLE;6;0;0;13300.0;2026-06-27
HOCHE;3;1;0;6900.0;2026-04-11
HOLD UP DREAM;2;0;0;5000.0;2026-03-04
MARVINA BELLA;6;0;0;15175.0;2026-06-19
GIORGIA D'ESI;2;0;0;5400.0;2026-02-03
MOUSKIE DE GUEZ;3;0;0;8250.0;2026-02-28
MIRA DE FROULAY;6;0;0;15350.0;2026-08-14
MONICA JISCE;1;0;0;2700.0;2026-01-11
MOSTRA DE BANVILLE;7;1;0;18250.0;2026-08-14
MOOREA DE CHANLECY;5;0;0;14150.0;2026-06-30
MY LADY CASTELLE;2;0;0;5400.0;2026-06-06
GLORY WINNER;1;0;0;2700.0;2026-01-11
LORENZO BERRY;12;0;0;31025.0;2026-06-27
LEONARDO DU DERBY;6;0;0;16300.0;2026-08-12
LOCO FLIGNY;6;1;0;15150.0;2026-06-12
LE MIRACLE;5;1;0;12075.0;2026-07-11
LENNON D'HERFRAIE;3;0;0;7650.0;2026-02-19
LORD DE BANVILLE;3;0;0;6900.0;2026-02-06
LOULOU DES OUBEAUX;8;1;0;20825.0;2026-07-29
LEXINGTON DANICA;5;1;0;12100.0;2026-05-04
LOUIS QUATORZE;5;0;0;12950.0;2026-07-09
LE MAESTRO;8;1;0;20825.0;2026-07-29
LIVINIO FLAC;5;2;0;12025.0;2026-07-25
JUMBO JACK;4;0;0;11025.0;2026-08-14
JOKER D'OLAINE;7;0;0;17450.0;2026-08-07
JAGUAR DE KARA;1;0;0;2700.0;2026-01-11
JYTRACE DE HOUELLE;5;1;0;13325.0;2026-04-30
JASPE DU DOLLAR;11;1;0;31725.0;2026-07-07
JUBLA VIKING;1;0;0;2700.0;2026-01-11
JOVIAL HAUFOR;8;2;0;20400.0;2026-06-12
JADOU DU LUPIN;5;1;0;13925.0;2026-05-22
JAMAICA BROWN;6;0;0;16750.0;2026-04-10
JOYAUX DU CHENE;7;1;0;18425.0;2026-07-14
JALON DU GOUTIER;2;0;0;5075.0;2026-03-07
INNOCENT DU BOURG;2;0;0;5075.0;2026-02-10
HEIKO VANCEEN;1;0;0;2925.0;2026-01-11
HULK DU COQ;1;0;0;2925.0;2026-01-11
FARCEUR DE L'INAM;8;0;0;21975.0;2026-07-27
HOMMAGE DE LARRE;5;1;0;13625.0;2026-03-07
GUIDO JOSSELYN;4;0;0;10375.0;2026-03-09
GIVE ME QUICK;2;0;0;5850.0;2026-01-28
GLOWING MOKO;2;0;0;5625.0;2026-02-17
FUN LOVER;3;2;0;8550.0;2026-03-07
GRIZMAN;6;0;0;17225.0;2026-06-01
HELENCIO;4;0;0;11475.0;2026-03-07
GIVE ME CASH;7;0;0;20250.0;2026-03-10
FASHIONABLE QUICK;1;0;0;2925.0;2026-01-11
MADE IN GEDE;3;0;0;8550.0;2026-02-26
MISTER DES THUYAS;9;1;0;24950.0;2026-07-15
MANITOBA;5;0;0;12800.0;2026-02-28
MARION DU CHERISAY;8;0;0;23050.0;2026-08-03
MAKHILA D'HERIPRE;2;1;0;5575.0;2026-01-18
MALICE BLEUE;7;0;0;18075.0;2026-08-03
MON BEAU MEC;8;0;0;21650.0;2026-06-13
MAJOR JENILOU;8;1;0;21575.0;2026-08-10
MAJOR GEDE;5;1;0;14400.0;2026-03-08
MILOU DE CAZOULENE;8;0;0;22025.0;2026-08-05
MELANIE WELL;4;0;0;11775.0;2026-08-03
LIKE A BIRD STAR;8;0;0;19475.0;2026-04-10
LATINO PURA VIDA;10;0;0;25500.0;2026-07-26
LORD DES FANES;11;2;0;29350.0;2026-07-29
LYNX DES BROUETS;8;2;0;21825.0;2026-06-24
LOLA D'AMOUR;5;0;0;14325.0;2026-07-27
LITTLEROK D'EURVAD;5;0;0;13625.0;2026-06-20
LOTHBROCK;14;1;0;37425.0;2026-08-13
LAZAN DE PASSIEU;7;1;0;17525.0;2026-08-03
L'AVENIR;8;0;0;21450.0;2026-08-03
LASKO DES FORGES;8;1;0;18950.0;2026-08-13
KRAKATOA BAR;12;0;0;31575.0;2026-08-05
KHAZAR DES CORVEES;10;2;0;26025.0;2026-07-27
KING KONG SMILE;6;1;0;16600.0;2026-06-02
KENDO JIEL;7;1;0;19950.0;2026-06-07
KING'S DAY;8;0;0;19125.0;2026-08-13
KAICHA;11;0;0;31550.0;2026-08-05
KANSAS QUICK;5;0;0;13600.0;2026-03-26
KERNO;5;1;0;13850.0;2026-03-07
KLEMS DE JAVIE;8;0;0;21825.0;2026-07-08
KONRAD DE CORDAY;8;3;0;22100.0;2026-08-03
KABRIEL;11;0;0;29650.0;2026-08-01
KOOL CRISTAL;6;0;0;15700.0;2026-07-26
KHARTOUM DE LA FYE;3;1;0;8775.0;2026-03-03
JAYZI DU BOURG;6;1;0;15750.0;2026-04-23
JOURUNTOME;6;2;0;15475.0;2026-07-27
JIDEO STREET;5;0;0;14125.0;2026-08-15
HAMYOT DE BOMO;11;0;0;31375.0;2026-08-12
JOLAN BOY;6;0;0;16300.0;2026-06-28
JINGALO BABEL;10;0;0;28075.0;2026-07-22
KAPORAL VISAIS;12;2;0;31600.0;2026-08-10
KATIM DU GOUTIER;3;1;0;8775.0;2026-02-17
JOCKSTRAP;8;0;0;21075.0;2026-07-22
JOE TEJY;14;1;0;36425.0;2026-08-15
IMBRIN BUROIS;10;0;0;27525.0;2026-08-03
JIQUEL;8;0;0;19950.0;2026-08-03
HAYRTON MAGIC;10;0;0;24350.0;2026-07-20
JOJO LAPIN;8;1;0;21100.0;2026-04-13
HERMES DU DON;6;0;0;15000.0;2026-05-08
GO CHICAGO;4;0;0;10750.0;2026-06-01
GAETAN;9;0;0;23000.0;2026-08-10
ISBA BESNOT;8;1;0;20500.0;2026-07-04
IMOKO MADRIK;4;0;0;9875.0;2026-03-10
JIRENZO;15;1;0;40400.0;2026-08-10
FILOU RIEZAIS;3;0;0;7725.0;2026-02-03
MECENE SAUTONNE;6;1;0;15425.0;2026-05-30
MIDNIGHT DAIRPET;5;0;0;12500.0;2026-06-01
MONEYPENNY PAN;8;0;0;20350.0;2026-07-22
MON FAVORI;4;0;0;9950.0;2026-06-20
MONTJEU;1;0;0;2050.0;2026-01-11
MANCEAU DU BRAY;6;0;0;16050.0;2026-06-29
MERLOT GALIUS;3;1;0;7375.0;2026-04-24
MAKILA OIHANEKO;4;0;0;9925.0;2026-06-01
MUGARITZ;4;3;0;9925.0;2026-07-07
MAY DU VIVIER;1;0;0;2050.0;2026-01-11
MANHATTAN DUEM;7;0;0;17950.0;2026-08-15
MADISON PLACE;1;0;0;2050.0;2026-01-11
MAGNUS DE LUCAS;2;0;0;4800.0;2026-05-15
MOUNTAIN VALLEY;3;0;0;7200.0;2026-03-15
KIARA UTINGEOISE;3;0;0;7675.0;2026-04-06
KAMELINE;2;0;0;5250.0;2026-03-29
KEV DE BEYLEV;1;0;0;2625.0;2026-01-11
KASSAV;6;0;0;16375.0;2026-06-01
KADOR DES CHAMPS;1;0;0;2625.0;2026-01-11
KWICK DU PASSAGE;5;0;0;13100.0;2026-07-16
KATOKI;5;0;0;13600.0;2026-03-13
KUEEN DES PRES;1;0;0;2625.0;2026-01-11
KESSY DU PADOUENG;4;0;0;10575.0;2026-04-06
KOKONUT BAINDOR;5;0;0;13425.0;2026-03-26
KURLING ATOUT;11;1;0;28850.0;2026-08-12
KARESSE D'EURVAD;6;0;0;16300.0;2026-06-20
KERIDA DU PADOUENG;3;1;0;7550.0;2026-07-29
KROONER D'ORION;6;0;0;14175.0;2026-06-05
KOOL DU PORHOET;4;0;0;10300.0;2026-04-10
KING'S GAME;5;1;0;13625.0;2026-04-17
ISABELLE GRAND PRE;5;0;0;12800.0;2026-04-19
KEILER DU BAS BOSQ;1;0;0;2575.0;2026-01-11
KALITA DU PADOUENG;4;0;0;10575.0;2026-03-22
JAMAICA VERDERIE;6;1;0;15150.0;2026-06-01
ISLEY GRIFF;2;0;0;5150.0;2026-02-01
JARNAC JULRY;5;0;0;13300.0;2026-04-17
JAMES DU PADOUENG;8;1;0;20925.0;2026-05-17
JAG DE MARCAY;7;2;0;18800.0;2026-07-08
JORDAN CHENEVIERE;7;0;0;18200.0;2026-05-23
KAYCAT WARRIOR;7;0;0;18275.0;2026-06-01
KYLIO DE BERTRANGE;1;0;0;2575.0;2026-01-11
JICKY DE L'ITON;3;0;0;8075.0;2026-02-08
JOYAU DE FAEL;8;0;0;21050.0;2026-07-14
KRAC MICHA;4;1;0;10500.0;2026-04-13
JACEE DULYS;4;0;0;11125.0;2026-03-29
JALNA DE PLAY;2;0;0;5150.0;2026-04-12
LOLITA DU PORHOET;1;0;0;2625.0;2026-01-11
LIFE IN ROSE;1;0;0;2625.0;2026-01-11
LADY MIL;4;0;0;10900.0;2026-03-27
LEONA JELMA;4;0;0;10675.0;2026-07-14
LADY BEGONIA;1;0;0;2625.0;2026-01-11
LUNA BLACK;5;1;0;13000.0;2026-06-20
LADY SUNSHINE;7;0;0;18800.0;2026-06-06
LIGELLA DU VIVIER;1;0;0;2625.0;2026-01-11
LAITUE DE QUERAY;4;0;0;11100.0;2026-04-12
LA CARISAIE;2;0;0;5200.0;2026-04-12
LICORNE QUICK;7;0;0;19800.0;2026-06-05
LORELEI;2;1;0;5425.0;2026-07-14
LUZ DES CHARENTES;4;0;0;10900.0;2026-03-26
LA MOME BEAUFOUR;4;2;0;10775.0;2026-06-05
ICARE DE LA BASLE;4;0;0;10175.0;2026-03-26
IGLIANO DES IRIS;8;2;0;20275.0;2026-08-02
IRIS DU LIVIER;7;3;0;17625.0;2026-08-04
HIVAROSA DU BOCAGE;7;0;0;18575.0;2026-06-24
HUBERUS;1;0;0;2050.0;2026-01-11
INDIGO PLANCHETTE;4;0;0;9125.0;2026-05-24
HERBAGER VRAC;2;0;0;4800.0;2026-02-07
HERCULE DU JOUR;2;0;0;4700.0;2026-07-26
INTUITIF BOY;2;0;0;5000.0;2026-02-27
IVRE DE JOIE;2;0;0;4625.0;2026-02-01
HUMORESQUE;3;0;0;7700.0;2026-08-15
IXIXELLE;2;0;0;4800.0;2026-02-07
JOUR DE JUIN;11;2;0;29125.0;2026-08-07
JARNY DE BERTRANGE;5;0;0;13275.0;2026-05-17
JEFFERSON DE CAREL;2;0;0;5200.0;2026-02-01
JUST BLESS;3;0;0;7800.0;2026-06-17
HADOL D'AUVRECY;5;0;0;12575.0;2026-04-06
HENRI GAILLARD;5;0;0;12550.0;2026-04-06
JOHNDEER DU DROPT;6;0;0;15700.0;2026-04-19
IGGY RUDLAND;6;1;0;16300.0;2026-05-17
HESTIA DES PLAINES;1;0;0;2625.0;2026-01-11
ILANO DE MONGOCHY;3;0;0;8375.0;2026-05-07
GOLD DE BAULON;2;0;0;5200.0;2026-02-09
ILLUSTRE DE CHENOU;5;0;0;12800.0;2026-05-04
NEED FOR LOVE;4;0;0;9500.0;2026-06-02
NIKY WAY;5;1;0;13225.0;2026-08-05
NUMBER DREAM;1;0;0;2425.0;2026-01-11
NARKOS DU CHATAULT;7;0;0;17650.0;2026-05-11
NO TIME DU DONJON;9;2;0;22775.0;2026-06-18
NICE SPEED;8;3;0;20300.0;2026-06-05
NAIADE DE LA NADE;8;0;0;20875.0;2026-08-08
NASHIRA DRY;2;1;0;4575.0;2026-03-01
NATIVITY QUICK;6;1;0;15125.0;2026-05-05
NOCE DE REVE;6;0;0;15125.0;2026-07-18
NOVA DU BOURG;1;0;0;2425.0;2026-01-11
NUNKI QUEEN;3;0;0;7300.0;2026-03-02
NEED YOU AGAIN;10;0;0;25300.0;2026-07-16
NOT GIVE UP GARDEN;4;0;0;10200.0;2026-03-29
NAGODA;2;0;0;5275.0;2026-01-26
NOVA D'ALOUETTE;3;0;0;7400.0;2026-06-20
MAESTRO DELTO;7;1;0;19550.0;2026-07-02
MAKER POULOT;2;0;0;5375.0;2026-07-09
MISTER CAMBRI;1;0;0;2425.0;2026-01-11
MORDICUS;1;0;0;2425.0;2026-01-11
MAGIC SATYNE;3;1;0;7725.0;2026-08-15
MALKER D'ALOUETTE;3;0;0;7575.0;2026-08-11
MOULTI DE LA NADE;2;0;0;5225.0;2026-06-08
MINIMUM;8;1;0;21450.0;2026-07-28
MERAPI;3;0;0;8025.0;2026-05-01
MOSCATO BELLO;1;0;0;2425.0;2026-01-11
MATCH LOVE;8;1;0;19600.0;2026-07-28
MAFIA MIL;6;0;0;15300.0;2026-05-19
MISS DE CHOTA;2;0;0;4825.0;2026-01-18
MIDJI CHALEONAISE;4;1;0;9550.0;2026-08-07
MADRYADE DE CHENU;2;0;0;5375.0;2026-06-29
MAKING MUSIC;6;0;0;16525.0;2026-06-29
MENEUSE DE HOUELLE;11;2;0;28350.0;2026-07-14
MAJORA BELLA;8;0;0;21725.0;2026-06-27
MADAME DELO;4;0;0;9800.0;2026-03-01
MESANGE DE DAIDOU;4;0;0;9375.0;2026-07-26
MISS LADY QUICK;5;1;0;12150.0;2026-08-07
MORGANE DU MOULIN;6;0;0;15375.0;2026-08-08
MELODY MADJI;5;0;0;13050.0;2026-08-15
KENYA DE DALINE;1;0;0;3125.0;2026-01-11
KENNEDY TOUCH;3;0;0;9000.0;2026-05-30
KANDJAR RANAIS;5;0;0;14275.0;2026-07-18
KIMIKO;4;0;0;11650.0;2026-03-22
KALIPSOE DU MELEUC;1;0;0;3125.0;2026-01-11
KOALA MIQUELLERIE;2;0;0;6275.0;2026-01-23
KALYNKA LANDING;5;0;0;13925.0;2026-05-29
KRACDARCHE;9;2;0;24275.0;2026-07-24
KELLE PONT VAUTIER;6;0;0;17075.0;2026-08-06
KILLER ZOFE;8;1;0;20759.0;2026-07-29
KANGOO DU CANTER;5;1;0;14250.0;2026-07-18
KIRIA DE CASTELLE;3;0;0;8975.0;2026-07-04
KARLIE MALCO;5;0;0;14625.0;2026-06-01
KARATE KING;8;0;0;22575.0;2026-08-03
KIBRILLE MONTAVAL;3;0;0;8375.0;2026-02-21
KHEOPS SAINT CLAIR;8;0;0;20350.0;2026-06-23
LONYX;2;0;0;6125.0;2026-01-16
LOUXOR TONIQUE;7;3;0;20600.0;2026-07-28
LOKY D'ANCLEMAX;4;0;0;12000.0;2026-05-14
LOOKING GOOD ER;2;0;0;5550.0;2026-01-21
LASTRONAUT DANOVER;8;2;0;22575.0;2026-08-04
LASCAR DE BEAUM;3;0;0;8525.0;2026-08-08
LOVER FACE BOY;4;0;0;11425.0;2026-03-15
LEGGERO DES RAYERS;2;0;0;5925.0;2026-07-05
L'AS DE LA COUDRE;1;0;0;3125.0;2026-01-11
LIBERE DU BOS;4;0;0;11025.0;2026-06-27
LORENZO DE BUCY;4;0;0;11100.0;2026-08-08
LEADER TUILERIE;7;1;0;18600.0;2026-06-30
LA RIVER D'ECCAM;11;2;0;31500.0;2026-05-16
LAURA DE TOUCHYVON;8;1;0;22375.0;2026-08-07
LOBELYNE NEW LIFE;3;0;0;8675.0;2026-01-28
LOLITA DU MIREL;5;0;0;13850.0;2026-06-11
LIA DE LA MORTRIE;9;4;0;25350.0;2026-06-29
LAGHERTHA DU PONT;8;3;0;23275.0;2026-07-28
LEGENDE D'OLIVERIE;5;0;0;14375.0;2026-08-08
LAURIANE DU RIED;13;0;0;35875.0;2026-08-15
LA VALLEY FLIGNY;6;0;0;16600.0;2026-07-03
LAQUILA WOOD;5;0;0;13350.0;2026-06-14
LIZON DES BORDES;1;0;0;3125.0;2026-01-11
MAKAO DE REVE D'OR;9;4;0;23750.0;2026-07-17
MIASIKA;3;0;0;7375.0;2026-02-26
MADE IN CHENEVIERE;3;0;0;7950.0;2026-06-24
MENJOY QUICK;8;0;0;21725.0;2026-08-03
MERCY STREET;9;1;0;23825.0;2026-08-09
MASTER SMART;8;0;0;22100.0;2026-05-19
MY TOP GIFT;9;0;0;24550.0;2026-04-21
MILANO NELLIERE;4;0;0;10425.0;2026-04-26
MADE IN MOIRE;3;1;0;8525.0;2026-05-04
MASKOTE GARLINOISE;4;0;0;10825.0;2026-06-07
MITRI SALIBA;2;1;0;4875.0;2026-01-20
NINON DE ZIETTE;3;0;0;8525.0;2026-08-15
NOGHERA COUNTESS;8;1;0;19825.0;2026-04-16
NAYAJACQ;4;0;0;10425.0;2026-07-16
NOUCHKA ROYALE;7;1;0;19175.0;2026-06-28
NINA BOURBON;4;0;0;10250.0;2026-04-06
NORA DE BANVILLE;4;0;0;10875.0;2026-08-11
NYMPHADORA TONKS;4;0;0;10975.0;2026-02-16
NYMPHE DE FLEUR;5;1;0;12375.0;2026-06-15
LEWENN DE L'EPINE;2;0;0;5400.0;2026-07-04
LE MAJYC;2;0;0;5350.0;2026-05-10
LIONESS BAR;1;0;0;2700.0;2026-01-11
LIGHTS;4;0;0;10800.0;2026-07-04
LA MIA MUSICA;5;0;0;14325.0;2026-08-08
LAKOUNA DU DOME;3;0;0;7475.0;2026-06-24
LEGENDE CHENEVIERE;8;0;0;20875.0;2026-08-04
LUCIE DES BAUX;4;0;0;11600.0;2026-04-24
LEAMOA;4;0;0;11000.0;2026-08-04
LIAM MAYBE;2;0;0;5550.0;2026-02-22
LE CONCORDE;6;2;0;15825.0;2026-08-08
LIONEL DU DERBY;5;0;0;13725.0;2026-07-04
LISBETH MIX;3;0;0;7500.0;2026-06-14
LE BIBI DAIRPET;3;0;0;7700.0;2026-02-15
JOYEUX DE FONTAINE;4;0;0;10475.0;2026-03-29
JOHN ANGOT;11;2;0;28950.0;2026-06-18
ISTA FREDANO;4;0;0;10800.0;2026-06-14
JUSTE DE MELLERAY;5;0;0;12675.0;2026-07-07
KAI LA SHA;5;0;0;12900.0;2026-06-22
KANKAL;6;0;0;17000.0;2026-07-26
KARINA JOSSELYN;8;0;0;21825.0;2026-07-03
KEOPS DU BUHOT;6;1;0;15525.0;2026-05-15
KEEPSAKE MOSSA;5;1;0;12775.0;2026-08-03
KHALEESI LA VIE;9;0;0;25000.0;2026-07-18
KING SUN DRALIAM;5;0;0;13350.0;2026-08-05
KIMMERIDGIENNE;6;0;0;15900.0;2026-07-29
HOLLY GREEN;13;1;0;31450.0;2026-08-07
IT'S CLASSIC ROCK;5;0;0;13950.0;2026-07-28
ISUTAH;2;0;0;6225.0;2026-01-20
JOLIE COSTARDIERE;11;4;0;30450.0;2026-08-12
JOCKEY CADENCE;3;0;0;7800.0;2026-03-28
JAG DU VEILLEROT;2;0;0;5500.0;2026-07-05
JOLI ALEZAN;2;0;0;5375.0;2026-02-15
JAIN DE JANVILLE;10;0;0;27400.0;2026-07-21
JIVASO EFBE;6;0;0;16825.0;2026-05-31
JULIANA SPIRIT;7;2;0;19150.0;2026-07-14
JE T'ADORE JARL;2;0;0;5375.0;2026-02-15
JACKPOT DU DOME;9;1;0;24325.0;2026-08-05
JANGO DU THANA;3;0;0;8400.0;2026-03-11
JOYCE DE COSSE;5;0;0;13825.0;2026-08-15
JADE DU DAN;3;0;0;7825.0;2026-02-21
JERSEY ISLAND;4;0;0;11000.0;2026-05-08
JOURNAIO DU ROI;6;0;0;15350.0;2026-07-23
JOKER VANCEEN;2;0;0;5500.0;2026-03-29
JETSTREAM GABY;3;0;0;8200.0;2026-06-27
IPPON MAGIC;4;1;0;11075.0;2026-05-09
IPSOS MARANCOURT;3;0;0;7675.0;2026-06-07
IRIS D'AVIGNERE;4;0;0;11150.0;2026-04-12
IKOS PRESS;1;0;0;2700.0;2026-01-11
HOLLYWOOD CHINE;1;0;0;2700.0;2026-01-11
JUNIOR INTRIGANT;2;0;0;5550.0;2026-02-22
HEKI DU COURTILS;5;0;0;13425.0;2026-06-22
JUPANQUIE TONIQUE;2;0;0;5575.0;2026-03-13
ISA TILLAYE;2;0;0;5500.0;2026-06-04
MANOU DES BRUMES;6;0;0;16575.0;2026-07-23
MAGNIFICA JOSSELYN;7;0;0;19600.0;2026-06-02
MATHILDA PIYA;2;0;0;5925.0;2026-07-22
MARIE DES BAUX;7;0;0;19225.0;2026-07-15
MADE IN DAIRPET;3;0;0;7700.0;2026-02-13
MALAGA DE MARZY;8;2;0;22400.0;2026-08-14
MISS MAGIQUE;5;0;0;14075.0;2026-06-11
MARIELOU GLAM;1;0;0;3000.0;2026-01-12
MATINA D'ORLY;7;0;0;19800.0;2026-08-04
MELVIANA;5;2;0;13375.0;2026-04-28
MORENETA;5;0;0;14325.0;2026-05-01
LYPSIE THONIC;4;0;0;10675.0;2026-03-16
LADY D'IDEF;6;1;0;16825.0;2026-05-22
LIBERTA DE MARZY;6;0;0;17050.0;2026-07-05
LUCKIS;6;0;0;15100.0;2026-08-07
LEGENDE D'EOLE;4;1;0;11575.0;2026-07-28
LUCIA DE LA CRIERE;8;0;0;22275.0;2026-08-11
LIBERTE DE L'AUNAY;8;1;0;23225.0;2026-07-11
LOLLIPOP CHANLECY;3;0;0;8975.0;2026-02-18
LINKIA DES APRES;9;0;0;24550.0;2026-07-27
LINA LA RAVELLE;6;0;0;16800.0;2026-08-13
LEON DE SOURCE;8;0;0;20950.0;2026-07-16
LOOPING THONIC;1;0;0;3000.0;2026-01-12
LOUXOR DANICA;3;0;0;7875.0;2026-02-10
LYNX DU RUISSEAU;8;1;0;22950.0;2026-06-11
LE BOSS DANOVER;11;0;0;28400.0;2026-07-20
LOUPIAC DE GODREL;17;1;0;45075.0;2026-08-05
LOUP SOLITAIRE;7;0;0;20025.0;2026-07-28
LUCKY DU DONJON;6;0;0;17425.0;2026-04-23
LASER MAGIC;4;1;0;10825.0;2026-07-10
L'ART DU SOLLIER;3;1;0;8375.0;2026-07-30
LEADER BEACH;6;0;0;17125.0;2026-07-15
JEAGLE DREAM;4;0;0;9984.0;2026-07-24
JERO DE PHYT'S;7;0;0;19650.0;2026-08-06
JOHNNY DU PONT;3;2;0;8400.0;2026-01-25
JACARTO DE HOUELLE;6;1;0;16600.0;2026-08-13
IDO MENDY;7;1;0;20375.0;2026-04-25
INSTINCT D'AUTHISE;6;1;0;17175.0;2026-06-02
HEROS DHELPA;12;0;0;32200.0;2026-08-12
IMPERIALE MIVENCE;8;2;0;23275.0;2026-07-25
IMPACT SPORT;9;0;0;23025.0;2026-06-01
JAD DE CALIX;2;0;0;6150.0;2026-02-01
HUNIQUE;5;0;0;14000.0;2026-05-21
JAGUAR DJOB;6;2;0;17725.0;2026-06-15
JUST A COUET;4;0;0;11775.0;2026-06-17
ICE HAUFOR;5;0;0;13325.0;2026-05-30
KALSIE DES BAUX;3;0;0;8525.0;2026-06-13
KALINE FOUR;9;0;0;24125.0;2026-08-04
KILIA PETTEVINIERE;7;0;0;18725.0;2026-05-01
KIRA D'OBRET;4;0;0;11350.0;2026-07-23
KARA DU BELLAY;1;0;0;3000.0;2026-01-12
KAELLE TURGOT;3;0;0;8525.0;2026-07-02
KINA FOUTEAU;3;0;0;8500.0;2026-03-01
KALIE DREAM;3;0;0;8825.0;2026-03-08
KETY DU GOUTIER;4;1;0;10000.0;2026-06-19
KERIDA DE VIVOIN;1;0;0;3000.0;2026-01-12
KID LEA DRIVER;2;0;0;5450.0;2026-03-05
KETTY ANGOT;3;1;0;7950.0;2026-07-27
KALISCO DE GENNES;4;0;0;11525.0;2026-07-12
KRAC GAILLARD;8;0;0;22825.0;2026-08-07
KARAT DE BUSSET;1;0;0;3000.0;2026-01-12
KIWI DE CHINE;7;0;0;19250.0;2026-08-13
KOBALT APPLE;6;0;0;16825.0;2026-06-01
KORIOLIS DE ZIETTE;5;1;0;14300.0;2026-08-05
KING DU RIL;1;0;0;3000.0;2026-01-12
KAPLA DEVOL;3;0;0;8625.0;2026-06-11
KING LOOK;6;4;0;16525.0;2026-05-04
KOQUIN D'AMOUR;3;1;0;8450.0;2026-03-02
KAID MARTIN;2;0;0;5850.0;2026-06-19
I PLAY POKER;7;0;0;18600.0;2026-08-01
JAYF;2;0;0;5725.0;2026-07-02
JOUR ET NUIT;9;2;0;25625.0;2026-08-13
IDEAL DE BAULON;5;0;0;14325.0;2026-05-31
ISIDORO DIDAN;2;0;0;5950.0;2026-08-15
JOG JELOCA;8;4;0;21500.0;2026-08-04
ISARIO VENESI;4;0;0;11075.0;2026-07-08
JOISO POKER PRO;7;1;0;18200.0;2026-07-18
IBAN DE KARA;6;0;0;15500.0;2026-08-10
JOYCE D'AVEZE;3;1;0;8325.0;2026-02-21
JOKER CASTILUANNE;2;0;0;5950.0;2026-08-05
IMPERATOR DE CARSI;3;0;0;8825.0;2026-05-17
LITTLE CASH;6;3;0;16225.0;2026-06-07
LORD EOLE;4;0;0;10425.0;2026-05-14
LOOK D'ALB;1;0;0;2850.0;2026-01-12
LILI DE POMMERAYE;8;0;0;21750.0;2026-07-30
LED ZEP VET;10;1;0;27225.0;2026-07-16
L'ETOILE DE ROCHE;4;0;0;11300.0;2026-08-07
LUCHADOR;8;0;0;21750.0;2026-04-30
LADY MAJOR;11;0;0;27450.0;2026-08-11
LE SAP;7;0;0;18800.0;2026-08-01
LUX DE LA MESLIERE;4;0;0;9900.0;2026-05-08
LINGUIST D'HERIPRE;6;0;0;16550.0;2026-08-05
LYRE D'ERABLE;8;1;0;21325.0;2026-08-10
LOVE GLORY;4;0;0;9675.0;2026-03-09
LUTECE D'ELA;4;2;0;11225.0;2026-07-11
LA MISS ROYALE;5;0;0;12700.0;2026-08-02
KALINE ERCA;3;0;0;8275.0;2026-02-01
KENZA DE LA BESVRE;5;0;0;13550.0;2026-04-20
KANDIA DUCALE;1;0;0;2850.0;2026-01-12
KINDRED SPIRIT;1;0;0;2850.0;2026-01-12
KALINE DU RABUTIN;7;2;0;19150.0;2026-07-20
KISS ME MENCOURT;10;4;0;27850.0;2026-08-05
KEPHORA;7;0;0;20300.0;2026-07-20
KALLIOPE DU CAIEU;6;2;0;14284.0;2026-08-12
KININE DE MONTCEAU;7;0;0;18400.0;2026-06-22
KAROLINE CADE;7;0;0;19200.0;2026-08-11
KATLEEN REYOR;2;1;0;5725.0;2026-03-17
KITTY PIYA;2;0;0;5400.0;2026-06-14
KINOU DAB;4;1;0;10625.0;2026-04-23
IMANOLO DE LOU;6;0;0;16100.0;2026-08-03
KALMIO DE LOU;8;3;0;19200.0;2026-06-14
JUBII VANG;8;0;0;22125.0;2026-05-06
JET GIRL;11;0;0;29825.0;2026-08-08
KNOK;5;0;0;13575.0;2026-04-13
UN MEC PAASLOO;5;0;0;13950.0;2026-06-19
KOQUERY DU BUISSON;9;1;0;23750.0;2026-06-03
PURE ATLAS;4;1;0;11250.0;2026-04-17
PORTOFINO (SWE);4;0;0;10500.0;2026-03-18
IN LOVE D'ECAJEUL;8;3;0;21575.0;2026-07-30
JENUFA;7;0;0;19625.0;2026-07-23
JUPITER MADRIK;11;1;0;30000.0;2026-07-22
MAESTRO BIARNES;1;0;0;2850.0;2026-01-12
MARIO DE LOU;6;1;0;16225.0;2026-08-10
MAJOR DU COUDOU;4;0;0;11075.0;2026-03-15
MAJOR DE LA BASLE;6;1;0;17050.0;2026-08-05
MY WORLD QUICK;6;0;0;16000.0;2026-07-26
MILLENIUM GALAXY;8;3;0;20800.0;2026-08-01
MILORD DU LORAULT;10;0;0;27600.0;2026-07-29
MONSTER WILLIAMS;9;0;0;23000.0;2026-07-23
MALINGA D'ELA;1;0;0;2850.0;2026-01-12
MADISON MATIDY;1;0;0;2850.0;2026-01-12
MARGATE;4;0;0;10625.0;2026-06-18
MIRABELLA PAULOIS;2;0;0;5000.0;2026-02-04
MISS LOVE BERRY;4;1;0;10675.0;2026-02-27
MANGALYA;9;0;0;22575.0;2026-06-26
MARIE CHARLOTTE;4;1;0;10975.0;2026-05-04
NABUCCO BLUES;7;3;0;18500.0;2026-08-11
NOBLE PETTEVINIERE;6;0;0;16350.0;2026-08-03
NUMERO UNO;6;1;0;15700.0;2026-07-11
NATIF DU MANOLET;7;0;0;18750.0;2026-07-30
NUMBER ONE CHOC;3;0;0;7975.0;2026-07-18
NARCISSE BUROIS;5;0;0;13550.0;2026-03-28
JOLANA JADOR;9;1;0;25600.0;2026-07-28
JAMBALAYA;5;0;0;13450.0;2026-04-26
IN THE SUMMERTIME;4;1;0;11100.0;2026-07-28
JUNIOR D'AVRAN;4;0;0;11500.0;2026-03-29
JUDICIOUS DAYDREAM;8;0;0;20800.0;2026-07-24
IBLISS MAYBE;9;1;0;22850.0;2026-08-13
HUTA JAZZ;5;0;0;13850.0;2026-06-04
GYPSIE MAGIQUE;14;2;0;35525.0;2026-08-07
HIJO MOKO;13;0;0;34500.0;2026-07-21
ISCO DE CORDAY;2;0;0;5550.0;2026-01-20
RUGER;6;2;0;14600.0;2026-08-14
COMPETIVO;4;2;0;11025.0;2026-04-11
KAXIG IN;5;0;0;13050.0;2026-03-04
CONDOR BAR;1;0;0;2850.0;2026-01-13
I LOVE JOSSELYN;7;1;0;18300.0;2026-07-25
ENOCK;5;0;0;13775.0;2026-06-20
EXPRESS D'ARC;4;1;0;11225.0;2026-07-29
ICEBREAKER PELLINI;2;0;0;5500.0;2026-01-26
VALLATONIAN;8;2;0;21600.0;2026-06-27
DIE HARD (ITY);2;0;0;4950.0;2026-02-05
GLOBAL CONCEPT;4;3;0;10300.0;2026-02-15
OSCAR VAN HALBEEK;3;1;0;7050.0;2026-02-22
EVERY TIME WINNER;7;0;0;18125.0;2026-07-12
KENTUCKY IDEAL;4;0;0;9900.0;2026-05-02
JOURNEY OF DREAM;3;2;0;8475.0;2026-02-12
LOUISIANE GIRL;3;1;0;8200.0;2026-03-05
LEXOVIENNE;8;2;0;21750.0;2026-07-11
LUCRECE HAUFOR;6;0;0;16675.0;2026-06-11
LEGENDE SEVEN;6;0;0;15900.0;2026-05-23
LILI BROAY;5;0;0;12300.0;2026-07-07
LYLOU DES THUYAS;8;1;0;20175.0;2026-08-02
LOUVE DE BAIS;7;1;0;17875.0;2026-08-10
LA CALLAS;11;1;0;30875.0;2026-07-31
LYANA D'ARC;7;0;0;15850.0;2026-07-07
LA VISTA HAUFOR;3;0;0;7650.0;2026-02-20
LUNA HAUFOR;3;0;0;7675.0;2026-03-17
LOUNA DU LOCHEUR;6;1;0;15400.0;2026-06-06
LEGENDE DE NILREM;4;0;0;10575.0;2026-07-22
LAMIE DU MESNIL;5;1;0;11700.0;2026-04-24
LATIKA BELLA;4;1;0;9775.0;2026-04-27
LUNA D'ARNHEM;1;0;0;2100.0;2026-01-13
LA STAR DES ISLES;6;0;0;15450.0;2026-06-24
LA MITIDJA;5;0;0;13125.0;2026-07-31
L'ASTRAGALE;1;0;0;2100.0;2026-01-13
MAVINA DES ETANGS;8;0;0;19650.0;2026-08-14
MISS STORY;4;0;0;10075.0;2026-07-25
MA CATHERINECHERIE;2;0;0;4200.0;2026-02-07
MARQUISE GRIFF;3;0;0;6650.0;2026-05-03
MY DARLING HAUFOR;3;0;0;6900.0;2026-02-25
MIDDLE EARTH;2;2;0;4250.0;2026-04-16
MIRTHE DE REUX;7;0;0;17700.0;2026-08-13
MANHATTAN FRANCE;7;0;0;18600.0;2026-06-19
MULANE DU BOCAGE;8;0;0;19900.0;2026-07-29
MEGAFLECHE;4;1;0;10675.0;2026-03-17
MILADY DE MONTCEAU;8;1;0;20725.0;2026-06-19
ECLIPSE GAR;4;1;0;10125.0;2026-03-22
EASY COMPANY;1;0;0;2700.0;2026-01-13
KADOR DU RABUTIN;9;0;0;24300.0;2026-06-20
ECTOR ZL;1;0;0;2700.0;2026-01-13
RED D'OVER;5;1;0;13375.0;2026-08-05
KING OF RACE;5;0;0;13275.0;2026-07-02
KALISCO PLANCHETTE;9;0;0;24250.0;2026-08-13
CONNORS BROLINE;1;0;0;2700.0;2026-01-13
KART HAUFOR;4;2;0;10975.0;2026-03-10
KAPORAL CARISAIE;8;4;0;21325.0;2026-05-22
EVANDRO DEGLI DEI;2;0;0;5400.0;2026-02-22
KEZIO JOSSELYN;7;1;0;18550.0;2026-08-13
KRACUS DE GUEZ;1;0;0;2700.0;2026-01-13
KAIROS DE BOMO;6;0;0;15725.0;2026-04-28
KID DE LA BANIO;8;0;0;20825.0;2026-08-13
KENJY BEL;2;0;0;5300.0;2026-01-18
KILLERMAN;3;0;0;8225.0;2026-02-13
KING GIORGIO;9;0;0;23400.0;2026-08-05
KRISTINA DU CLOS;7;0;0;18200.0;2026-08-12
KIKAR DE BEYLEV;6;0;0;15300.0;2026-06-10
KRISTAL DES MOYEUX;7;0;0;18450.0;2026-07-31
KELLE LOVELY GIRL;2;1;0;5450.0;2026-07-14
KAIROS JULRY;3;0;0;8050.0;2026-07-26
KAIROS QUICK;4;0;0;10950.0;2026-02-25
MISTRAL DES NOIX;4;0;0;10500.0;2026-06-09
MAMBO JENILOU;3;0;0;7900.0;2026-03-01
MESANGE DU PLESSIS;6;1;0;15800.0;2026-07-17
MYSTESS DE CANI;6;1;0;15875.0;2026-06-27
MON IDYLLE;5;0;0;13025.0;2026-08-15
MIA FERM;5;0;0;14225.0;2026-07-22
MONEY SIXTY ONE;10;0;0;26775.0;2026-07-31
MAYBE UP STAR;5;0;0;13300.0;2026-04-15
MELODIE FAVORITE;11;0;0;31125.0;2026-07-15
MILADY DE NIMES;7;0;0;19650.0;2026-08-12
LAIKA SCOTT;3;0;0;7950.0;2026-03-18
LOVE ME JULRY;5;0;0;13250.0;2026-05-10
LADY SALTOR;3;0;0;7950.0;2026-04-25
LEGEND SIXTY ONE;5;0;0;13600.0;2026-08-04
LEGENDE D'OURVILLE;7;0;0;19800.0;2026-07-19
LILONA DU PADOUENG;6;0;0;16550.0;2026-07-14
LA LIFE;6;1;0;15400.0;2026-06-24
LADY DRY;10;2;0;26475.0;2026-08-08
LESLIE DE VANDEL;8;0;0;21275.0;2026-08-10
LOUNA D'OR;8;0;0;19200.0;2026-08-08
ILTON BEAUREGARD;12;2;0;33300.0;2026-07-04
ILLUSTRE BLUE;8;0;0;21500.0;2026-05-30
ICARE DE JAUNOUX;1;0;0;2650.0;2026-01-13
IKELIOS;1;0;0;2650.0;2026-01-13
HED;10;2;0;26575.0;2026-06-07
I SANTO DUSSAC;2;0;0;5200.0;2026-02-08
IRON D'ERONVILLE;8;1;0;21500.0;2026-04-15
ICARE DUNGY;8;1;0;20950.0;2026-07-29
GENIALISSIME;5;0;0;13300.0;2026-02-28
ICARE FILE;13;0;0;33375.0;2026-08-15
GRANITA DES BOIS;7;1;0;17975.0;2026-07-13
ISTINGA BOCAIN;2;0;0;5225.0;2026-02-14
GRANIT PACO;12;0;0;31425.0;2026-08-08
KECOU DE VILLABON;3;0;0;8300.0;2026-04-17
KARLITO SCOTT;4;0;0;10300.0;2026-06-13
KAIROS DU VAL;4;0;0;10900.0;2026-07-05
JOKERO BELLO;6;2;0;16600.0;2026-08-12
JAVA DE NERET;8;0;0;22000.0;2026-07-26
JOIA DE PIENCOURT;3;0;0;8000.0;2026-02-18
JET SET CODIE;11;1;0;29450.0;2026-07-21
JARNAC DE L'ITON;8;2;0;20700.0;2026-08-01
KADENCE MAN;8;0;0;18659.0;2026-08-04
JORGE ARTHUR;5;0;0;13950.0;2026-07-24
JEU DE PARME;6;0;0;16375.0;2026-07-15
JOYEUX D'OUXY;4;1;0;11275.0;2026-03-20
JOKER BODENSEE;6;2;0;17275.0;2026-08-05
JULIANDER;5;0;0;13825.0;2026-07-22
JULES ET JIM;3;0;0;8300.0;2026-06-19
JADA MOKO;11;0;0;28400.0;2026-07-29
JAZZIE DE BERLES;4;0;0;10425.0;2026-03-10
JAGUAR ATOUT;7;0;0;19125.0;2026-07-31
JAKADI DE VAUVILLE;5;0;0;13075.0;2026-02-25
LORIOT;3;1;0;8225.0;2026-03-10
LIDO DU VIVIER;4;2;0;10950.0;2026-03-08
LYNX DES LOYAUX;6;0;0;14900.0;2026-06-10
LORD FAFA;7;1;0;19000.0;2026-04-10
LOOK DES VALLEES;8;1;0;20400.0;2026-07-27
LUTIN D'HERMES;12;1;0;31625.0;2026-08-07
LIBERTIN MAZA;6;2;0;15925.0;2026-08-12
LE BON MAYENNAIS;5;0;0;13350.0;2026-06-27
L'AIGLE;11;0;0;28750.0;2026-08-15
LASINSKY;2;0;0;4950.0;2026-04-15
JUSTAGIGOLO SALLAZ;5;2;0;13750.0;2026-05-07
HAMLET DE L'ITON;3;0;0;7875.0;2026-08-01
GALOPIN FONTAINE;5;0;0;12975.0;2026-08-05
INGENIOUS BOND;11;0;0;28600.0;2026-07-31
JAMAIQUE TURGOT;3;0;0;8225.0;2026-02-03
LOUISON DE FORGAN;6;0;0;16775.0;2026-07-25
LOVAK DE HOUELLE;4;0;0;10600.0;2026-02-23
LUCKY DES LANDES;7;0;0;19150.0;2026-07-23
LOULOUTE DE BOUERE;4;1;0;10975.0;2026-07-12
LIO D'AVEL;7;1;0;19775.0;2026-05-04
LORD THOMAS;6;1;0;15950.0;2026-08-08
LIPTON DU NOYER;6;1;0;16125.0;2026-07-05
LIEGO;6;0;0;16950.0;2026-06-05
LOUBIANA DU BOURG;11;0;0;30600.0;2026-08-11
LUPIN DES TOURS;5;2;0;13675.0;2026-07-29
KOMIFO;2;0;0;5550.0;2026-06-13
KAIROS ECUS;3;0;0;8350.0;2026-08-06
KRONOS DES LANDES;5;0;0;13675.0;2026-07-17
KING OF THE WORLD;1;0;0;2825.0;2026-01-14
KELLY CHALEONNAISE;6;1;0;16350.0;2026-08-03
KIFF DU MANOLET;6;0;0;15175.0;2026-06-15
KERCADIA BARTH;4;0;0;10800.0;2026-07-08
KING DE LA COTE;5;0;0;11850.0;2026-07-02
KARLA JALLERIE;4;1;0;11400.0;2026-06-21
KEEP COOL BELRI;3;0;0;8325.0;2026-08-03
JEDELWEIS D'URFIST;10;1;0;29225.0;2026-07-30
JOKER DU RANCH;5;0;0;14000.0;2026-07-07
KANDICE DU LOISIR;1;0;0;2825.0;2026-01-14
KIKOU D'ALEXIANE;1;0;0;2825.0;2026-01-14
JADE PAROYO;4;0;0;11375.0;2026-06-27
KENTIA DES RIOULTS;2;0;0;5775.0;2026-05-24
JEMMA D'ANARDEL;4;0;0;10975.0;2026-06-08
JOKER DE MARZY;5;0;0;14325.0;2026-07-30
KANSAS DU HOCTI;2;0;0;5700.0;2026-05-04
JELENIA BELLA;6;1;0;17150.0;2026-08-04
KUNAMATATA;4;1;0;11400.0;2026-05-23
JUTONNIERE;5;1;0;12950.0;2026-07-27
JOSEPHA CHOUP;7;1;0;18525.0;2026-05-14
KIWI A TROIS;7;0;0;19375.0;2026-08-03
ISCHIA;3;0;0;9100.0;2026-01-28
KANDEL DE BEYLEV;1;0;0;2825.0;2026-01-14
KILIMANDJARO PLAYA;3;1;0;8400.0;2026-03-10
KETBERNY;8;2;0;19925.0;2026-07-15
KRYSTAL DU RUEL;3;0;0;8000.0;2026-08-07
HERMES DE L'ISAC;3;0;0;8325.0;2026-08-06
KAFU;6;0;0;16975.0;2026-07-27
KASBAH PERRINE;5;0;0;13925.0;2026-08-14
INKY PERRINE;4;0;0;10400.0;2026-03-29
IQUEM;5;1;0;13300.0;2026-03-30
KINGSMAN D'EOLE;6;0;0;16175.0;2026-07-03
JUSTE SNOB;6;1;0;16700.0;2026-06-04
MAGIC COCO;6;0;0;16500.0;2026-05-24
MY QUEEN BLUE;10;0;0;25700.0;2026-07-10
MIRABELLA DU CEBE;6;2;0;16200.0;2026-07-08
MISTIGRIS DU LUPIN;5;0;0;13825.0;2026-07-27
MONZON DU CHATELET;7;0;0;19750.0;2026-08-05
MAMBO DU GOUTIER;2;0;0;4925.0;2026-07-03
LANNISTER D'AVRIL;9;1;0;20500.0;2026-06-27
LA PERLA DE LOU;9;0;0;22850.0;2026-07-28
LEADER DE JOUDES;8;2;0;19275.0;2026-08-01
LUNE DU DOUET;7;1;0;17225.0;2026-04-26
LONDON DELO;3;0;0;6375.0;2026-02-17
LINDSTEDT;4;0;0;9975.0;2026-03-30
LAIKA DES MARES;11;1;0;27475.0;2026-06-27
LALBANE STAR;2;0;0;4800.0;2026-02-06
LARIFLETTE;4;2;0;8250.0;2026-07-01
LYS PETTEVINIERE;9;1;0;22475.0;2026-08-07
HE MISS DEIHA;8;0;0;20850.0;2026-07-05
IX THE BEST;4;0;0;11350.0;2026-03-06
JANGO ELEVEN;5;1;0;13325.0;2026-07-14
GOLD DE LA COUDRE;2;0;0;5700.0;2026-01-30
ITEM BUISSONAY;5;0;0;13925.0;2026-05-26
INSTAR JOKE;3;0;0;8300.0;2026-06-07
ISEO PRIOR;4;0;0;11575.0;2026-07-24
HORACE DU VIVIER;12;0;0;33550.0;2026-08-11
JAWAX DE KERYANN;6;2;0;16000.0;2026-07-30
IN YOU;3;0;0;8700.0;2026-07-04
HYPER HAUFOR;3;1;0;8400.0;2026-02-25
IPSO DU FER;3;0;0;7650.0;2026-02-16
GALOPIN DE CONDE;5;0;0;13775.0;2026-07-11
IDEAL MOSSA;9;0;0;23975.0;2026-08-14
INSIDE;9;0;0;24625.0;2026-08-05
NIACKELLA;3;0;0;7225.0;2026-02-04
NEW YORK FRANCE;3;0;0;7850.0;2026-04-16
NUIT MYSTIC;10;0;0;26325.0;2026-08-07
NILDA LAND;12;1;0;29750.0;2026-08-10
NEUILLY;7;0;0;17650.0;2026-08-12
NATION HAUFOR;4;0;0;9325.0;2026-05-08
NACRE GALAXY;2;0;0;5125.0;2026-04-10
NIKITA ERCA;4;1;0;10600.0;2026-08-10
NEW APPROACH;4;1;0;9775.0;2026-02-22
MYSTIC HAUFOR;4;0;0;10950.0;2026-03-11
MILO JO;5;0;0;12025.0;2026-07-23
MELLOW SPEED;9;6;0;23175.0;2026-08-01
MERCATO MESLOIS;3;0;0;7900.0;2026-03-02
MEDICI DE BUSSET;9;2;0;25150.0;2026-08-12
MAGIK UP STAR;4;0;0;11025.0;2026-07-24
MANNINEN SEVEN;4;1;0;9675.0;2026-02-20
MONTANA BLUE;1;0;0;2700.0;2026-01-14
FIRST TIME ROC;9;0;0;24950.0;2026-07-04
LOUIS VITTON MIJO;9;1;0;24525.0;2026-07-31
FAKIR ROC;1;0;0;2850.0;2026-01-14
LUMINOSITY;5;0;0;13200.0;2026-04-11
LUDIVINE;5;0;0;13100.0;2026-05-23
LIZZANO D'ALOUETTE;6;1;0;15175.0;2026-08-06
LARA DU GOUTIER;3;0;0;8250.0;2026-01-31
LARA DU LERRE;2;0;0;5300.0;2026-03-09
LORD DELO;7;2;0;19000.0;2026-08-05
LISSANDRO;2;0;0;5550.0;2026-01-31
LAPIS LAZULI;2;0;0;5550.0;2026-01-31
LOOKING BOY;9;2;0;23850.0;2026-06-11
LOUKY DE BAULON;7;1;0;19725.0;2026-06-28
LET'S GO HAUFOR;4;0;0;11525.0;2026-08-15
LEAD ME ON;16;2;0;41700.0;2026-08-08
LUCKY PORT;5;0;0;13050.0;2026-04-19
LAERTE DU GOUTIER;4;0;0;9775.0;2026-07-26
LUCKY CASTELETS;6;0;0;15025.0;2026-05-08
LUKARI DE FONTAINE;8;2;0;21600.0;2026-08-05
LORD DES GRANGES;7;0;0;18200.0;2026-08-02
LOOPING MIL;8;1;0;20975.0;2026-08-01
LORD DAIRPET;4;0;0;11100.0;2026-03-11
LOGO MAJYC;1;0;0;2700.0;2026-01-14
CHITCHAT;5;3;0;11700.0;2026-04-11
HISTORIC DAY;4;0;0;10925.0;2026-08-08
HYDROMEL;11;0;0;28950.0;2026-07-31
HOLD UP RANAIS;4;0;0;9100.0;2026-08-12
GUCCI DE BARB;3;0;0;6950.0;2026-03-17
TURE L.A.;2;0;0;4800.0;2026-02-28
GUMP DU PONCELET;4;1;0;10325.0;2026-05-02
FORREST GUMP SET;6;1;0;14725.0;2026-08-08
GLAMOUR YOMA;8;0;0;20225.0;2026-08-08
GRAZIELA D'EL;5;0;0;12450.0;2026-04-23
FALCO DU HAMEL;2;0;0;5625.0;2026-01-20
NICE PRESENT;5;0;0;13050.0;2026-06-05
CHESTNUT (SWE);4;0;0;9600.0;2026-02-22
FERGIE HIGHLAND;2;0;0;4800.0;2026-02-01
CERTAINLY (SWE);8;0;0;20350.0;2026-08-07
GOELAND DE JANZE;4;0;0;10500.0;2026-03-31
NIOKY DE BAILLY;1;0;0;2175.0;2026-01-15
NIMEO FLOWER;6;0;0;14975.0;2026-08-12
NEW MONEY;3;0;0;7075.0;2026-05-19
NAXOS DIBAH;1;0;0;2175.0;2026-01-15
NAOS DES MARETTES;3;0;0;7075.0;2026-02-19
ERGA OMNES PAR;1;0;0;2700.0;2026-01-15
EMY STECCA;1;0;0;2700.0;2026-01-15
ETOILE DU OZ;2;0;0;5400.0;2026-02-19
ESEDOMANI;3;1;0;7925.0;2026-04-07
KRACOTTE VERGNIER;7;2;0;19925.0;2026-08-15
KEVIVE DE MAIL;7;0;0;18650.0;2026-06-01
KAMELIYA;5;0;0;13425.0;2026-06-14
KELLY D'ERABLE;5;2;0;13250.0;2026-08-11
KALIKA DU LEVANT;5;1;0;14275.0;2026-06-25
NICE STEEL;6;1;0;15325.0;2026-04-24
KIARA DE LANDEMER;6;0;0;15259.0;2026-08-11
KANTARELLE;3;0;0;8300.0;2026-07-24
RAGAZZA DU CHENE;8;1;0;20375.0;2026-08-12
KOH PHI PHI ISLAND;4;1;0;11475.0;2026-08-13
LARIANO;9;2;0;23300.0;2026-08-06
LOULOU DAB;3;1;0;8250.0;2026-02-27
LAHIRE DE NAPPES;5;0;0;13975.0;2026-06-13
LEGACY JIEL;10;1;0;27575.0;2026-08-06
LEADER D'AIMTE;6;1;0;17025.0;2026-07-18
LAGNU MAG;9;0;0;23950.0;2026-08-06
LE PRIEURE;1;0;0;2700.0;2026-01-15
LOBBING DE BLARY;7;1;0;18825.0;2026-06-06
LE VOYOU D'ALMO;1;0;0;2700.0;2026-01-15
LOUSTIC DE SALOMAX;4;1;0;11125.0;2026-04-18
MALIUM;8;3;0;21350.0;2026-07-01
MALICIOSO;1;0;0;2175.0;2026-01-15
MISTHOS CHRISTAL;7;1;0;15500.0;2026-08-01
MINUS DE CHENU;7;0;0;16925.0;2026-07-18
MALDRIC D'ECHAL;8;0;0;19575.0;2026-07-04
MAMBO DRY;2;1;0;4875.0;2026-02-01
MUST DE CAHOT;5;2;0;11400.0;2026-06-15
MORETIME DU CAMPUS;7;1;0;17575.0;2026-08-03
MILLE SABORDS DIVO;4;0;0;9900.0;2026-02-20
KENNEDY FRANCE;7;2;0;15550.0;2026-07-29
KEMPEL DE GUEZ;5;0;0;14125.0;2026-08-01
KID PARKER;9;0;0;23575.0;2026-08-14
KAISER DES GRANGES;10;0;0;26800.0;2026-07-01
KRAKEN CASTELETS;6;0;0;16150.0;2026-08-03
KHARNAS;6;0;0;15875.0;2026-06-11
KARMA;4;0;0;10675.0;2026-07-16
KOALA BLUE;7;1;0;18900.0;2026-07-19
KING GEORGES;6;0;0;16200.0;2026-06-19
KATCHI QUICK;9;7;0;23100.0;2026-08-05
KOMPANY VINCENT;7;3;0;20175.0;2026-07-20
KONG D'HOLLOW;3;1;0;7500.0;2026-03-19
KISS ME SIMON;5;0;0;13275.0;2026-06-20
LUMIERE DU TREZON;4;0;0;11550.0;2026-05-01
LA FLEUR JIBAY;1;0;0;3125.0;2026-01-15
L'AGATHE VAUCEENNE;6;0;0;17225.0;2026-07-12
LOUVIANA;3;0;0;8625.0;2026-05-08
LUTECE DE L'ITON;2;0;0;6000.0;2026-03-17
LISBETH DE BANNES;5;0;0;14600.0;2026-07-09
LA LA LAND;4;0;0;12100.0;2026-06-22
L'AVENTURE D'ANSY;2;0;0;5925.0;2026-06-04
LOVE TO RUN;3;0;0;7875.0;2026-08-07
LIBRE SAUTONNE;4;0;0;10600.0;2026-03-29
LOUVE DE CHANLECY;3;2;0;9150.0;2026-07-28
L'AS DU PERCHE;10;1;0;27525.0;2026-07-21
LAZIO DES TOUCHES;4;2;0;12075.0;2026-04-22
LOOK DES LANDES;6;1;0;17250.0;2026-08-08
LORD PAGUERIE;7;0;0;19450.0;2026-08-04
LADISLAS DU CANET;2;0;0;6250.0;2026-02-07
L'IRLANDAIS;4;0;0;11300.0;2026-08-08
LAVATER GEDE;3;0;0;8650.0;2026-05-10
LABEL DE CHENU;3;0;0;8800.0;2026-06-17
LOUJYO VITA;4;0;0;11150.0;2026-08-04
L'ARTISTE DE BOMO;2;0;0;5875.0;2026-08-07
LODEN D'HERFRAIE;9;2;0;24450.0;2026-07-27
LOTUS MADRIK;9;1;0;26300.0;2026-08-12
KAMIL VAN HALBEEK;4;0;0;10050.0;2026-03-07
JUST HAUFOR;2;0;0;4500.0;2026-05-04
KARAIELLA BOND;7;0;0;17600.0;2026-08-14
JAZZ VERONE;6;0;0;16525.0;2026-07-10
KEOPS BEGONIA;5;1;0;13000.0;2026-08-01
KELLER DE L'ITON;7;1;0;18125.0;2026-07-15
KOH I NOOR;6;1;0;16875.0;2026-07-28
KAZA ROCK;1;0;0;2350.0;2026-01-15
KASH QUICK;6;3;0;15325.0;2026-07-24
JETLAG DE BEAUFOUR;7;0;0;18250.0;2026-06-20
KORSIKO;7;0;0;17925.0;2026-08-13
JEWELKIM;8;0;0;21950.0;2026-08-15
KALAMITY DE CHENU;6;1;0;14700.0;2026-08-07
MILKSHAKE;8;1;0;20050.0;2026-06-30
MENTOR DU BOUILLON;3;0;0;8050.0;2026-02-24
MON ROI;9;0;0;23250.0;2026-06-20
MALICIEUX A JOJO;4;0;0;10200.0;2026-03-28
MENTOR DE VILLABON;2;0;0;4700.0;2026-01-28
MEDOC DES GLENAN;1;0;0;2350.0;2026-01-15
MOGADOR;4;0;0;10375.0;2026-05-27
MON CARAT TONIQUE;4;1;0;10675.0;2026-06-30
MARVEL;5;0;0;13125.0;2026-07-02
MAJOR DE LARRE;8;0;0;20300.0;2026-05-30
MISTER DES GLENAN;2;0;0;4550.0;2026-05-30
MAN ON THE MOON;5;1;0;12200.0;2026-08-07
MONIA SEVEN;5;0;0;13175.0;2026-07-13
MADO;4;0;0;9325.0;2026-03-19
MALINKA DE GENNES;8;0;0;19850.0;2026-07-12
MISS BABY DU SURF;6;0;0;16225.0;2026-08-15
MONEY DU CHATELET;5;1;0;12650.0;2026-07-23
MILONGA DU CHENE;2;0;0;5050.0;2026-02-05
MAQUENZA DU BOCAGE;3;0;0;7500.0;2026-03-30
MIDNIGHT CHENU;6;0;0;15700.0;2026-05-12
MIA STEJELO;12;0;0;31250.0;2026-06-14
MOETE DE BELFOND;3;0;0;7825.0;2026-07-16
NELSON DE CHANLECY;5;3;0;11409.0;2026-07-18
NEWCASH DE PHYT'S;1;0;0;2350.0;2026-01-15
NORTHWOOD;4;0;0;10400.0;2026-06-15
NERPRUN;6;0;0;14025.0;2026-08-12
LE CARAT D'AS;9;1;0;24250.0;2026-06-01
LOUPIOT JACTA;1;0;0;2950.0;2026-01-15
LEDZEP;7;1;0;18700.0;2026-07-27
LEONARDO DE LOU;4;0;0;10650.0;2026-05-23
LOUP INDIEN;4;4;0;10925.0;2026-07-13
MA LEA DU GUESCLIN;7;0;0;18875.0;2026-05-23
MAC DUEM;3;0;0;8075.0;2026-02-19
MELODISYVA;8;0;0;18900.0;2026-08-14
MARPA D'IROISE;5;1;0;12850.0;2026-06-17
MY FIRST LADY;5;0;0;13225.0;2026-08-15
MEMORY STAR ELGE;10;2;0;27500.0;2026-08-15
MILADY CASTELETS;4;0;0;10675.0;2026-03-26
MENTHE A L'EAU;4;0;0;10475.0;2026-04-05
MILLEPASSI;6;0;0;15675.0;2026-06-19
MY DREAM DU GRAIS;10;2;0;27125.0;2026-07-07
INEDIT DU PAVILLON;8;0;0;20975.0;2026-08-14
GALA PRIMEUR;1;0;0;2750.0;2026-01-15
I AM EAGLE;7;0;0;17500.0;2026-07-13
HARLEY DE QUARO;6;0;0;15250.0;2026-07-13
HEURE BLEUE;8;1;0;20750.0;2026-07-04
JACANA;6;2;0;16250.0;2026-07-25
HORIZON DU THAY;6;0;0;15650.0;2026-07-24
JETPACK;8;0;0;21450.0;2026-08-07
ILOU FIRST RICHER;8;0;0;21275.0;2026-06-07
HARLEM DE L'ITON;7;1;0;17775.0;2026-07-27
INCREDIBLE GO;5;0;0;13025.0;2026-08-04
LORD DU GRAIS;6;0;0;17200.0;2026-08-15
LABUAN BAJO;3;0;0;8200.0;2026-02-09
LISSANDRO D'ARC;8;0;0;22250.0;2026-07-09
LITTLE ATOUT;2;0;0;5575.0;2026-02-01
LEMON CURD;5;1;0;13650.0;2026-07-29
LORKY RED;11;5;0;29250.0;2026-08-10
L'AMI DE LANCOUR;8;0;0;21700.0;2026-06-05
LIBRE PENSEUR MEEK;2;0;0;5700.0;2026-07-03
LINOS DU GOUTIER;1;0;0;2950.0;2026-01-15
LUPIN DE BEAUFOUR;4;0;0;10800.0;2026-02-14
LASCO DES LUCAS;1;0;0;2950.0;2026-01-15
LOVALIE ROC;4;0;0;10850.0;2026-03-13
LIBERTY DU RIF;2;0;0;5350.0;2026-03-29
L'ETOILE MASCAR;5;0;0;14275.0;2026-07-14
LENA ZEN;10;0;0;26600.0;2026-06-27
LA VOICI DU PERCHE;5;0;0;13500.0;2026-04-05
LOVELY MARINA;1;0;0;2950.0;2026-01-15
LIBERTINE ECAJEUL;4;0;0;10475.0;2026-05-23
LEGYPTIA DE GUEZ;2;0;0;5900.0;2026-02-07
NABUCCO JIJI;6;1;0;15325.0;2026-05-30
NICE PACE;5;1;0;12650.0;2026-04-30
NUAGE DE MONTCEAU;3;0;0;8500.0;2026-07-14
NO RISK FLIGNY;9;0;0;23875.0;2026-07-27
NISLANDA;4;1;0;10800.0;2026-04-03
NINIA DOUNA;2;0;0;5100.0;2026-02-07
NATIF DES CAILLONS;5;1;0;14050.0;2026-07-13
ISHOOP;5;0;0;12100.0;2026-06-01
IDEAL DE LANDEMER;3;0;0;7250.0;2026-05-17
IVANHOE DU FIER;1;0;0;2150.0;2026-01-15
IBACA;2;0;0;4725.0;2026-02-01
JURQUES;5;0;0;12825.0;2026-05-30
IMPEC DE BERTRANGE;11;3;0;28375.0;2026-06-20
ISLAND WIND;4;0;0;9525.0;2026-04-19
JAZZIE MARIVALOISE;2;0;0;4550.0;2026-04-06
MON REVE A MOI;5;1;0;13700.0;2026-07-16
MISTER DE SUBLIGNY;6;0;0;16600.0;2026-06-13
MENDEL DE L'ITON;11;0;0;31225.0;2026-06-07
MIRACLE D'ALEXIANE;5;1;0;14450.0;2026-07-18
MIKADO;5;1;0;13275.0;2026-06-20
MILZANO DU BOSSU;9;0;0;24575.0;2026-07-02
MON DE CHEVALERIE;2;0;0;5800.0;2026-04-27
MEGAFLO BELLO;11;2;0;31225.0;2026-08-12
LERMINIG OLIVERIE;3;0;0;8350.0;2026-04-05
LOVELY LANDIA;1;0;0;3000.0;2026-01-16
LHASSA DU SCION;6;1;0;16650.0;2026-08-04
LIESSE DU CHENE;8;2;0;22825.0;2026-07-25
LUIGIA JIBELA;5;0;0;14425.0;2026-06-27
LIYAVA;7;0;0;20150.0;2026-06-04
LEMBELIE VERDERIE;3;0;0;8625.0;2026-02-21
LAYANA DE HOUELLE;2;0;0;5275.0;2026-01-25
LUCRECE DE CORDAY;9;1;0;23625.0;2026-08-02
LA MOME DE CAHOT;6;0;0;15950.0;2026-07-18
LA JOCONDE;4;0;0;11375.0;2026-08-13
LEGENDE INDIGO;3;1;0;8975.0;2026-05-12
LAURENCE MADRIK;6;1;0;15625.0;2026-08-11
LYPSTIC ATOUT;4;0;0;9825.0;2026-05-18
LOVER DES BROUSSES;9;0;0;24925.0;2026-08-04
LEO PERRINE;4;0;0;10175.0;2026-03-17
L'ESPOIR BELRI;5;0;0;14000.0;2026-08-03
LUIGI PAULCA;8;0;0;22175.0;2026-07-16
L'EXPRESS DE PLAY;4;0;0;10225.0;2026-06-25
LUDO SANTIGNY;2;0;0;5700.0;2026-03-02
LIL BOSS ONLY;7;1;0;18525.0;2026-06-09
LOUSTIC DE FLAM;9;2;0;23725.0;2026-07-24
LE DUC DE SEVRES;4;2;0;11125.0;2026-03-11
KALISTA D'AVRIL;1;0;0;3000.0;2026-01-16
KENZO DE L'ETOILE;3;0;0;8650.0;2026-02-15
KASSEL BERG;4;0;0;11350.0;2026-07-08
KENZO D'IQUAINE;3;0;0;8725.0;2026-08-06
KASH DU LIROT;3;0;0;8425.0;2026-02-15
KOSTA BUROISE;5;0;0;13700.0;2026-03-28
KAM DEGE;5;1;0;14075.0;2026-07-17
KADOR SPIRIT;1;0;0;3000.0;2026-01-16
KARELLE DU DORAT;7;2;0;19600.0;2026-07-18
KISMIE DE MEMARTIN;3;0;0;8175.0;2026-07-17
KASH DE TILLARD;5;2;0;13125.0;2026-06-05
KING D'EB;2;1;0;5550.0;2026-01-26
KARNAC D'ALCI;5;2;0;13550.0;2026-08-15
KIM DE BEAUM;8;0;0;22825.0;2026-08-15
KAJOU JOSSELYN;3;1;0;7250.0;2026-02-11
KARMA DE BEAUFOUR;3;0;0;8200.0;2026-03-06
JOYEUSE DU PORTO;3;0;0;8925.0;2026-02-08
KELLE BELLE JASMA;7;1;0;20275.0;2026-08-02
JAZZ D'OURVILLE;9;0;0;24625.0;2026-06-02
JAVA DE BOITRON;11;2;0;31225.0;2026-07-30
KOOL GEORGES;7;0;0;20125.0;2026-07-16
JAZZ DE PADD;6;2;0;15875.0;2026-06-12
JACADI BROUETS;8;0;0;22600.0;2026-07-30
IRELLO;1;0;0;3000.0;2026-01-16
IBOY DES TITHAIS;5;0;0;14250.0;2026-07-30
IDOLE DE LA TOUQUE;2;0;0;5150.0;2026-02-07
HISTOIRE D'ELLE;1;0;0;3000.0;2026-01-16
IGLOO DE BEAULIEU;3;0;0;8050.0;2026-07-10
I STILL LOVING YOU;6;3;0;16350.0;2026-05-29
HUELVA DUPEROUZEL;1;0;0;3000.0;2026-01-16
IQUITO PLANCHETTE;6;1;0;16400.0;2026-08-02
FUNNY HORSE;2;0;0;5700.0;2026-03-30
IRMYLA DE SOMMAIRE;6;1;0;15725.0;2026-06-12
IMAGE CHARENTAISE;8;0;0;23075.0;2026-07-30
HETRE D'OURVILLE;5;0;0;14100.0;2026-08-12
GOLD PEJI;2;0;0;5100.0;2026-05-13
LADY FLO DE MAX;10;2;0;27600.0;2026-08-11
LAMIA DU VIVIER;5;0;0;12575.0;2026-07-30
LHOCIEMA;5;1;0;13025.0;2026-03-24
LA REINE MARGOT;7;1;0;16525.0;2026-08-13
LADY DU VALLON;8;1;0;20475.0;2026-07-28
LUTECE SMART;8;0;0;20850.0;2026-08-05
LUNE SMILE;9;0;0;23475.0;2026-06-09
LAIA D'AVRIL;6;0;0;14300.0;2026-06-08
KONTIO DE LOU;6;0;0;16150.0;2026-04-13
KAYAK;11;3;0;29200.0;2026-08-07
KITKO TEJY;13;2;0;35175.0;2026-08-13
KABYLIE DES EDEL;5;0;0;13250.0;2026-07-13
KALL ME CENSERIE;6;1;0;16600.0;2026-05-21
KOUGAR DE SIMM;9;3;0;24175.0;2026-08-03
KING HEUVELLAND;1;0;0;2925.0;2026-01-16
KISS D'EREVAN;5;0;0;14775.0;2026-06-19
JUP AND STAR;8;1;0;21825.0;2026-08-15
KASH SNIPER;10;0;0;25550.0;2026-08-03
KELMEC;4;4;0;10850.0;2026-03-25
JOIE DE BERTRANGE;8;0;0;21725.0;2026-04-06
KALENCIO FLAC;7;2;0;19700.0;2026-08-03
JOSS CAPELLO;8;0;0;22850.0;2026-07-04
JOCONDE TURGOT;4;0;0;10100.0;2026-06-12
GAUDEPSOU;5;0;0;13800.0;2026-04-29
HONEY KING;8;0;0;22150.0;2026-05-20
HOOPER DES CHASSES;7;1;0;19200.0;2026-07-29
HIGH FIRE DAIRPET;5;1;0;13750.0;2026-08-13
ILLUSTRE FERM;8;1;0;22475.0;2026-08-07
JIM PERRINE;1;0;0;2700.0;2026-01-16
HERODE DU CORTA;7;2;0;19100.0;2026-07-25
INFERNO PIPER;2;1;0;5550.0;2026-01-29
IRISH NICE ELGE;7;0;0;18275.0;2026-08-12
IRON D'ESPOIR;10;0;0;25418.0;2026-08-08
FUCHSIA DU RIB;4;0;0;11400.0;2026-03-07
GAI LOGIS;6;1;0;16325.0;2026-03-10
KEADYE CASH DU DAN;4;0;0;11250.0;2026-06-13
KYRIELLE DES MONTS;4;0;0;10900.0;2026-03-04
KARA MARIS;3;0;0;8550.0;2026-02-10
KLAIRE DE PLAY;11;1;0;27900.0;2026-08-01
KAIPIRINHA;9;0;0;23325.0;2026-07-17
KELLY DU RIL;2;1;0;5850.0;2026-02-10
KALAGA DU CADRAN;7;0;0;18925.0;2026-08-10
KISMIE DE MONTFORT;4;0;0;10925.0;2026-03-03
KISS THE MOON;9;1;0;23625.0;2026-05-15
MAMZELLE CARLESS;11;1;0;28325.0;2026-08-12
MA COPINE FLAC;8;1;0;21900.0;2026-08-13
MOON IN THE SKY;8;0;0;21125.0;2026-07-17
MAMBA DES DURIEZ;7;0;0;17150.0;2026-08-12
MISS MARGOT;12;0;0;32500.0;2026-08-13
MANOLITA;6;0;0;15450.0;2026-07-12
MA FELICITE;5;0;0;13150.0;2026-07-17
MARIE BASHKIRTSEFF;4;1;0;9825.0;2026-04-03
MONA LISA GEDE;7;1;0;19325.0;2026-08-13
NOSTRA DE L'ETRE;3;0;0;8000.0;2026-02-10
NEEDLE OF DEATH;7;0;0;17275.0;2026-07-11
NININE DES FLOTS;7;0;0;18700.0;2026-05-08
NOTHING FOR MONEY;4;0;0;10925.0;2026-02-17
NISSA STAR;9;0;0;23575.0;2026-08-10
NOLAN QUESNOT;7;0;0;18500.0;2026-07-29
NASSANDRA;4;3;0;10950.0;2026-05-26
NALA DE SMARVES;8;0;0;20675.0;2026-06-05
MYSTIC BOND;10;0;0;25900.0;2026-08-10
MAD DREAM;9;0;0;25050.0;2026-04-03
MADNESS DOLCE;7;0;0;18150.0;2026-05-09
MONTENEGRO;10;0;0;25750.0;2026-06-20
MANGO CASTELETS;5;3;0;12850.0;2026-08-01
MAGELLAN FOR CLARA;9;1;0;23000.0;2026-08-12
MAESTRO DE BENOISE;5;0;0;14175.0;2026-08-05
NORD AMERICAINE;6;0;0;15150.0;2026-05-26
NOT FOR FUN;6;0;0;16400.0;2026-08-13
NO WORRY;5;0;0;13500.0;2026-06-05
NEW QUALITY;3;0;0;7575.0;2026-05-19
NESPERA;2;0;0;5575.0;2026-07-25
NEREIDA;5;0;0;13150.0;2026-07-25
NYMPHE D'ELLE;5;1;0;12450.0;2026-05-26
LIBERTA MESLOISE;3;0;0;7500.0;2026-02-13
LEDA MESLOISE;4;0;0;10350.0;2026-04-10
LA DIVA SUPREME;7;0;0;16050.0;2026-07-09
LARA DE CHENU;1;0;0;2700.0;2026-01-17
LUMINOUS STAR;6;0;0;15525.0;2026-05-30
LITTLE STAR FLEURY;8;1;0;21800.0;2026-06-13
LILI DRY;5;0;0;13875.0;2026-04-11
LALUNA DES FORGES;7;2;0;18975.0;2026-08-14
LOVELY DU VALLON;4;0;0;10175.0;2026-07-18
LADY DADA;5;0;0;14250.0;2026-08-06
JOLYDOLE;6;0;0;16450.0;2026-07-08
IVRIG VIKING;7;1;0;19700.0;2026-07-29
ICONE D'ERABLE;2;0;0;5550.0;2026-01-29
INHERIT;8;0;0;22200.0;2026-08-09
JASMINE DE VAU;1;0;0;2700.0;2026-01-17
IRON DU GERS;9;2;0;23375.0;2026-08-10
ICARE DU BERYL;11;0;0;28250.0;2026-07-19
JALENDRA DE MALAC;5;1;0;14025.0;2026-07-13
HIGH PROPULSION;3;0;0;7500.0;2026-02-22
JESON BOY;2;0;0;4800.0;2026-02-22
IRON MESLOIS;7;1;0;18400.0;2026-05-15
JASON GINYU;4;0;0;11200.0;2026-07-19
MISS DE LA FERME;9;0;0;21400.0;2026-07-11
MY CHARMING;2;0;0;5175.0;2026-05-14
MIRABELLE DE LARRE;7;0;0;18650.0;2026-08-13
MERRY RIVER;9;0;0;22575.0;2026-07-18
MONEY MONEY PIYA;2;0;0;4875.0;2026-06-19
MARION D'HAFLING;1;0;0;2175.0;2026-01-17
MAGIQUE HAUFOR;3;1;0;7725.0;2026-02-28
MARVA CALENDES;3;0;0;6425.0;2026-05-06
MENTHE FRAICHE;6;0;0;14100.0;2026-07-11
MISS DE LA COTE;9;0;0;24050.0;2026-08-13
MAKARINA DE BOMO;5;0;0;13050.0;2026-07-31
MISS DISCO;6;1;0;15625.0;2026-08-06
COMBAT FIGHTER;4;0;0;9750.0;2026-02-22
KILLIAM FROMENTRO;2;0;0;4950.0;2026-01-25
ICEBREAKER (DEN);3;0;0;7050.0;2026-02-08
JONGLEUSE DE LUNE;4;1;0;10159.0;2026-03-08
JEWELCANDLE FAC;1;0;0;2850.0;2026-01-17
INDUS VAL;7;2;0;18300.0;2026-06-13
HEADSCOTT;6;0;0;16450.0;2026-07-11
HARISON DU PLESSIS;5;0;0;13775.0;2026-07-12
DOLCE VIKY;1;0;0;2850.0;2026-01-17
JEEGHA PRIDE;1;0;0;2850.0;2026-01-17
INO DU LUPIN;7;1;0;19500.0;2026-06-30
FULTON;8;0;0;21284.0;2026-07-25
KARVINA D'ELA;11;1;0;29000.0;2026-08-12
KAYA DU SAPTEL;4;0;0;11350.0;2026-08-02
KARA D'OR;6;1;0;16400.0;2026-08-02
KAROLENE D'ETANG;2;0;0;5700.0;2026-01-31
KLASS HAUFOR;3;0;0;8550.0;2026-02-15
KALINKA DU GRENAT;6;2;0;15675.0;2026-06-11
KASSYA;8;2;0;22200.0;2026-07-24
KELLY JANE;3;1;0;8350.0;2026-03-18
KALINE DU LOCHEUR;5;0;0;14125.0;2026-06-19
KANAKA DE BUSSET;10;0;0;27000.0;2026-08-03
KUEEN'S PRIDE;3;1;0;8500.0;2026-03-18
MELODY DE L'EPINE;10;0;0;27075.0;2026-08-05
MUSE DE BEYLEV;5;0;0;13350.0;2026-04-26
MEDUSA DU PONT;7;0;0;19150.0;2026-07-26
MACARENA;7;1;0;18925.0;2026-07-22
MAYA PONT VAUTIER;3;1;0;8100.0;2026-07-25
METALLICA SMART;4;0;0;10450.0;2026-05-05
MISS MOCCA;6;2;0;16525.0;2026-06-19
MAJESTE DAB;3;0;0;7800.0;2026-07-29
JAVA DE ROUAISSE;9;0;0;22000.0;2026-07-14
JOSVIL;3;0;0;7375.0;2026-07-28
JASPER DU BELLAY;8;0;0;22075.0;2026-07-14
JOSIO DU POMMEREUX;7;1;0;18150.0;2026-06-20
JAFAR DE FAEL;2;0;0;5375.0;2026-07-14
IBIS DE FRECA;9;2;0;24275.0;2026-07-12
HIRO DE LA LUNA;6;1;0;16200.0;2026-04-19
ISBA DU DOME;6;1;0;14950.0;2026-05-30
JUNTA DES THIRONS;11;1;0;28450.0;2026-07-30
JOURNEE A LA GRAVE;10;1;0;24950.0;2026-07-14
HOMME D'ETAT;1;0;0;2575.0;2026-01-17
JEAN NO DU MARGAS;4;0;0;10575.0;2026-06-10
JOYAU DE BELLANDE;1;0;0;2575.0;2026-01-17
MARLEY QUICK;3;0;0;8075.0;2026-04-03
MAYA DES BAUX;6;0;0;16325.0;2026-07-13
MY DREAM DES MONTS;4;0;0;10275.0;2026-06-17
MONEY AIMEF;12;1;0;33475.0;2026-08-13
MEDEE DU VIVIER;7;0;0;19125.0;2026-08-01
MAJOR DU PADOUENG;4;0;0;10475.0;2026-07-14
MISSION DU GILET;5;1;0;12850.0;2026-05-23
MAGNUM DAIRPET;8;1;0;21825.0;2026-06-20
JASMIN DHELPA;3;0;0;7425.0;2026-03-22
JEUNE PRODIGE;1;0;0;2575.0;2026-01-17
JUNIOR DU VIVIER;11;3;0;28800.0;2026-08-15
JOYEUSE DE LAVANCE;4;0;0;10375.0;2026-05-24
JALNA DU PALAIS;3;0;0;8075.0;2026-03-26
JICOMTE;3;0;0;8275.0;2026-04-17
JUSTIN DE MARCAY;5;1;0;12825.0;2026-03-13
JAVA DE CAPONET;6;0;0;16200.0;2026-04-26
JUST ELGE DESBOIS;5;3;0;13675.0;2026-03-29
JESSY D'ARCY;5;0;0;12625.0;2026-05-29
GENERAL D'AMOUR;8;1;0;21825.0;2026-07-01
HA YES MAX;6;0;0;15250.0;2026-05-30
KOOL AND THE GANG;3;0;0;8425.0;2026-03-07
HAKIM DES CHAMPS;6;4;0;15350.0;2026-07-12
ILTON CASH;6;0;0;15025.0;2026-05-17
GAVROCHE DU GADE;9;0;0;23650.0;2026-07-13
IRRATI DUEM;7;0;0;16625.0;2026-05-17
HILAIRE DES PLANS;5;0;0;12325.0;2026-04-12
KAVALEUR D'ENFER;5;3;0;13500.0;2026-06-07
KING DRY;12;1;0;30600.0;2026-08-03
INVICTUS MADRIK;3;0;0;7650.0;2026-04-19
LEADER BAROQUE;5;0;0;12950.0;2026-04-13
LIMBOURGOIS;2;0;0;5275.0;2026-01-26
LE LAUREAT DU PARC;7;3;0;19000.0;2026-08-12
LUCIDE CASTELETS;5;0;0;12175.0;2026-05-15
LIKELY DU PADOUENG;4;0;0;10725.0;2026-05-21
NASON;7;0;0;18675.0;2026-07-13
NOUMEA D'AMOUR;9;0;0;23900.0;2026-07-27
NUBA DE PERVENCHE;9;1;0;24150.0;2026-08-07
NORTON KADESH;2;0;0;5275.0;2026-02-22
NEMESIS DU METZ;6;0;0;15550.0;2026-05-23
NEZHA DU PATURAL;5;0;0;13075.0;2026-03-22
NORMAN DE BLARY;3;0;0;8375.0;2026-04-20
NEVIDENCE ROC;3;0;0;6925.0;2026-06-05
NARRETEPAS GIO;6;1;0;15700.0;2026-04-03
MOON DE MONTCIANT;6;0;0;15450.0;2026-06-24
MAHRANA DU HAUTY;6;0;0;15500.0;2026-07-30
MANY LOULOU;2;0;0;4100.0;2026-01-29
MILADY D'ALEX;6;0;0;15150.0;2026-07-03
MA BELLA DE JED;10;1;0;25100.0;2026-08-08
MON ENIGME;5;0;0;13225.0;2026-08-03
MYSTIQUE LOULOU;5;2;0;12750.0;2026-05-10
MANITA D'ESPOIR;7;0;0;17200.0;2026-08-15
MAM'ZELLE GEM;7;0;0;16650.0;2026-08-09
MADAME BUTTERFLY;7;0;0;17300.0;2026-08-05
MISS DU RABUTIN;5;1;0;12000.0;2026-08-04
MONTOYA;2;0;0;4850.0;2026-08-01
MAVRIK CHICHEVET;9;1;0;20675.0;2026-07-21
MISTRAL DES SABLES;4;0;0;9550.0;2026-05-21
MAIK DU HAUTVENT;7;0;0;17550.0;2026-04-26
MERKEL DE CURBINS;7;1;0;17700.0;2026-08-01
MEGA HORSE;3;0;0;6800.0;2026-02-08
MAGIC DU SABLIER;10;0;0;25200.0;2026-08-08
MINERAL DE PLAY;2;0;0;4100.0;2026-02-08
MICHEL ANGE;6;1;0;14800.0;2026-04-15
LIBERTY DU MORTIER;8;0;0;21650.0;2026-06-19
LAGON DES BROUETS;8;0;0;20075.0;2026-08-09
LEADER CATZ;6;1;0;15050.0;2026-07-26
LEADER DES RIOULTS;10;0;0;25850.0;2026-06-27
KATIEU DE COUZAN;6;0;0;16900.0;2026-06-13
KEIKO DU CHALET;5;0;0;13400.0;2026-07-26
KALIN ELDE;4;2;0;10650.0;2026-06-15
KANNIBAL LEKTOR;3;0;0;8000.0;2026-05-03
KILL BILL MARGOT;10;0;0;26000.0;2026-07-21
KAWASI JACK;4;0;0;10650.0;2026-05-03
KILLER CHARM;3;0;0;8050.0;2026-02-16
KAPORAL DU JOUR;3;0;0;8000.0;2026-06-28
KISS ME DOMPIERRE;7;1;0;15875.0;2026-05-17
JUSTE PARFAITE;3;0;0;6950.0;2026-06-18
IDYLLE EVER;8;1;0;18125.0;2026-07-14
HULK DU SABLIER;8;0;0;21000.0;2026-08-01
IRA STAR;10;0;0;25200.0;2026-08-09
KEROS DES BAUX;6;2;0;15200.0;2026-08-02
KHEOPS AIREMME;8;0;0;21700.0;2026-07-10
HYPOLIT DE BEL AIR;9;0;0;23225.0;2026-08-08
INVAR HIGHLAND;3;0;0;7575.0;2026-03-16
ISA DES GENIEVRES;1;0;0;2050.0;2026-01-17
JEZABELLE BEZILLAT;4;0;0;10000.0;2026-03-16
INCAS D'EURVAD;8;1;0;20175.0;2026-08-09
ILIADE DU GOUTIER;9;2;0;22250.0;2026-08-09
JACKIE IS BACK;4;0;0;9209.0;2026-07-01
JANOT DE TOUCHYVON;8;0;0;21500.0;2026-07-14
JALENCIA BELLA;7;0;0;19475.0;2026-08-15
JOLIE ARCTIC;7;0;0;19150.0;2026-08-02
JAMY DE SAMPANGES;6;0;0;15875.0;2026-07-14
JEANNOT DU SABLIER;10;0;0;27300.0;2026-08-09
JOLLY LOOK;8;0;0;21450.0;2026-07-25
JALEZIO;9;2;0;24425.0;2026-08-09
JAWENN DE KERYANN;1;0;0;2700.0;2026-01-17
JOHNNY MIX;8;4;0;21875.0;2026-07-28
JENJOY MAYBE;7;1;0;17050.0;2026-06-13
JIRARDIERE MERITE;6;1;0;15200.0;2026-06-30
JULIAN DARK;9;1;0;23525.0;2026-08-15
JOFESCA BUISSONAY;5;1;0;13475.0;2026-07-25
KATINKA MIXO;2;0;0;5425.0;2026-01-25
KOLYTA DU CHENE;5;0;0;13300.0;2026-07-26
KELLY DU LYONNAIS;6;1;0;15875.0;2026-07-17
KAMELIA DE BUSSET;4;0;0;10700.0;2026-08-04
KAVALE DE BOLERO;6;0;0;16325.0;2026-07-21
KAEDI DJOC;1;0;0;2700.0;2026-01-17
KAZANKINA SPORT;4;1;0;10675.0;2026-08-02
KIMBRA DJOC;5;0;0;13500.0;2026-07-17
KEIRA SMART;6;0;0;16450.0;2026-06-07
KALLISTEE;12;1;0;31825.0;2026-07-10
KYARA;2;0;0;5250.0;2026-01-26
NEO WYNN;7;0;0;17075.0;2026-05-07
NOBLE CHARM;7;0;0;16000.0;2026-08-01
NEW YORK D'ATOUT;4;0;0;9900.0;2026-02-19
NEUVILLOISE;5;2;0;13050.0;2026-07-28
NALA FAB;7;0;0;18250.0;2026-06-14
NAPOLI'S GIRL;2;0;0;5750.0;2026-03-29
NEW GIRL DU MATIN;3;0;0;8025.0;2026-03-18
NIKITA DE MONCHEL;7;0;0;17575.0;2026-07-10
NUTSY DU COQ;8;0;0;22500.0;2026-07-14
NYX DE VAL;2;1;0;5275.0;2026-04-22
NEMESIS DE BOISNEY;1;0;0;2875.0;2026-01-17
NAKOA D'OURVILLE;10;0;0;26250.0;2026-06-06
NASHIRA RUSCINO;11;1;0;27475.0;2026-07-01
MAGNUM PRECIEUX;1;0;0;2875.0;2026-01-17
MAJOR MAB;2;0;0;5025.0;2026-01-24
MON ARTISTE EFBE;5;0;0;12900.0;2026-06-29
MEANDRE;4;0;0;11150.0;2026-02-22
MAX GALBE;3;0;0;7875.0;2026-02-01
MAESTRO D'IDEE;5;0;0;13900.0;2026-07-02
MOZART D'ELORAC;5;0;0;14175.0;2026-05-02
MAESTRO DE PAGERIE;7;0;0;19225.0;2026-07-28
MAYSONN;6;0;0;15975.0;2026-08-07
MIDNIGHT DANCER;2;1;0;5075.0;2026-03-02
LADY DE MONGUERET;6;0;0;16600.0;2026-07-19
LORCA DAIRPET;5;0;0;13500.0;2026-07-19
LELY DU MONCEL;3;0;0;8325.0;2026-05-23
LIBRE D'ESTHER;1;0;0;2875.0;2026-01-17
LILY BIRD DU ROYAL;2;1;0;5675.0;2026-05-03
LADY BELL;6;0;0;15800.0;2026-08-09
LEIA JIEL;3;0;0;8700.0;2026-02-15
LAMBADA DE KACY;4;0;0;10975.0;2026-05-28
LA BELLE DE BEYLEV;9;0;0;25050.0;2026-07-23
LEANE DU PARC;9;0;0;22625.0;2026-07-17
INDIANA D'AMOUR;3;0;0;8900.0;2026-07-19
ISEULT DE BELLOU;1;0;0;2875.0;2026-01-17
IZARRA XURIA;4;0;0;10525.0;2026-04-23
KALYPSO DREAM;5;1;0;13975.0;2026-07-21
KIFILE DANICA;5;0;0;13325.0;2026-06-08
JIMMY DU GAZON;6;0;0;16500.0;2026-07-29
KENZO DE LA FYE;1;0;0;2875.0;2026-01-17
JUSSIE;8;1;0;22500.0;2026-08-12
JUMP WITH ME;7;1;0;19750.0;2026-06-22
JUDIE DE TOUCHYVON;4;1;0;11150.0;2026-03-01
JEANBAT DANOVER;4;0;0;10875.0;2026-04-17
HECTOR DE MONE;1;0;0;2875.0;2026-01-17
JOY DU CHERISAY;3;0;0;7800.0;2026-06-22
I LOVE DU CHERISAY;7;0;0;19425.0;2026-07-21
HOLA DE BOUERE;4;0;0;10275.0;2026-03-19
LUGANO;11;0;0;29575.0;2026-08-12
LET IT SNOW;5;0;0;13200.0;2026-04-10
LIGHTNING JIEL;3;0;0;7825.0;2026-08-12
LUCKY MESLOIS;6;2;0;15475.0;2026-08-12
LORD SUN DRALIAM;7;0;0;20075.0;2026-08-15
LAWMAN;6;0;0;16950.0;2026-07-09
LUCIFER DU CAIEU;7;1;0;18800.0;2026-07-09
LUCKY LOVE;6;1;0;14950.0;2026-08-03
LITYGE DE CYM;1;0;0;2850.0;2026-01-18
L'ARC;8;0;0;18950.0;2026-07-07
NOTABLE;3;1;0;7575.0;2026-04-17
NOVECENTO;10;0;0;25400.0;2026-08-14
NIKKEI PONT ROYAL;4;1;0;10800.0;2026-05-06
NEW SUCCESS;1;0;0;2700.0;2026-01-18
MAJOR DU BISTON;5;0;0;12525.0;2026-06-19
MOHAWK;7;2;0;17550.0;2026-08-06
MEA CULPA;7;0;0;16650.0;2026-05-06
MAMBO DE JAUDRAIS;3;0;0;6450.0;2026-02-15
MANHATTAN JIEL;2;0;0;4275.0;2026-02-15
MEYOU DU CAMPUS;3;0;0;7500.0;2026-05-19
MALUMA D'ANGIS;6;0;0;15750.0;2026-05-06
JOYCE DES GRANGES;9;1;0;23350.0;2026-07-29
JENNY DE JOUDES;1;0;0;2700.0;2026-01-18
JORIA MESLOISE;4;0;0;11075.0;2026-07-23
JITANE VALLEE;6;1;0;17075.0;2026-08-09
JANE CASH;5;1;0;13250.0;2026-07-31
JETIDA;8;2;0;21500.0;2026-06-12
JOY JENILOU;7;0;0;18150.0;2026-06-12
IN RACE LORRAINE;6;2;0;14600.0;2026-03-30
JESTA BUISSONAY;4;0;0;11325.0;2026-03-11
JAFLOSA GIRL;3;1;0;8250.0;2026-02-26
HEXCELLENTE;1;0;0;2700.0;2026-01-18
JUSTICIA SMART;4;0;0;11175.0;2026-06-04
IMAGE D'ATALANTE;11;0;0;26050.0;2026-08-12
JOBIC KERGWEN;6;0;0;16350.0;2026-07-24
JOKER DU PONT;6;2;0;14625.0;2026-06-07
JEAN DES GLENAN;1;0;0;2175.0;2026-01-18
JOKER DU CHOQUEL;5;0;0;13075.0;2026-08-13
JACKPOT D'ORGUEIL;12;1;0;26625.0;2026-07-23
JAGUAR DE DALINE;3;0;0;7575.0;2026-03-13
JERONIMO DU CAUX;8;0;0;20750.0;2026-06-01
JEANNOT BUISSONAY;1;0;0;2175.0;2026-01-18
JADE;7;0;0;17775.0;2026-07-31
JASMIN VIVANCIERE;8;1;0;21925.0;2026-07-02
JARVIS;2;0;0;4325.0;2026-07-23
JOEY DU NOYER;4;2;0;10825.0;2026-06-14
JARDYLAND;8;0;0;20450.0;2026-08-13
KASH DES CAILLONS;5;0;0;12609.0;2026-08-08
KARNAC WOOD;7;2;0;19225.0;2026-07-17
KRACKMANIA;4;0;0;11150.0;2026-05-14
KENO PETTEVINIERE;9;1;0;23975.0;2026-08-03
KOTKIE;7;1;0;18975.0;2026-07-20
KNOCKONWOOD;9;0;0;22625.0;2026-08-06
KARMA POWER;1;0;0;2700.0;2026-01-18
KOOL DES CHAMPS;2;0;0;5400.0;2026-05-13
KAVIARISSIME;4;0;0;10450.0;2026-04-04
LUNELLA LEMAN;6;2;0;16600.0;2026-08-05
OMERTA BOKO;7;0;0;18425.0;2026-07-04
FELDENKRAIS PAL;1;0;0;2700.0;2026-01-18
FELLOW WISE AS;5;0;0;11859.0;2026-04-18
LORD DU GERS;3;1;0;8100.0;2026-02-22
LITTLE BROWN;7;1;0;18750.0;2026-08-14
KEOPS DU CHATAULT;9;1;0;23650.0;2026-07-13
JACOBS CREEK;2;0;0;5575.0;2026-01-25
KEONA DELALANDE;10;0;0;27425.0;2026-07-31
IDEAL DU BRIEU;8;0;0;19900.0;2026-08-15
MAELLIA;4;0;0;10300.0;2026-06-20
MONEYTIME DUCAMPUS;9;2;0;23450.0;2026-08-12
MAE DU RILER;2;0;0;5300.0;2026-02-08
JIVAGO DE BEYLEV;4;0;0;10650.0;2026-02-28
JAIZKIBEL;6;1;0;16150.0;2026-07-29
JACK DU TRUFIER;2;0;0;5225.0;2026-02-14
JANTALINE;8;0;0;21600.0;2026-08-06
JOB DE CORDAY;8;1;0;21700.0;2026-08-04
JOLI CHARMEUR;8;0;0;20900.0;2026-08-13
JOLI MEC D'AMOUR;11;4;0;30100.0;2026-07-27
IBERICO;12;0;0;31650.0;2026-08-12
JAGUAR JENILOU;7;0;0;19975.0;2026-07-22
JUST FOR YOU;7;0;0;17150.0;2026-08-13
INDESKAYA BIRD;12;0;0;33725.0;2026-08-13
INTERMEDE DU RIL;2;0;0;5575.0;2026-02-03
JUST D'HERIPRE;12;0;0;32250.0;2026-08-15
DINGO (ITY);2;0;0;5175.0;2026-04-07
HATOUT DE CONNEE;5;0;0;13300.0;2026-08-02
JUST VERY NICE;2;0;0;5350.0;2026-02-22
HELIOT DE GACHERE;1;0;0;2650.0;2026-01-18
HANA D'OCCAGNES;10;0;0;23493.0;2026-08-08
ILLICO DU JAS;11;2;0;29200.0;2026-08-07
IDEM DU PONT;1;0;0;2650.0;2026-01-18
KAPTAIN DE CRISTAL;4;0;0;10850.0;2026-08-04
KALL ME SIXTY ONE;1;0;0;2650.0;2026-01-18
KRAC DE CAZOULENE;6;0;0;16600.0;2026-04-04
JOJO DE BOURGOGNE;5;0;0;12950.0;2026-07-26
KAWESAQUEL;5;0;0;13000.0;2026-05-21
JUST SIXTY ONE;1;0;0;2650.0;2026-01-18
KORIGANE DE LARA;3;0;0;7975.0;2026-03-29
KOOKEY MELODY;3;1;0;8500.0;2026-02-26
KOUROUKA BLUE;4;0;0;11225.0;2026-05-01
JUST PRETTY ONE;3;0;0;8275.0;2026-02-12
KALIE WOOD;6;1;0;15925.0;2026-05-15
L'OCEAN;5;0;0;12850.0;2026-03-13
LA QUICK;3;0;0;6950.0;2026-07-28
LUCINDA WELL;4;0;0;10950.0;2026-07-12
LAURA DE CREPIN;5;1;0;13900.0;2026-05-30
LETTY DE BEYLEV;8;0;0;21900.0;2026-08-05
LISBETH;5;1;0;12000.0;2026-08-02
L'AMIRAL DARLING;6;0;0;15250.0;2026-07-15
LAVAMA;7;1;0;17650.0;2026-08-13
NARNIA PAN;5;1;0;13950.0;2026-04-10
NELLY DES CHARMES;5;1;0;13225.0;2026-05-30
NIGHT BEL;3;0;0;7725.0;2026-03-06
NUBIA TURGOT;6;0;0;14500.0;2026-04-24
NORTON DU GOSIER;4;1;0;9700.0;2026-06-05
NOVELINA;2;0;0;5450.0;2026-07-14
NAPOLEON PAN;3;0;0;7550.0;2026-04-02
MAKALOU DE FRAMIST;2;0;0;5275.0;2026-07-12
MAORI CREEK;2;0;0;5225.0;2026-02-01
MARIO D'HAFLING;4;0;0;11075.0;2026-07-12
MEULON;1;0;0;2650.0;2026-01-18
MOCKLYN DES TORONS;2;0;0;5200.0;2026-02-08
MALICIA FELLA;1;0;0;2650.0;2026-01-18
MAC TYSON;2;0;0;5300.0;2026-01-26
MAGNUM COCO;4;0;0;10550.0;2026-04-24
MILORD DU CORTA;3;0;0;7875.0;2026-04-12
MASH POOK;3;0;0;7800.0;2026-04-12
MOONLIGHT LA NUIT;6;0;0;15500.0;2026-07-13
MINDWOOD DE GRAVEL;2;0;0;5225.0;2026-02-01
KANDIE DU BASSIN;3;0;0;7350.0;2026-06-05
KORALIE D'ISQUES;10;2;0;27500.0;2026-06-26
KIMONO DU CAIEU;6;0;0;16500.0;2026-08-04
KENTUCKY SCARLET;7;0;0;18325.0;2026-07-26
JERSEY BLEUE;2;0;0;5050.0;2026-06-01
KRONOS D'EOLE;3;0;0;6959.0;2026-06-30
JOYAU WINNER;4;0;0;11200.0;2026-04-17
KAPRIJKE CALENDES;5;2;0;12850.0;2026-06-05
KAPEO;5;2;0;12325.0;2026-08-07
KRISTALE TONIC;5;0;0;13725.0;2026-03-29
KINGSTON DU GOSIER;6;0;0;15825.0;2026-07-12
KEEPING JYL;4;1;0;10975.0;2026-06-17
KLANT D'OLIVERIE;3;0;0;7850.0;2026-06-17
INROCK DU BELLAY;4;0;0;10425.0;2026-06-17
KRISTOBAL;7;1;0;17475.0;2026-07-26
JASMIN LUDOIS;1;0;0;2650.0;2026-01-18
IRMINIG D'OLIVERIE;6;1;0;15775.0;2026-04-24
IN LOVE DE CHARDET;5;0;0;12300.0;2026-07-23
HADES DE SUCE;6;1;0;15975.0;2026-07-29
JAGUAR DU LONDEL;6;0;0;16550.0;2026-07-14
JUGEMENT D'AVE;6;1;0;14625.0;2026-07-30
KEL AIR D'EOLE;4;1;0;11350.0;2026-03-28
JET JET JET;7;1;0;18775.0;2026-07-25
JAZZ PAT;7;2;0;18075.0;2026-07-29
IVAN DU JAYLE;5;0;0;14050.0;2026-06-01
KIO JOSSELYN;1;0;0;2650.0;2026-01-18
KIRIKOU DU DROPT;2;0;0;4800.0;2026-06-05
KLEONTE;1;0;0;2650.0;2026-01-18
KASH GAGOU;3;0;0;8075.0;2026-06-13
KINDER LONDE;1;0;0;2650.0;2026-01-18
KITALPHAR;7;1;0;18750.0;2026-06-20
KIFILL CHOISI;4;0;0;10800.0;2026-06-17
KOOL DE LA GRAVE;1;0;0;2650.0;2026-01-18
KER MIEL;4;3;0;11100.0;2026-04-17
KOSAK DU FER;10;2;0;26125.0;2026-07-17
KATMAI;12;3;0;33200.0;2026-08-13
KRISTAL DU PALAIS;8;0;0;20600.0;2026-06-16
KAMARO;1;0;0;2650.0;2026-01-18
LE TENOR DE MAUVES;7;2;0;18550.0;2026-07-12
LOUSTIC D'ARKOZ;3;0;0;7800.0;2026-05-10
LIBECCIU;3;0;0;7750.0;2026-04-12
LEGRAND BRILLOUARD;9;0;0;23550.0;2026-08-06
LOULOU D'ORTUGE;3;0;0;7675.0;2026-05-01
LUZ JELOCA;8;2;0;21625.0;2026-07-19
LE ROI;1;0;0;2550.0;2026-01-18
LORD ESPERANZO;1;0;0;2550.0;2026-01-18
LUTIN DU PLATEAU;5;0;0;12875.0;2026-05-17
LASER QUICK;5;3;0;13575.0;2026-08-04
LARSON DU MARNIS;3;1;0;8450.0;2026-06-30
KALINE JULMA;3;0;0;8175.0;2026-04-24
KYRIELLE DEVOL;4;0;0;11600.0;2026-02-22
KILDALONE CREEK;2;0;0;5200.0;2026-02-22
KATRINA DE MARZY;4;0;0;9459.0;2026-07-01
KESSOY GALBE;3;0;0;8425.0;2026-03-29
KALPINA ORIENTALE;3;0;0;8000.0;2026-04-06
KISS ME DU BOULAY;5;0;0;13550.0;2026-06-20
KELLE NANA;3;0;0;8175.0;2026-04-12
KIRKENESSE;5;1;0;12475.0;2026-06-20
KAPTA JELOCA;6;3;0;15725.0;2026-04-02
KESHUA;1;0;0;2650.0;2026-01-18
KIERA MAGIC;6;0;0;14975.0;2026-07-12
KALIE PRIMO;2;0;0;5100.0;2026-05-30
KOURSE MAGIC;4;0;0;10625.0;2026-08-06
NABUCCO DES ARRIS;9;1;0;22600.0;2026-06-09
NELSON VOLTIGEUR;7;0;0;17275.0;2026-05-04
NESTOR DI MOKO;6;1;0;14800.0;2026-07-17
NEW BABY DOLLAR;6;3;0;15725.0;2026-06-27
NICE GALAXIE;3;0;0;6775.0;2026-04-25
NIKITA DE MAGNY;10;0;0;24875.0;2026-08-09
NOTO;4;0;0;8850.0;2026-06-23
NOW AND THEN;8;0;0;20350.0;2026-05-15
MA BICHE BEZILLAT;6;0;0;14050.0;2026-05-03
MARCUS DU HAUTVENT;3;0;0;7325.0;2026-03-18
MIDI DE GUERINIERE;4;1;0;10200.0;2026-05-21
MYKERINOS;6;0;0;14950.0;2026-07-01
MELINE DE MONGOCHY;7;1;0;18500.0;2026-06-16
MIAMI DES BROUETS;7;1;0;16400.0;2026-06-28
METEOR DU CORTA;2;0;0;5250.0;2026-04-05
MARIA DE CANI;5;0;0;12950.0;2026-07-13
MISKA DE L'ETANG;5;0;0;12000.0;2026-07-28
MOGADOR JEALILY;6;0;0;16700.0;2026-06-10
MILORD GRIFF;5;0;0;11675.0;2026-08-04
MINUTIEUSE;6;0;0;14675.0;2026-08-04
LAO DE NAPPES;6;0;0;14509.0;2026-08-02
LOVE LAND LOVA;9;2;0;24825.0;2026-08-07
LE DESTIN;6;0;0;15625.0;2026-08-02
LEXUBERANDS;4;0;0;9950.0;2026-07-28
LOU GEHRIG;4;2;0;11050.0;2026-06-20
LUCKY MIX;5;0;0;13425.0;2026-05-21
LOOK AT ME;8;1;0;20225.0;2026-08-08
LEAR DE DOMPIERRE;4;0;0;11200.0;2026-06-12
LILY DE CHICHEVET;6;0;0;15600.0;2026-07-21
LEMON DE LA VALLEE;8;1;0;20900.0;2026-06-27
LE GRAND MASSIF;9;1;0;23725.0;2026-08-10
HAPPY COGLAIS;4;0;0;9975.0;2026-04-05
HELL DREAM VET;4;0;0;9400.0;2026-03-09
FIGARO DE BUSSET;6;0;0;16150.0;2026-07-01
GIANT MEC;2;0;0;4700.0;2026-03-09
FALCO DA VINCI;2;0;0;4950.0;2026-03-13
GRAAL DE MY;2;0;0;5525.0;2026-08-02
HEROS DES LOYAUX;5;0;0;14000.0;2026-05-25
IMPACT CASTELETS;7;1;0;17650.0;2026-05-09
GOLD DE LA COTE;4;0;0;9450.0;2026-03-09
IDAHO SPRINGS;2;0;0;5350.0;2026-01-31
HAKA;2;0;0;5250.0;2026-03-28
GALION VOLSIN;1;0;0;2650.0;2026-01-18
GIPSY THORIS;1;0;0;2650.0;2026-01-18
KARUSO SCOTT;3;0;0;7500.0;2026-03-10
KESARO FIRST;4;0;0;9359.0;2026-07-04
KALINKA KOP;6;0;0;16475.0;2026-08-09
KIWI PHIL;3;0;0;7950.0;2026-04-12
KOURASI LEPINE;3;0;0;8225.0;2026-08-08
KEYSTONE OAKS;7;0;0;19250.0;2026-05-29
KOUTBOL;4;0;0;10475.0;2026-04-06
KARAMEL DU PIC;4;0;0;10850.0;2026-06-28
KALISKO;4;1;0;10900.0;2026-08-04
KEATANA DU METZ;6;1;0;15750.0;2026-07-17
KAPORAL MARANCOURT;5;0;0;12200.0;2026-08-02
KINDER SEVEN;5;0;0;13400.0;2026-08-04
KAD DES ANDRAUX;2;0;0;5300.0;2026-02-01
KALIFORNIE;4;0;0;11500.0;2026-04-22
ICLO;5;1;0;13575.0;2026-07-28
HERMINE DU SABLIER;7;0;0;18950.0;2026-04-19
ITEM DE MONTCIANT;9;0;0;23275.0;2026-07-14
ISCHIA SAINT CLAIR;6;0;0;14450.0;2026-06-23
HACH DES CAPELLES;9;0;0;24000.0;2026-07-14
INUKSHUK;6;1;0;15100.0;2026-07-29
HOLYFIELD SPORT;4;0;0;11250.0;2026-06-30
HELLO BOY DU PIC;13;0;0;34750.0;2026-07-21
JURAE VET;9;1;0;23950.0;2026-08-01
ANOTHER CREATION;1;0;0;2650.0;2026-01-18
GENET DE BOITRON;2;0;0;4800.0;2026-03-17
IL VIENT DU LUDE;9;1;0;24650.0;2026-07-29
JAENERYS;1;0;0;2650.0;2026-01-18
JAIKA DES BORDES;8;1;0;19309.0;2026-07-19
IDAHODARCHE;5;0;0;12900.0;2026-07-25
JECKO DE MORGE;2;0;0;5600.0;2026-06-29
ISIS DE REYNALD;4;0;0;10800.0;2026-08-02
JOUVENCE;6;1;0;16750.0;2026-05-28
JESSIE DU HAUTVENT;4;0;0;10950.0;2026-03-27
HORTANCE FOLLE;1;0;0;2650.0;2026-01-18
IVAN LENDEL;4;0;0;10675.0;2026-08-07
ILLUSTRATION ECLAT;9;0;0;23775.0;2026-06-28
IZZIA HIGHLAND;4;0;0;11475.0;2026-05-10
JAZZY JOSSELYN;8;1;0;21475.0;2026-08-13
JOYEUX DE L'INAM;2;1;0;5500.0;2026-02-24
NAKISKA;3;0;0;7625.0;2026-02-08
NESKA DU GERS;5;0;0;12750.0;2026-05-30
NEVADA PIERJI;4;1;0;9825.0;2026-04-09
NEW ROGER;6;2;0;15500.0;2026-07-24
NIKE DE JANEIRO;4;0;0;10000.0;2026-05-15
NIKOS DALY;3;0;0;7275.0;2026-08-08
MOYANO;5;0;0;13275.0;2026-07-22
MAESTRO D'ERI;2;0;0;5275.0;2026-04-04
MIGHTY RUN;8;1;0;20700.0;2026-07-05
MON TRESOR;1;0;0;2400.0;2026-01-18
MUSTANG D'ARLINE;5;0;0;13200.0;2026-05-08
MISTRAL DE MAJULE;3;0;0;7950.0;2026-05-12
MILORD DU THEIL;1;0;0;2400.0;2026-01-18
MIRAGE RENARDIER;1;1;0;2400.0;2026-01-18
MAILLOTINE DE CYM;2;0;0;5200.0;2026-03-22
MAVIVA;5;0;0;13200.0;2026-04-24
MERYL DE BOUP;4;0;0;10700.0;2026-08-05
METEORITE DU CAIEU;3;0;0;7725.0;2026-04-24
MILADY D'AS;6;1;0;15600.0;2026-07-31
MOUNA MOON DRALIAM;2;0;0;4975.0;2026-02-01
MAIA D'OCTAV;1;0;0;2400.0;2026-01-18
MAQUINA LOCA;2;0;0;4975.0;2026-02-01
MAJESTIC LADY;1;0;0;2400.0;2026-01-18
MERALDA;5;0;0;13275.0;2026-07-13
MIA SAINT BAR;4;0;0;10625.0;2026-06-19
JUDICY DE VIVE;4;1;0;11025.0;2026-03-08
JUDIYAMA;3;0;0;8250.0;2026-07-13
JOUEUR TURGOT;1;0;0;2400.0;2026-01-18
JERK QUICK;6;1;0;16525.0;2026-07-15
JANETTE TY;11;2;0;28775.0;2026-07-29
JAVA DE LANGERON;5;1;0;11559.0;2026-07-15
JUSTAUCORPS;7;0;0;18500.0;2026-08-14
JASMIN DANOVER;6;0;0;15625.0;2026-03-25
JOLIE CADENCE;5;0;0;13100.0;2026-08-05
JAOUEN;8;0;0;19134.0;2026-08-13
JESSY DES PISTES;2;0;0;5525.0;2026-01-28
JUSTIN DES MARAIS;7;0;0;19250.0;2026-06-15
JISA DES LOYAUX;4;0;0;11100.0;2026-08-06
JOUEUR DANICA;6;1;0;16900.0;2026-08-06
JACKSON DU TRESOR;3;0;0;8850.0;2026-06-28
JOKER DE LA CRIERE;5;0;0;14375.0;2026-07-28
IDAMES;4;0;0;11825.0;2026-05-30
JELLY JAMM;5;0;0;13500.0;2026-07-24
JOPLIN DES CROUAS;11;0;0;28125.0;2026-07-28
IPSOS DE BANVILLE;7;0;0;20575.0;2026-06-23
IMPERATOR D'EM;6;1;0;17550.0;2026-06-30
IDOLE JALLERIE;4;3;0;10050.0;2026-06-05
HELALI DE MONTCEAU;10;0;0;24300.0;2026-07-04
LALICA JAC;4;0;0;11525.0;2026-02-26
LORD D'OURVILLE;5;0;0;13925.0;2026-06-17
LORD ON WAY;9;2;0;25500.0;2026-08-09
LOUNA DES BRETTES;3;0;0;8325.0;2026-08-04
L'AS RUSH;8;1;0;23325.0;2026-08-15
LADY BLACK BIRD;4;0;0;10425.0;2026-04-05
LUXIA DE GODINIERE;2;0;0;6125.0;2026-02-07
LISA BLONDE;6;0;0;18075.0;2026-07-18
LOOK QALI;3;1;0;8525.0;2026-08-15
NIKITA DE BULIERE;1;0;0;2850.0;2026-01-19
NOUBA CASTELETS;6;0;0;15450.0;2026-06-26
NIDORINO DU COTIDA;3;0;0;8100.0;2026-07-18
NEXT DANCE KALOUMA;4;1;0;10300.0;2026-06-13
NEMO DE BEYLEV;5;1;0;12825.0;2026-05-09
NINJA DE L'ENVOL;4;1;0;9900.0;2026-05-26
NINO TOSCA;4;0;0;9800.0;2026-08-13
KEIGHT BLESS;9;3;0;24150.0;2026-08-03
EDWIN KRIS;1;0;0;2850.0;2026-01-19
ESPADA (ITY);4;0;0;10550.0;2026-03-27
PATTON (SWE);2;2;0;5700.0;2026-02-27
KEPI DEL;2;0;0;5550.0;2026-02-22
ELAND;4;0;0;9750.0;2026-05-22
NEVADA LOBELL;2;0;0;5575.0;2026-07-10
PURE STEEL;11;1;0;28650.0;2026-08-12
THE LION;2;0;0;5700.0;2026-01-29
NOAH NEWPORT;2;0;0;5550.0;2026-02-22
ERES DORIAL MAIL;4;0;0;9750.0;2026-04-24
KILLER DE CAHOT;2;0;0;4950.0;2026-02-07
EHLERT PAR;1;0;0;2850.0;2026-01-19
MAMOUNIA SEVEN;3;0;0;6975.0;2026-02-22
MY GIRL PIYA;4;0;0;10575.0;2026-07-18
MISSLADY DU VICLAU;5;0;0;12525.0;2026-05-02
MY HAPPY STORY;8;0;0;20025.0;2026-06-05
MUNIA;1;0;0;2100.0;2026-01-19
MY DARLING DU RIS;6;0;0;14500.0;2026-08-14
MYSTERY QUEEN;8;2;0;19325.0;2026-08-14
MAGNUM DE RATILLY;10;1;0;26600.0;2026-08-08
MANZANA;10;1;0;24050.0;2026-07-04
MANON BLONDE;5;0;0;14350.0;2026-07-19
MOONLIGHT DJOC;6;1;0;15550.0;2026-03-27
MAZERATI PAJJ;3;0;0;7725.0;2026-07-13
MASSILIO BLOND;10;0;0;26925.0;2026-07-29
MY JIBAY;8;0;0;19625.0;2026-07-05
MY DESTINY QUEEN;4;0;0;10950.0;2026-05-10
MACLANDER;6;1;0;16475.0;2026-07-18
LUNE LUMALO;12;1;0;30950.0;2026-08-01
LETTRE D'ERABLE;7;1;0;19175.0;2026-07-11
L'ILE D'HAUFOR;7;0;0;19900.0;2026-07-05
LAURENE DE BAILLY;11;0;0;30275.0;2026-07-25
LITTLE DU RIB;6;0;0;16475.0;2026-07-31
LESDY MAGODA;4;0;0;10850.0;2026-05-19
LOLLIPOP DU CEBE;8;2;0;22800.0;2026-08-12
LORA SCOTIA;3;1;0;8250.0;2026-04-30
LITTLETON LANDING;4;1;0;10550.0;2026-03-27
LOVINA PERRINE;10;0;0;26675.0;2026-08-15
KIANNICK OF NOUIC;7;0;0;17800.0;2026-06-24
KISMET;9;1;0;23275.0;2026-08-10
KOCKTAIL LOVE;5;0;0;12975.0;2026-06-12
KOLIBRI;4;0;0;9325.0;2026-08-02
KIROMAN;7;2;0;16450.0;2026-06-10
KISS ME;10;0;0;25750.0;2026-08-10
KING FORCE;4;0;0;10700.0;2026-07-19
JALISCA SCOTT;5;0;0;13425.0;2026-07-14
KIF DE L'UNE;3;0;0;7425.0;2026-08-08
JINGLE DES BROUETS;1;0;0;2700.0;2026-01-19
JANGA DU BELLAY;9;0;0;22975.0;2026-08-08
KALANDA D'ELVIE;5;3;0;13625.0;2026-05-23
JINGLE KOP;8;0;0;21500.0;2026-08-08
IMPACT OAKS;9;0;0;24500.0;2026-08-08
KISS ME JULRY;7;1;0;18975.0;2026-07-19
LE METEQUE;3;0;0;7500.0;2026-04-24
HARMONIA THE BEST;14;2;0;33550.0;2026-07-20
JOBALASKO BLEU;6;0;0;16425.0;2026-08-01
JEDI DES BROUETS;9;0;0;24575.0;2026-08-01
INESKA;9;3;0;19336.0;2026-08-01
HARLEQUIN;8;1;0;17027.0;2026-07-04
LE CHEF DE LASTEL;2;0;0;5400.0;2026-08-08
LULLY DES IRIS;6;1;0;16525.0;2026-08-09
LOVER DE CHENU;6;0;0;16575.0;2026-06-15
LITTLE KING;2;0;0;5450.0;2026-07-17
LOOPING D'HERIPRE;4;0;0;10225.0;2026-05-03
LUCKY CYNASOSO;9;1;0;22175.0;2026-08-09
L'AS DES CARAIBES;7;1;0;19475.0;2026-08-01
LADY MARMALADE;7;0;0;18550.0;2026-08-08
LA RAISON D'ETRE;3;0;0;8500.0;2026-02-15
LOVE ME DU CHALET;2;1;0;5375.0;2026-08-09
LISE DES CHAMPS;4;0;0;10175.0;2026-05-18
LOUNA LA TRIGALE;8;0;0;19775.0;2026-08-04
LAMOURA QUICK;5;0;0;13100.0;2026-07-26
LANAE DE CONROS;5;0;0;13725.0;2026-07-28
LADY IMPERIALE;5;0;0;13150.0;2026-06-10
LOLLIPOP THE BEST;8;1;0;22675.0;2026-08-09
LIBERATA;8;1;0;21050.0;2026-07-15
MYSTERE DE POULINE;8;0;0;18600.0;2026-07-03
MAN CITY;4;0;0;9650.0;2026-07-26
MEMPHIS ROCK;5;0;0;11050.0;2026-07-26
MERLIN FAMILY;7;1;0;17250.0;2026-07-21
MERINDOL;3;0;0;7200.0;2026-04-29
MAZZARO KILY;4;0;0;9575.0;2026-07-28
MISS DE BEYLEV;5;0;0;12700.0;2026-07-26
MESTA ATALANTE;9;2;0;22900.0;2026-08-01
MA DALTON;6;0;0;15400.0;2026-06-28
MINNIE THE MOOCHER;6;0;0;13800.0;2026-07-28
MAM'ZELLEPAZENAISE;6;1;0;15000.0;2026-08-14
MAESTRIA DE CHENU;8;0;0;20325.0;2026-07-27
MOON DES GARENNES;8;0;0;21325.0;2026-08-03
NAKASH MARCEAUX;3;0;0;7625.0;2026-04-26
NAPOLI DE FEUGERES;4;0;0;9975.0;2026-03-15
NECTAR DE LARRE;5;0;0;11700.0;2026-03-16
NELLY DE CLARAFLOR;8;0;0;20450.0;2026-06-26
NIGHT D'ERONVILLE;1;0;0;2275.0;2026-01-19
NOTE IMPERIALE;4;0;0;9775.0;2026-05-01
NAKIM D'AMBOISE;6;1;0;14425.0;2026-06-09
NOBILLY FIVE;4;0;0;9600.0;2026-03-05
MALOQUESTE DE PADD;1;0;0;3000.0;2026-01-19
MARIO DU TRESOR;2;0;0;5800.0;2026-05-01
MISTRAL D'ETE;1;0;0;3000.0;2026-01-19
MUSTANG DU POHOSE;4;0;0;10425.0;2026-07-24
MAZEL LOVE;7;1;0;19450.0;2026-06-11
MATIN;3;0;0;8475.0;2026-02-22
MILLESIME SMART;5;0;0;12800.0;2026-08-04
MYSTIC DE VELY;2;0;0;5725.0;2026-02-02
MISTRAL DESMAURINS;1;0;0;3000.0;2026-01-19
MOUSSON DU RIB;5;0;0;13800.0;2026-07-24
MAYA DE CAHOT;1;0;0;3000.0;2026-01-19
JUSTICE DELARCHAMP;3;0;0;8500.0;2026-06-27
JACK SPARROW GEPE;10;0;0;28100.0;2026-07-11
JACKPOT DE PLOMB;5;0;0;14325.0;2026-07-15
JIBRIL SNOB;3;0;0;8750.0;2026-08-15
JOYAU DAIRPET;6;0;0;17675.0;2026-07-11
JAG DU LIOT;3;0;0;8725.0;2026-07-11
IDEAL DU BOUILLON;7;0;0;19375.0;2026-08-08
IDEFIX DES LANDES;6;0;0;16575.0;2026-08-08
HOPPELA THEPOL;7;0;0;19025.0;2026-08-04
HEOLA DU PILET;5;0;0;12850.0;2026-06-15
IAGO DE SENOVILLE;2;0;0;5850.0;2026-03-28
INES DE BEYLEV;2;0;0;5150.0;2026-02-04
ISIS DE SYVA;7;0;0;18925.0;2026-07-24
HUGH DE BANVILLE;7;0;0;19775.0;2026-06-17
LOUSTIC DU LAYON;1;0;0;3000.0;2026-01-19
LEADER D'ASNOIS;2;0;0;5875.0;2026-01-24
LUCKY QUICK;3;0;0;8575.0;2026-08-06
LUNA DE BELFONDS;5;1;0;12575.0;2026-06-04
LEGENDE DU MOUCHEL;5;1;0;13800.0;2026-06-04
LARISKA;3;0;0;8425.0;2026-03-15
LIBERAL BABY;13;1;0;32175.0;2026-08-07
LORD BLACKWOOD;7;2;0;19700.0;2026-06-15
INES D'IDEF;6;0;0;16525.0;2026-07-05
JUSTIN TRESOR;2;0;0;5700.0;2026-07-05
JOSS D'ATTAQUE;5;1;0;14300.0;2026-07-11
HAKA DANCER;7;0;0;19575.0;2026-07-08
JAHINA VITA;8;0;0;22875.0;2026-08-04
HEPAX SPEED;3;0;0;7875.0;2026-06-04
JEEP DES CHARRONS;3;0;0;9225.0;2026-02-20
HAOUSSA DE VENNES;3;1;0;8925.0;2026-03-14
IVAJALE;7;0;0;17775.0;2026-07-20
GUOPECK DE VIVOIN;2;0;0;5975.0;2026-03-09
CAMERON;7;1;0;19750.0;2026-07-03
JEWEL TOUCH;7;1;0;19850.0;2026-08-08
HILLONA DE NESLE;2;0;0;5625.0;2026-01-31
JALIMEDE;9;1;0;22734.0;2026-08-12
HELECHO;11;0;0;24436.0;2026-08-03
JUPITER TURGOT;1;0;0;3525.0;2026-01-20
NAIKEY;2;0;0;5550.0;2026-02-19
KRYSTA DE KERYANN;4;0;0;10825.0;2026-06-22
EXMES AS;2;1;0;5700.0;2026-01-31
KALIE PACHA;5;0;0;14125.0;2026-07-23
KELOMA DREAM;6;1;0;15725.0;2026-07-25
LEOLIO;8;0;0;20600.0;2026-07-25
LORD DE CHENU;4;4;0;11150.0;2026-06-19
LEON DE L'AUNAY;6;0;0;15950.0;2026-07-05
LINCOLN HAWK;4;0;0;9950.0;2026-04-14
LUNDU DE LOU;12;0;0;30525.0;2026-07-24
LATINO LA MAZURE;2;0;0;4875.0;2026-01-29
LETS GO HAPPY;9;0;0;22925.0;2026-08-14
LADIVA DE PARIS;5;0;0;13750.0;2026-07-25
LIBERTY JIEL;8;0;0;20800.0;2026-07-30
LIZA MARCEAUX;7;1;0;18150.0;2026-07-17
LAEKEN DE LA MOTTE;3;1;0;8250.0;2026-04-09
LOKIE KADESH;11;0;0;30050.0;2026-07-25
LEILA DU CHATELET;2;0;0;5450.0;2026-01-30
LOVE ME BECO;2;0;0;4875.0;2026-01-31
LIANE;8;0;0;21875.0;2026-05-31
LOVELY DES BROUETS;2;1;0;5550.0;2026-02-16
MALABAR MELOC;8;0;0;20775.0;2026-07-30
MIMO DU MESNIL;5;0;0;12575.0;2026-08-05
MEXICAIN;4;1;0;10100.0;2026-03-25
MAGNIFICAT;5;1;0;13350.0;2026-08-12
JASMIN DE COEUR;5;0;0;13300.0;2026-07-29
INDUCTIF;9;0;0;21825.0;2026-07-23
IT'S EAGLE COGLAIS;6;0;0;14450.0;2026-04-14
IMOW ROLAU;10;1;0;25975.0;2026-07-11
IL MIO;14;0;0;35075.0;2026-08-07
ICARE DE LA DORETE;1;0;0;2700.0;2026-01-20
JOYEUX MESLOIS;9;1;0;23775.0;2026-08-04
ILMENITE;1;0;0;2700.0;2026-01-20
IDEE SHANNON;12;0;0;30500.0;2026-08-02
HERALDIQUE;6;1;0;15500.0;2026-07-31
GOLDEN VISAIS;12;0;0;32725.0;2026-07-25
GREAT OF MADRIK;4;0;0;11700.0;2026-03-08
FUTUR DU CHENE;8;1;0;21725.0;2026-08-09
GIMY DU POMMEREUX;4;0;0;11700.0;2026-03-08
ISTER MAN;7;3;0;20925.0;2026-07-27
IBISCUS MAN;7;1;0;19100.0;2026-07-04
HUDO DU RUEL;5;0;0;14625.0;2026-08-10
MAFIATIME DUCAMPUS;3;0;0;8775.0;2026-03-08
MOUFFETARD;6;0;0;16925.0;2026-08-01
MANHATTAN EMGE;4;3;0;11725.0;2026-06-05
NOVA DE VISAIS;8;0;0;19000.0;2026-07-17
NOTRE SAXO D'AURE;7;0;0;17975.0;2026-05-05
NEURO BELLA;5;1;0;13075.0;2026-03-03
NOMAN'S POINT;5;2;0;13025.0;2026-07-11
NORTHFIELDS;2;0;0;4300.0;2026-02-10
NEWLIFE DE CAHOT;7;1;0;17750.0;2026-07-19
NINA DE MALAC;4;0;0;9825.0;2026-07-10
MAGICAL;4;0;0;10100.0;2026-04-29
MINOS DE BERLES;2;0;0;4800.0;2026-06-13
MICHIGAN HAWK;5;0;0;11450.0;2026-07-28
MYSTERE DE L'AVRE;6;1;0;14175.0;2026-08-15
MISTER MAGIC;5;1;0;13000.0;2026-06-12
MIGUEL DU CHERISAY;8;0;0;20650.0;2026-08-10
LEGEND SMART;2;0;0;4450.0;2026-04-15
LANCELOT ELLIS;4;1;0;10225.0;2026-04-10
LELOUP VALLEE;9;0;0;24225.0;2026-08-07
LEADER RASTID;7;1;0;18025.0;2026-06-26
IPSOS D'ARIANE;8;0;0;21450.0;2026-07-19
ISAAC DE SYVA;6;0;0;15725.0;2026-07-14
ISLA;13;0;0;31500.0;2026-07-31
INTREPIDE TURGOT;6;1;0;14400.0;2026-08-12
KAZAR;6;0;0;14300.0;2026-06-06
KAMOUR;5;5;0;12750.0;2026-06-10
I AM DES MOTTES;4;0;0;11500.0;2026-02-27
JAGUAR WIT;5;0;0;11825.0;2026-08-03
HIVER D'AUTHISE;7;0;0;18775.0;2026-05-21
FULGURER;6;0;0;15200.0;2026-05-24
INVISIBLE SAM;4;0;0;11625.0;2026-04-10
IDEAL DE JEAN;2;0;0;5525.0;2026-03-29
HESCORT LOVE;9;0;0;25175.0;2026-08-08
IVANA DE BERTRANGE;1;0;0;2925.0;2026-01-21
IBROX PARK;5;0;0;14075.0;2026-07-19
LOVERMAN D'HERTALS;4;0;0;10200.0;2026-06-22
LENZO;4;0;0;9800.0;2026-06-27
LORD SAINT MARTIN;8;0;0;18909.0;2026-07-04
LUCKY ROSE;8;1;0;18900.0;2026-07-23
LOULOU DEL GREEN;7;1;0;17800.0;2026-06-20
LE BIG JANJAN;8;0;0;20950.0;2026-07-16
LUCKY LUCIANO;8;3;0;18500.0;2026-08-02
LOUP DE MER;1;0;0;2150.0;2026-01-21
LEWIS KING;2;0;0;4900.0;2026-03-08
LINCOLN RENKA;1;0;0;2150.0;2026-01-21
LITTLE DREAM;3;0;0;7625.0;2026-07-05
LOUZAC;8;0;0;20650.0;2026-08-08
LINDIR;6;1;0;15825.0;2026-04-26
LA BARAKA;4;0;0;10575.0;2026-04-13
LUMIERE DES ISLES;1;0;0;2150.0;2026-01-21
LOVHELEN D'OR;6;0;0;14425.0;2026-07-17
LOVELY BRUYERE;15;1;0;39050.0;2026-08-04
LEXIE D'ERONVILLE;4;0;0;10150.0;2026-02-22
LA DESIRADE;6;0;0;15475.0;2026-08-04
LOVELY DU RABUTIN;8;2;0;20175.0;2026-06-11
L'ELITE DU CHOQUEL;7;1;0;16675.0;2026-08-13
LOLITA DE LANDEMER;2;0;0;4650.0;2026-03-14
LADY DE BOUERE;6;1;0;15575.0;2026-08-03
LERIDA STED;5;0;0;12600.0;2026-05-01
KARACHO;1;0;0;2850.0;2026-01-21
KANTONIN DU GUIVON;5;0;0;13875.0;2026-08-08
KINBALL;4;2;0;11000.0;2026-06-28
KALOU DE LODEON;4;0;0;10450.0;2026-08-09
KAOLIN MOUROTAIS;4;0;0;11000.0;2026-06-20
KARLITO DU CAMPDOS;1;0;0;2850.0;2026-01-21
KID DE CAPONET;3;1;0;8300.0;2026-05-22
KAID FORTUNA;1;0;0;2850.0;2026-01-21
KOMAN;11;1;0;30950.0;2026-08-14
JONVILLE DU BARBEY;1;0;0;2850.0;2026-01-21
JAFFNA SHAN;2;0;0;5675.0;2026-03-15
JET MENCOURT;1;0;0;2850.0;2026-01-21
JAR BEN;1;0;0;2850.0;2026-01-21
JULES DES CHAMPS;6;0;0;17100.0;2026-07-28
JORGIO DE VANDEL;3;0;0;8150.0;2026-03-25
JOS DU PILET;3;0;0;8575.0;2026-03-14
JOY CAPTAIN;5;1;0;13650.0;2026-03-31
JET SPE;5;0;0;12400.0;2026-07-18
JIVRY;4;0;0;10950.0;2026-04-06
JOYEUX NONNA;9;2;0;24225.0;2026-07-23
JUST A MAN;4;0;0;11125.0;2026-05-22
JADE D'ERABLE;5;0;0;13150.0;2026-07-15
JAMAICA DE LOU;6;0;0;16300.0;2026-05-08
ILUCE DE BEAUCAMPS;9;0;0;23875.0;2026-07-30
ICARE D'ACADIE;3;0;0;7550.0;2026-08-08
IDYLLE DE MAHEY;2;0;0;4850.0;2026-03-02
KRACKER PIYA;4;1;0;9800.0;2026-06-11
KINASSE DE VIVOIN;7;0;0;17250.0;2026-06-03
INDULGENTE;2;0;0;4875.0;2026-02-02
JASMIN DU NORD;4;0;0;9800.0;2026-05-31
JIMBO SPORT;8;3;0;20050.0;2026-07-24
KING DE GINAI;8;0;0;21800.0;2026-07-11
KEITHOS DU RHIN;8;0;0;21700.0;2026-07-27
KROSS FINGERS;8;0;0;20325.0;2026-04-28
KOUROUX;7;0;0;17000.0;2026-07-24
I FEEL PRETTY;4;0;0;9650.0;2026-03-23
MUST DE LOU;7;0;0;18250.0;2026-06-20
MISTER LA NUIT;8;1;0;19425.0;2026-06-24
MAIA D'ATOUT;5;0;0;12600.0;2026-06-01
MICHELANGELO ZEN;6;0;0;14400.0;2026-08-09
MADOVA DU RILER;9;0;0;24225.0;2026-08-05
MYSTIC DES THUYAS;3;0;0;7800.0;2026-03-15
MEPHISTO JAVANAIS;6;1;0;12750.0;2026-08-13
MAUVE D'ERABLE;2;0;0;4950.0;2026-03-15
JOY EASTER;8;1;0;19950.0;2026-07-24
JOYAU DE L'ITON;7;1;0;17900.0;2026-07-26
JIVE BOY;8;0;0;20000.0;2026-07-30
ISIMONEY DU CHENE;6;0;0;14700.0;2026-07-24
JULLIAN DADDY;7;0;0;19250.0;2026-05-15
JAZZ;1;0;0;2150.0;2026-01-21
JAVA CAILLERIE;7;0;0;18175.0;2026-05-31
IRANCY CODIE;3;0;0;7750.0;2026-07-18
JOKER DREAM;8;0;0;21475.0;2026-08-02
NAOMIE DEUGE;8;0;0;21500.0;2026-08-05
NIGHT DRESS;5;1;0;13125.0;2026-03-20
NIGHT PURPLE;3;0;0;6825.0;2026-06-24
NIKITA HONEY;2;0;0;4525.0;2026-02-10
NATIF DE JOUDES;3;0;0;8000.0;2026-06-06
NOMADE DE RIVIERE;5;0;0;12125.0;2026-05-15
NIKYSTAR D'AUVRECY;6;0;0;14750.0;2026-04-25
MACKMAHCATH;3;0;0;7650.0;2026-06-06
MAUVE ET DURHAM;3;0;0;7500.0;2026-04-13
MALANDRINO;10;2;0;26850.0;2026-07-29
MON BARTH;1;0;0;2425.0;2026-01-21
MILLESIME TIKELOLE;4;0;0;10525.0;2026-03-15
MAX DE COQUERIE;10;0;0;26425.0;2026-08-15
MISS JABA;2;0;0;5000.0;2026-02-01
MILADY DIGEO;2;0;0;5000.0;2026-02-15
MINERVE;6;1;0;14975.0;2026-06-30
MARTALINE THE BEST;4;1;0;9700.0;2026-07-13
MERRY DE NORTHEN;1;0;0;2425.0;2026-01-21
MAG DE LOIRON;3;0;0;8025.0;2026-06-27
MADE IN WIND;4;0;0;10925.0;2026-08-04
MAJESTUEUSE IDEE;3;0;0;8025.0;2026-05-01
MELODIE DES ARCS;8;0;0;21600.0;2026-08-08
MELITTE DE RIVIERE;8;2;0;18025.0;2026-06-16
MELUSINEDARCHE;1;0;0;2425.0;2026-01-21
MEDINA DREAM;5;0;0;12775.0;2026-08-02
MY LOVELY GIRL;5;1;0;13375.0;2026-08-07
KING TRACK;6;4;0;16600.0;2026-05-04
KADOR DES TITHAIS;7;1;0;19100.0;2026-07-15
KOULOU GAGOU;3;0;0;8000.0;2026-08-13
JARDIN DE MAHEY;3;1;0;8575.0;2026-06-08
JINGLE PACA;2;0;0;6250.0;2026-02-07
KAIROUAN GLAM;3;0;0;8775.0;2026-06-04
JOYEUX PURPLE;2;0;0;5850.0;2026-08-13
JALACTIC;7;0;0;19500.0;2026-08-15
KHAMSA;3;0;0;8675.0;2026-02-13
JEKILL ROCQ;6;0;0;16800.0;2026-08-08
KISS WOOD;8;1;0;22700.0;2026-08-07
KELLOU DES BRUMES;4;0;0;10400.0;2026-04-13
L'ASTRE D'ORION;3;0;0;7700.0;2026-07-12
LORD OF THE RINGS;6;4;0;15225.0;2026-08-07
LATINO BELLO;9;1;0;21750.0;2026-08-14
LULO DE SUHARDIERE;4;0;0;11225.0;2026-06-01
LE CHARLY D'YVI;10;1;0;26375.0;2026-08-12
LIRELLO;4;0;0;9150.0;2026-02-27
LUTIN DE LA BASLE;6;0;0;15575.0;2026-05-25
L'ARGENTIER;7;0;0;18100.0;2026-08-06
LIPTON SPEED;2;1;0;4925.0;2026-04-05
LATINA PLANCHETTE;2;0;0;5550.0;2026-02-07
LILY IMPERATRICE;5;0;0;12850.0;2026-08-07
LAIKA DE L'ISOP;8;0;0;21575.0;2026-06-24
LILI D'AMOUR;5;0;0;13150.0;2026-07-27
LOZA;3;1;0;7450.0;2026-03-16
LOVA BLUE;3;0;0;8275.0;2026-02-13
GODFATHER (DEN);2;0;0;4950.0;2026-02-05
DAYAK (ITY);7;2;0;18350.0;2026-08-06
DYLAN DOG FONT;4;0;0;9150.0;2026-03-21
JANKO HAUFOR;6;1;0;16100.0;2026-06-05
IDYLLE DU PERSIL;11;1;0;23777.0;2026-08-12
IMHOTEP FROMENTRO;6;1;0;14400.0;2026-07-18
JAPAROV LIRE;8;1;0;22550.0;2026-07-29
JOLIE STAR;8;4;0;22100.0;2026-06-30
JIBI DU FRUITIER;3;0;0;7625.0;2026-08-12
IOUPY TOLLEVILLE;12;0;0;32425.0;2026-07-29
MATEO DI QUATTRO;5;0;0;12575.0;2026-04-04
JOURNEE REVEE;4;0;0;11100.0;2026-03-21
GURION FONT;1;1;0;2700.0;2026-01-22
MISTER MOMO;4;0;0;10200.0;2026-02-28
PRINS PAASLOO;2;0;0;5400.0;2026-02-15
TOEKY BOUM;2;0;0;5400.0;2026-02-01
GIACINTO SL;1;0;0;2700.0;2026-01-22
MILAN DU BOSQUET;4;2;0;10800.0;2026-04-11
MAJIRO KALOUMA;3;0;0;7750.0;2026-05-21
GRIZZO JET;2;0;0;5550.0;2026-01-27
GO BIG EFFE;3;0;0;8250.0;2026-04-04
GHOSTRIDER FONT;5;2;0;13800.0;2026-06-02
GENNARO JET;1;0;0;2700.0;2026-01-22
MAGNUS TOR;5;0;0;12375.0;2026-05-05
GRAN PREMIO (ITY);3;0;0;8250.0;2026-06-02
ISOCRATE D'ELA;2;0;0;4800.0;2026-02-16
HUGO DU BOURG;5;0;0;11000.0;2026-04-05
IF I TELL YOU;4;1;0;9775.0;2026-06-13
HERMES LUDOIS;10;0;0;27175.0;2026-06-14
GREZ;4;0;0;11100.0;2026-06-03
GASSMAN D'ESSA;4;0;0;9100.0;2026-03-17
GIROLAMO;1;0;0;2100.0;2026-01-22
GARANCIO BELLO;1;0;0;2100.0;2026-01-22
FILOU SMILING;9;0;0;22300.0;2026-08-08
IERMES DE GUEZ;8;0;0;19375.0;2026-08-08
GREYSON;3;0;0;7150.0;2026-04-11
GALEO DU TORDOIR;2;1;0;4150.0;2026-03-09
GOSSIP BOY;1;0;0;2100.0;2026-01-22
HIATUS;6;1;0;13400.0;2026-06-05
MA BICHE NOA;11;2;0;27450.0;2026-08-13
MIDNIGHT SOMOLLI;7;0;0;17625.0;2026-08-14
MOONSTAR JYL;7;2;0;17950.0;2026-07-11
MAGIC MAGGIE;10;0;0;26325.0;2026-08-14
MOME DU LUPIN;2;0;0;4900.0;2026-05-22
MY QUEEN DELO;7;0;0;18275.0;2026-08-05
MAKE IT RIGHT;6;1;0;14650.0;2026-05-15
MADEMOISELLE JOLIE;2;1;0;5025.0;2026-02-10
MOLLY DU CAUX;5;1;0;13000.0;2026-07-31
JAVA DES AUGERIES;11;0;0;26875.0;2026-06-08
JUDICIEUSE ZAILER;12;0;0;26393.0;2026-08-08
JAINA D'ESSARTS;5;1;0;12775.0;2026-08-07
JALNA GIRL;8;4;0;21300.0;2026-08-07
JUJU DE NORTHEN;2;0;0;4975.0;2026-03-22
JOIE D'AMOUR;1;0;0;2175.0;2026-01-22
JUANA DE SEY;1;0;0;2175.0;2026-01-22
JUVAMINE RENARDIER;4;1;0;8925.0;2026-07-23
JAHIA DU TRIO;2;0;0;5025.0;2026-03-21
JENTIL DIESCHOOT;8;2;0;22025.0;2026-06-17
JOHORE;3;0;0;7525.0;2026-07-23
HILTON DU HOULET;1;0;0;2700.0;2026-01-22
JERICHO DU RIB;4;1;0;11050.0;2026-07-20
INDY DE LA FYE;5;0;0;14025.0;2026-07-05
JOOST D'OLERON;8;1;0;20709.0;2026-07-04
IN EN VRIE;5;0;0;12250.0;2026-04-26
HENZO DE CARSI;6;1;0;14559.0;2026-07-30
IRINO DE GUERON;1;0;0;2700.0;2026-01-22
LAY UP;5;1;0;12900.0;2026-04-24
LE TOUQUET;8;1;0;18800.0;2026-06-26
LIMO DE MER;5;0;0;12525.0;2026-08-12
LABEL DE LARRE;3;0;0;8225.0;2026-07-16
LILIUS DE GUEZ;1;0;0;2700.0;2026-01-22
LOOK D'HERMES;5;0;0;12750.0;2026-07-13
LOOKING D'AURCY;3;0;0;8100.0;2026-02-27
LOVER JULMA;6;0;0;14350.0;2026-07-07
L'ESPOIR;6;0;0;17125.0;2026-06-12
LEADER DU CHATELET;5;0;0;13750.0;2026-06-12
L'ATOLL;7;0;0;18275.0;2026-06-13
KANO;7;2;0;18375.0;2026-07-17
KORONA DELADOU;5;0;0;13400.0;2026-08-01
KERALDO;4;0;0;9600.0;2026-05-13
KIKI AND CO;2;0;0;4975.0;2026-03-06
KINGSLAND DE SIMM;7;1;0;17975.0;2026-08-03
KEEN ON ME;3;1;0;7600.0;2026-05-14
KING DE L'OUEST;4;1;0;10725.0;2026-07-19
KOMERE DE CORDAY;3;0;0;7825.0;2026-03-06
JAVA DU GILET;3;0;0;7550.0;2026-02-27
HELTER SKELTER;4;0;0;10350.0;2026-04-19
ILDO DES CHAMPS;5;0;0;13100.0;2026-06-20
IGOR DE LA MORELLE;2;0;0;5400.0;2026-05-31
ICARE DE BANVILLE;4;0;0;10300.0;2026-06-20
JASPER'S WAY;5;0;0;12325.0;2026-05-24
JEFF DE MONPAZ;5;1;0;13625.0;2026-07-14
IMPERATRICE HEDEN;2;0;0;5700.0;2026-05-24
IN LOVE DE VALMIER;1;0;0;2750.0;2026-01-22
HALBI;1;0;0;2750.0;2026-01-22
HASPARNE DUEM;8;0;0;20525.0;2026-07-14
JET DE LA FERME;8;0;0;21500.0;2026-06-17
HAMPTON AMERICA;9;0;0;22050.0;2026-06-01
HERMENCE DAIRPET;3;0;0;7875.0;2026-05-17
IMPERIAL GOLD;3;0;0;8250.0;2026-04-17
NO PAIN;3;0;0;7475.0;2026-03-03
NARCO DE ROUAISSE;3;0;0;7050.0;2026-04-12
NONTAURIOLAIS;1;0;0;2150.0;2026-01-22
MUDGEE CREEK;4;1;0;10450.0;2026-07-27
MANU DUEM;5;0;0;12850.0;2026-05-15
MARIAGE DUEM;3;0;0;8075.0;2026-05-15
MANOLO PENEME;4;0;0;9875.0;2026-03-29
MY LADY D'OVAKI;1;0;0;2750.0;2026-01-22
MANHATTAN KABOUL;3;0;0;7900.0;2026-03-15
MAMA PACHA DUEM;4;0;0;9950.0;2026-07-13
MATARIKI;7;1;0;18450.0;2026-06-16
L.A.BOKO;5;0;0;12000.0;2026-04-10
FILOU DE SITA;8;0;0;19318.0;2026-08-08
BEAT GENERATION;2;0;0;4775.0;2026-02-09
HAMIGO;8;0;0;20300.0;2026-07-17
GRIGRI DU BONHEUR;6;0;0;15675.0;2026-04-17
GERSHWIN DE CHENU;3;0;0;8075.0;2026-03-25
GALOPIN DES CHAMPS;6;0;0;15850.0;2026-05-27
IENA D'ORGERES;4;0;0;10450.0;2026-04-29
GRANIT DU FRESNE;7;0;0;16509.0;2026-07-04
INCROYABLE BLACK;6;0;0;16400.0;2026-07-25
GUIGNOL DE CHARDET;1;0;0;2150.0;2026-01-22
GAILLARDE QUERAY;2;0;0;4775.0;2026-06-17
HIMALAYA NARCY;2;0;0;4550.0;2026-04-29
FREEDOM (NOR);7;3;0;17775.0;2026-06-05
HAPPY PACHA;4;0;0;9400.0;2026-07-16
MARCUS DECHAMBOU;2;0;0;5700.0;2026-02-27
MARMOTTAN;6;0;0;15775.0;2026-07-29
MEXICO;6;1;0;15500.0;2026-07-21
MARAVILLA DU METZ;6;0;0;16175.0;2026-06-05
MISTER SOLO;1;1;0;2950.0;2026-01-22
LE MAGICIEN;6;3;0;16150.0;2026-05-30
LUMIERE DU CHENE;4;0;0;9975.0;2026-07-13
LINADA BELLA;4;0;0;10350.0;2026-06-20
LUKE SKYWALKER;6;0;0;15875.0;2026-07-13
NINKASI SOYER;4;1;0;10175.0;2026-08-08
NUANCE KADESH;7;0;0;18025.0;2026-05-12
NORTHERN WAY;6;1;0;14550.0;2026-08-12
NEO;6;1;0;15825.0;2026-07-22
MONSIEUR CHARMEUR;4;0;0;10725.0;2026-05-06
MADIBA MARBEN;8;4;0;22100.0;2026-07-18
MILORD D'ISSE;11;1;0;30750.0;2026-08-15
MISS D'ARSA;3;1;0;7825.0;2026-02-27
MISS VASTERIE;4;0;0;11200.0;2026-08-11
MISS WINNER;11;1;0;28000.0;2026-08-11
MAYO DES FLOTS;3;0;0;7650.0;2026-04-13
MISS EMMY RUSH;5;1;0;13600.0;2026-05-02
MAD MAX D'AVRAN;5;0;0;13025.0;2026-05-23
MOI PLUS TOI;4;0;0;11125.0;2026-07-09
MINNIE DE SUBLIGNY;4;0;0;10775.0;2026-04-24
MY WAY LOVE;4;0;0;10625.0;2026-05-15
MEC D'ERCOURT;7;1;0;18075.0;2026-07-17
LILI D'EVAILLES;9;1;0;25800.0;2026-07-19
LOVELY KADY;3;1;0;8350.0;2026-04-19
LADY DAIRPET;5;3;0;13700.0;2026-06-12
LENNY D'EP;6;0;0;16675.0;2026-07-21
LAMENTIN;9;1;0;24700.0;2026-07-14
LEADER CARISAIE;7;0;0;20400.0;2026-04-22
LOVE ACTUALLY;4;1;0;12025.0;2026-07-28
LUDO PAROYO;5;0;0;14475.0;2026-08-12
KECILPOSTE;3;0;0;8550.0;2026-06-20
KALI DEL PURPLE;2;0;0;6000.0;2026-06-26
KUZA DU BOUILLON;6;0;0;16150.0;2026-07-16
KIARA DES BORDES;7;1;0;19500.0;2026-08-05
KOSCA DES CAILLONS;4;0;0;11525.0;2026-07-17
KIARA MAURICIENNE;4;1;0;11400.0;2026-05-08
KALIMERO DE RIO;5;0;0;13650.0;2026-06-01
KILLER POINT;5;1;0;14300.0;2026-06-08
KING BLACK DANOVER;1;0;0;3150.0;2026-01-23
KILOU;2;0;0;6025.0;2026-03-13
KRONOS ZEN;7;0;0;20175.0;2026-08-11
JUNON DES ROSES;14;1;0;35959.0;2026-08-08
JOKER DE LA BRETTE;3;1;0;8550.0;2026-06-26
ICONE PONT VAUTIER;5;0;0;14950.0;2026-08-11
IRIS DU PERCHE;1;0;0;3150.0;2026-01-23
LESLEY ARCTIC;7;0;0;17025.0;2026-07-29
LASKA DU LIVIER;6;1;0;15600.0;2026-06-19
LIZY DU VIVIER;6;0;0;16175.0;2026-06-22
LADY DE BEYLEV;8;0;0;21150.0;2026-07-24
LILLY DE GOUYE;9;1;0;23525.0;2026-08-10
LIPSTICK QUICK;6;2;0;16150.0;2026-03-20
LOUMIODO;4;0;0;10925.0;2026-03-03
IBANA DE MONTI;5;0;0;13400.0;2026-06-20
JOLIE MOME CHIC;10;0;0;27350.0;2026-08-09
JAKARTA DU LEVANT;7;0;0;17975.0;2026-07-20
JONGLEUSE DE BRY;3;2;0;8475.0;2026-03-21
HIGH TECH ROC;5;0;0;13200.0;2026-08-06
IBIZA EVENING;8;1;0;21000.0;2026-08-09
HAYASTAN DE ROSAN;9;0;0;24200.0;2026-07-12
HARENA DE MARZY;7;0;0;19300.0;2026-03-20
INFINITY JET;7;1;0;17534.0;2026-08-09
HAPPY D'AIMTE;10;0;0;27200.0;2026-07-26
LEADER DU POMMEAU;4;0;0;10425.0;2026-06-19
LAPS GEDE;2;0;0;5075.0;2026-02-12
LOGAN JIEL;10;0;0;28475.0;2026-08-12
LIVANTO KALOUMA;6;0;0;16725.0;2026-08-10
LYNYRD SKYNYRD;2;0;0;5850.0;2026-02-10
LE CASHMAKER;7;1;0;19550.0;2026-08-06
LOTUS GRIFF;8;1;0;22750.0;2026-07-31
LOVER MAUZUN;4;0;0;11775.0;2026-06-03
LUPIN D'OLMEN;10;4;0;27750.0;2026-08-14
LEVER DU JOAMAX;5;1;0;14775.0;2026-07-27
LEWIS RIVER;7;0;0;18550.0;2026-08-06
IVY METAL;3;0;0;8275.0;2026-08-03
IQUEM MARVIC;5;0;0;13425.0;2026-06-06
IMPACTDARCHE;7;0;0;18550.0;2026-08-01
ILLUMINATI;2;0;0;5075.0;2026-02-07
JALNY DE CASTELLE;3;2;0;8850.0;2026-04-17
JERRY QUICK;6;1;0;16325.0;2026-06-02
IRUN DU BOCAGE;3;1;0;8225.0;2026-04-18
JAGUAR GEDE;8;1;0;21850.0;2026-04-23
JURDIG LESMELCHEN;7;0;0;18725.0;2026-08-05
INO DE BREVOL;9;0;0;22575.0;2026-08-01
FIFTY WINNER;6;0;0;16550.0;2026-03-10
MAGGY JENILOU;3;1;0;7175.0;2026-03-20
MELODIE D'HOULBEC;10;0;0;26400.0;2026-08-12
MOLLY DU VALLON;7;0;0;18050.0;2026-07-11
MAMICASH D'HERIPRE;1;0;0;2150.0;2026-01-23
MADE IN ATALANTE;6;0;0;14275.0;2026-04-03
MY WAY LEAGABIN;5;0;0;11625.0;2026-04-03
MACARENA D'HOULBEC;10;0;0;26600.0;2026-08-15
ISCHIA JOY;3;0;0;8100.0;2026-06-05
NOVA TIM;7;0;0;17300.0;2026-08-14
NANIKA DU PONT;4;0;0;10300.0;2026-08-13
NOELA JOSSELYN;9;1;0;22150.0;2026-08-14
NORMA JEANE;7;0;0;17300.0;2026-08-14
NORMANDIE NIEMEN;6;3;0;15125.0;2026-08-14
NAYARA;4;1;0;10275.0;2026-06-21
NOCIVE DU CHOQUEL;6;2;0;15125.0;2026-08-14
INSTAGRAM BI;1;0;0;2700.0;2026-01-24
US DARBY;3;1;0;7725.0;2026-08-01
IAGO ROC;1;0;0;2700.0;2026-01-24
NAT KING COLE;10;2;0;23959.0;2026-08-14
NET MONEY;10;0;0;24850.0;2026-08-14
NELSON DE BUSSET;5;0;0;12425.0;2026-07-04
NEVER FORGET;6;0;0;15125.0;2026-07-04
NELSON EMGE;6;0;0;14584.0;2026-07-18
NOB HILL;6;0;0;15850.0;2026-08-01
NUEVO CASH;7;0;0;16734.0;2026-08-14
EAST ASIA;2;0;0;4800.0;2026-02-28
CASH BANK BIGI;2;0;0;4200.0;2026-02-07
HANNIBAL TUILERIE;7;0;0;19025.0;2026-06-21
EXECUTIV EK;3;1;0;5809.0;2026-03-08
HORCHESTRO;7;0;0;19175.0;2026-06-21
GENDREEN;8;0;0;21375.0;2026-07-25
HAMILTON DU HAM;7;1;0;17050.0;2026-07-13
KIKA JOSSELYN;3;1;0;7650.0;2026-02-22
CHANCE EK;1;0;0;2100.0;2026-01-24
HERMES D'ECROVILLE;8;0;0;21450.0;2026-07-27
BAYARD (GER);3;0;0;6950.0;2026-06-27
GOLD D'ECROVILLE;14;0;0;37425.0;2026-08-13
HOMARD LAND;6;3;0;16775.0;2026-08-05
HELIOS D'ELA;2;0;0;5700.0;2026-03-25
GREG DE NIRO;7;2;0;18275.0;2026-07-29
HALL BLACK MESS;8;0;0;22700.0;2026-08-09
GAGNEUR;2;0;0;5550.0;2026-04-10
HAWAI RIVER;2;0;0;5550.0;2026-02-17
FLYING BRICKELL;3;0;0;8200.0;2026-05-27
MAESTRO VRIE;8;1;0;19400.0;2026-08-14
MORALITY;2;0;0;4800.0;2026-02-07
GOLDEN GIO;4;0;0;10175.0;2026-08-01
MAGNUM DU CHOQUEL;8;0;0;20025.0;2026-08-01
MADRID HAUFOR;4;2;0;10375.0;2026-06-06
GUGLIELMO JET;1;0;0;2700.0;2026-01-24
GABRIOZ;1;0;0;2700.0;2026-01-24
MILLE ETOILES;1;0;0;2700.0;2026-01-24
MAGIC NIGHT;6;0;0;14975.0;2026-08-14
MACK DE BLARY;4;2;0;9700.0;2026-08-14
GINOSTRABLIGGI;1;0;0;2700.0;2026-01-24
LADY DE VANDEL;5;0;0;13400.0;2026-05-19
LADY DES ARRIS;6;0;0;14675.0;2026-08-10
LA DAME DE COEUR;6;0;0;16200.0;2026-08-08
LUCIOLE DU VERTAIN;7;0;0;17800.0;2026-07-31
L'ETOILE;2;0;0;4800.0;2026-02-05
LATINA QUICK;2;0;0;5625.0;2026-02-26
LESTANCIA BELLA;2;1;0;5325.0;2026-07-29
LILIE D'OMAHA;3;0;0;7575.0;2026-06-21
LOLA DU CAMPUS;6;0;0;15375.0;2026-08-12
LILY DE L'AUNAY;9;2;0;23850.0;2026-08-06
FERAHAN AS;7;0;0;19100.0;2026-07-04
LIBERTE DE CHOISEL;5;2;0;13125.0;2026-06-06
L'ECRIN D'OR;1;0;0;2700.0;2026-01-24
HAMPTON DU VIVIER;1;0;0;2100.0;2026-01-24
HOTOT;6;0;0;14325.0;2026-08-08
HEIDI DU BISET;12;1;0;29925.0;2026-08-04
GERONIMO STARDUST;1;0;0;2100.0;2026-01-24
INSTAGRAM;9;0;0;22275.0;2026-08-04
GALTON SAINT BAR;5;2;0;11400.0;2026-05-23
IOUP LA BOUM;8;0;0;18850.0;2026-06-23
FINGALO;1;0;0;2100.0;2026-01-24
MONEY SHARK;2;0;0;5550.0;2026-01-29
TROTTER PAVILLON;4;0;0;11125.0;2026-06-26
TI AMO VIKTORY;1;0;0;2700.0;2026-01-24
HOWINGS ELLY;1;0;0;2700.0;2026-01-24
PEBBLES NEWPORT;2;0;0;5400.0;2026-02-16
GITANA FLAMENCO;2;1;0;4800.0;2026-02-28
GESTODAMORE ROSA;1;0;0;2700.0;2026-01-24
STONEHILLPEARL;2;0;0;5550.0;2026-06-05
MIA DE SIMM;10;1;0;27050.0;2026-08-13
MARIYA HAUFOR;2;0;0;5400.0;2026-02-01
GRACE KELLY HP;1;0;0;2700.0;2026-01-24
MIDORIYA DU BOURG;2;0;0;5350.0;2026-07-26
MAUZIN DE CROUAY;4;0;0;10250.0;2026-05-28
MARUDA;5;0;0;13350.0;2026-04-14
MOULU JIHEM;3;1;0;7950.0;2026-03-09
MADRILENE;5;0;0;14100.0;2026-08-01
MODE VANILLE;5;0;0;13750.0;2026-06-30
MY LOVE GIO;4;0;0;10475.0;2026-04-05
LADY D'ALEX;5;0;0;12509.0;2026-07-21
LOST;3;1;0;7550.0;2026-08-10
LIBERO DE LOU;9;0;0;24750.0;2026-08-08
LOVA DE BOURGOGNE;10;1;0;25600.0;2026-08-08
LEVE TOI;5;0;0;13250.0;2026-07-28
LOCAPO DU BOCAGE;6;1;0;15375.0;2026-08-04
LUCKY BENOIT;6;0;0;16650.0;2026-06-09
LIBERIAN GIRL;3;0;0;7950.0;2026-07-05
LAPON DE BERTRANGE;7;1;0;16659.0;2026-07-21
L'INDIEN PEARL;6;2;0;16475.0;2026-06-13
IDAGANI POINT ONE;7;1;0;16800.0;2026-08-08
HODRIGO EVER;9;1;0;23150.0;2026-08-02
KANDIE D'ORCO;10;2;0;27400.0;2026-08-01
JOB DES LOUANGES;10;1;0;26000.0;2026-08-01
ISSU DES LOYAUX;2;0;0;4825.0;2026-03-06
JANDICE STAR;12;0;0;32675.0;2026-08-08
BOMBER MAN;3;0;0;6900.0;2026-05-07
KOMANIA D'ABY;5;0;0;13450.0;2026-08-02
KEEN DE MAHEY;2;0;0;5250.0;2026-03-12
KIYOHA DE NAPPES;6;0;0;15209.0;2026-08-04
KELLY DE CERISY;6;0;0;14709.0;2026-07-01
KIM BLUE;8;0;0;20500.0;2026-08-04
KOPALINE DE CHENOU;7;0;0;16984.0;2026-08-04
LABEL MESS;5;0;0;13950.0;2026-05-16
LOU D'ECHAL;12;0;0;32375.0;2026-08-08
LEADER OAKS;1;0;0;2650.0;2026-01-24
LOVE ME DE CERISY;3;0;0;8550.0;2026-06-30
LILY CARNOIS;7;0;0;18950.0;2026-06-26
LA PRIMAVERA;2;0;0;5300.0;2026-02-01
JOHANNA ELEVEN;9;0;0;23750.0;2026-08-04
JACK REACHER;5;0;0;12875.0;2026-03-13
JACKASS LATIN;10;0;0;26075.0;2026-08-09
JIVAGO BLEU;3;0;0;7575.0;2026-02-16
JOLISSIME ELDE;7;1;0;17975.0;2026-06-24
KIMCHI D'ELIOTT;1;0;0;2650.0;2026-01-24
KLIMT MERITE;7;1;0;17500.0;2026-06-20
KISS BOY;7;1;0;18950.0;2026-07-26
KONOR HIGHLAND;5;0;0;12475.0;2026-05-15
KANNABIS JELOCA;7;6;0;19275.0;2026-08-14
KINGSLEY;6;0;0;17075.0;2026-05-30
NELUMBO PHIL;3;0;0;7650.0;2026-02-06
NEVER BETTER WELL;4;0;0;11025.0;2026-07-19
NEW FOX STAR;2;0;0;5300.0;2026-02-07
NICKNAME BOND;7;2;0;19200.0;2026-08-05
NONOALCO;2;0;0;5500.0;2026-03-01
MODE CATZ;6;0;0;15575.0;2026-06-27
MANON PHIL;4;0;0;9275.0;2026-08-02
MARILOU D'ERI;2;0;0;4950.0;2026-02-08
MELODIE DU RENARD;7;1;0;17100.0;2026-08-08
MAGIQUE ROBSONS;1;0;0;2150.0;2026-01-24
MAYANE PLENNERIE;4;0;0;10550.0;2026-08-15
MESSINE MAGIQUE;3;0;0;7600.0;2026-07-24
MILONGA PLANCHETTE;6;0;0;14525.0;2026-07-01
MILLY D'HERIPRE;1;0;0;2150.0;2026-01-24
MEMPHIS TENNESSEE;1;0;0;2150.0;2026-01-24
MARQUIS DES LANDES;7;0;0;18300.0;2026-07-01
MADISON PLANCHETTE;3;0;0;7475.0;2026-07-17
MENDES DE JED;8;0;0;20825.0;2026-08-13
MY LUCKY BOY;4;0;0;10425.0;2026-07-02
MADMAX DES OUBEAUX;2;0;0;4850.0;2026-02-09
MAKFY;1;0;0;2150.0;2026-01-24
MOZART DE CHANJAC;2;0;0;4950.0;2026-02-06
MAX DES CARREAUX;2;0;0;4950.0;2026-02-08
MILLENIUM CLEVILLE;1;0;0;2150.0;2026-01-24
ME VOILA SACRE;4;0;0;10475.0;2026-08-15
LEU DES BOIS;1;0;0;2875.0;2026-01-24
LOUDEAC D'YVI;3;0;0;8375.0;2026-03-01
LEO PHIL;1;0;0;2875.0;2026-01-24
LYNX;1;0;0;2875.0;2026-01-24
LOULOU EFBE;4;0;0;11050.0;2026-03-14
LOOK DES CAILLONS;7;2;0;18850.0;2026-07-17
LOURASI DU MELEUC;3;0;0;8300.0;2026-06-27
LOKI FACTIER;7;0;0;18700.0;2026-07-07
LORD BRIDGERTON;3;0;0;8400.0;2026-02-21
LINO DU POMMEREUX;10;0;0;25634.0;2026-07-27
LOOPING DE MA;3;0;0;8775.0;2026-04-24
LATINO DE CANCHY;5;1;0;14200.0;2026-04-12
LUTIN DES CHAMPS;4;0;0;11400.0;2026-08-06
LOUSTIC AMARLOUICA;4;0;0;11200.0;2026-06-08
LUCKY DE LINE;2;0;0;5825.0;2026-05-23
LE ROCKER DE PLAY;9;2;0;24750.0;2026-08-12
LUTIN DU LAYON;3;0;0;8500.0;2026-07-14
KERU DE LOU;3;0;0;8150.0;2026-07-09
KEOPS DES HAUBOIS;5;0;0;13800.0;2026-07-17
KEEPSAKE;3;0;0;8550.0;2026-06-17
KOBRA JENILOU;6;2;0;16075.0;2026-08-14
KINCI DE BERCE;2;0;0;5925.0;2026-02-07
KOBALT;4;0;0;9784.0;2026-07-04
KYMI JACK;6;0;0;16300.0;2026-08-11
KOKO MARBOULA;2;0;0;4950.0;2026-02-06
KOLOSSE;4;0;0;10050.0;2026-07-12
KELSAM DU RUISSEAU;7;2;0;18175.0;2026-07-29
KING IMPERIAL;5;0;0;13850.0;2026-05-08
KAMALIS;4;0;0;10750.0;2026-03-29
KARISME NAY;3;0;0;8500.0;2026-07-21
KSAR UNICK;7;1;0;19075.0;2026-08-07
KATANA;4;0;0;11075.0;2026-04-14
KALIMERA FLASH;5;0;0;13425.0;2026-07-09
KANELLE;4;0;0;11200.0;2026-08-05
KINGALA;10;0;0;27725.0;2026-08-06
KALINE DE SOYORA;3;0;0;7625.0;2026-04-26
KATE DE LA MOTTE;8;1;0;21325.0;2026-08-13
HADDOCK D'ECOUVES;6;3;0;17200.0;2026-08-02
INES DE GLADJESS;5;0;0;13475.0;2026-07-03
JAVANAIS;9;0;0;24875.0;2026-08-15
IMPERIAL DU CAPRE;6;0;0;16875.0;2026-07-28
JURELLA DE PALM;9;3;0;24625.0;2026-08-15
JAZZ CRISCANI;2;1;0;5925.0;2026-02-07
JUSTINE DU MESNIL;9;1;0;24575.0;2026-06-06
IDYLLE MIKA;3;0;0;8225.0;2026-06-27
INAYA DE NILREM;3;0;0;8450.0;2026-05-14
JOKER DES LANDES;6;1;0;16375.0;2026-07-13
LOVELY FACE;2;0;0;4800.0;2026-02-10
LACIENDA FLASH;3;0;0;7075.0;2026-03-17
LINOTTE DU MOUCHEL;6;0;0;15075.0;2026-08-08
LADY HAUFOR;2;0;0;4950.0;2026-02-20
LAMBADA GIRL;1;0;0;2100.0;2026-01-25
LOU DU DONJON;2;2;0;4950.0;2026-02-20
LUTECE D'OUVILLE;7;0;0;17825.0;2026-07-25
LA FOULE;7;0;0;17650.0;2026-06-19
MILLIONDOLLARSBABY;5;0;0;13050.0;2026-04-28
MORNING NEWS;2;0;0;5550.0;2026-02-28
MARGAUX DES ARRIS;6;0;0;16750.0;2026-06-06
MY QUALITA PIYA;6;1;0;14125.0;2026-08-14
METIDJA;7;0;0;18700.0;2026-08-14
MIDNIGHT EXPRESS;7;0;0;19125.0;2026-08-03
MELODY COOL;1;0;0;2700.0;2026-01-25
MARA BEST;5;0;0;14325.0;2026-07-08
LAUSSAC DU BUISSON;6;1;0;14250.0;2026-06-12
LOBBY MESLOIS;5;0;0;13025.0;2026-08-15
LOYAL DU CHOQUEL;9;2;0;23100.0;2026-08-06
LAKOS DE BERLES;6;0;0;14550.0;2026-08-08
LAST DES BROUSSES;10;1;0;24525.0;2026-08-03
KAMEHAMEHA;2;0;0;4950.0;2026-04-17
IALTO D'HERTALS;7;0;0;19175.0;2026-08-05
JAZZMAN (GER);7;1;0;17375.0;2026-07-17
JILORD VIVA;7;1;0;18525.0;2026-08-06
KID BELLAY;3;0;0;7675.0;2026-07-29
KUIPER;3;0;0;7650.0;2026-02-22
NINEPOINTS LASSE;7;1;0;16150.0;2026-06-21
JOCONDE SIBEY;4;0;0;9950.0;2026-04-04
JOLIE SURPRISE;3;0;0;7025.0;2026-04-08
EMMA DEI VELTRI;1;0;0;2100.0;2026-01-25
KEEN WINNER;1;0;0;2100.0;2026-01-25
IDYLLE EXPRESS;5;2;0;13900.0;2026-05-13
LIGHTNING STRIDE;5;0;0;10659.0;2026-06-13
ELEGANCE KRONOS;4;0;0;9650.0;2026-06-13
KEMIA DU CHENE;6;0;0;15075.0;2026-07-27
DIABEL;8;0;0;19500.0;2026-07-17
RIKITA JP;10;3;0;24043.0;2026-08-08
DALI PRAV;1;0;0;2100.0;2026-01-25
JEZABELLE BIE;2;0;0;4800.0;2026-02-06
MUSCLE DREAM;6;1;0;15800.0;2026-06-26
MARADONA ELLIS;6;0;0;16700.0;2026-07-22
MIKADO CASTELETS;1;0;0;2700.0;2026-01-25
MONSIEUR AS;6;1;0;16675.0;2026-08-06
MUST DE CHANLECY;2;0;0;4800.0;2026-02-19
MILORD JAVRONNAIS;2;0;0;5400.0;2026-06-06
MINUTY DU GERS;3;3;0;8250.0;2026-02-28
NECTAR DU BOCAGE;8;1;0;22025.0;2026-07-27
NELSON DU NOYER;5;0;0;12850.0;2026-04-15
NIACK DU CORTA;9;0;0;23050.0;2026-06-04
NEW LIFE;4;0;0;9850.0;2026-03-05
NORBERT DE GACHERE;2;1;0;4975.0;2026-02-19
NELATO BELLO;8;1;0;19525.0;2026-06-29
NOUMEA DES YVETS;7;0;0;17675.0;2026-07-02
LORETTE;5;0;0;13450.0;2026-05-21
LUNE DE L'EMION;6;0;0;14825.0;2026-05-13
LUNA DE MALAC;7;0;0;19275.0;2026-08-10
LOU D'ECROVILLE;4;1;0;9075.0;2026-07-27
LOULIANA DE VANDEL;7;0;0;17550.0;2026-08-10
MASSETTA BELLA;9;0;0;24950.0;2026-05-28
MANOLITO DU GUERET;2;0;0;5625.0;2026-07-12
MYLEY ELDE;8;1;0;22725.0;2026-08-12
MELODY DELADOU;6;1;0;15625.0;2026-07-18
JUST RAPID;3;0;0;8525.0;2026-07-19
JADORE GIRL;3;0;0;8475.0;2026-03-01
JADORE CERIZE;2;1;0;5150.0;2026-03-07
JUSTE UN DALY;8;3;0;22975.0;2026-07-11
JAKIRA;5;0;0;13725.0;2026-08-15
JANA D'ARMOR;8;3;0;22575.0;2026-07-28
J'ENVISAGE DUBRIO;10;3;0;27300.0;2026-08-13
JERRY DE L'ERDRE;7;0;0;19900.0;2026-06-01
JUSTE DU GERS;7;2;0;19725.0;2026-07-19
JACK QUICK;4;0;0;11000.0;2026-04-23
JUST YOU AND ME;1;0;0;3000.0;2026-01-25
JAZZMAN;6;1;0;14925.0;2026-07-03
JUEN EMONDEVILLE;11;0;0;31175.0;2026-08-13
KARNO D'ARBAZ;6;0;0;16100.0;2026-07-29
IDEFIX HERBLINAIE;2;0;0;5825.0;2026-03-08
JUHELLET;5;0;0;14400.0;2026-06-04
KIMOLTO;3;0;0;8800.0;2026-03-22
JAEGER MAN;1;0;0;3000.0;2026-01-25
ILLIMITEE;9;1;0;24275.0;2026-08-06
IMAKO VERDERIE;8;1;0;19650.0;2026-08-04
IRMA DE L'ECLAIR;3;0;0;8450.0;2026-07-25
IBRAHISCO;5;0;0;13950.0;2026-07-27
JARDIN DU ROI;9;6;0;26025.0;2026-07-07
IZELBIO;6;0;0;15775.0;2026-05-31
IZAAC D'HAVAROCHE;7;0;0;19400.0;2026-07-08
JOKER DE BELLOU;8;0;0;20625.0;2026-05-31
IRRESISTIBLE GABY;1;0;0;3000.0;2026-01-25
GENERAL DE CONNEE;3;0;0;8600.0;2026-08-12
FOREVER D'ARIANE;5;0;0;14400.0;2026-04-29
FRANCO FLEURI;4;0;0;11425.0;2026-04-03
ILLUSION D'AMOUR;1;0;0;3000.0;2026-01-25
NOLANN DES AGETS;13;0;0;33550.0;2026-08-10
NINO DU CAP;4;0;0;9050.0;2026-07-25
NOBODY CASH;6;0;0;15025.0;2026-07-14
NUANCE DE COLMINE;6;1;0;13500.0;2026-05-11
NICKY DES CHARMES;2;0;0;5075.0;2026-01-31
NOISETTE MIKA;10;0;0;26050.0;2026-08-05
NINO DE LARRE;13;1;0;32125.0;2026-08-08
NATHAN D'OLMEN;2;0;0;4300.0;2026-02-10
NANA OASIS;6;0;0;15775.0;2026-07-29
HELICE DU TREZON;8;0;0;18925.0;2026-05-13
HISTOIREMIKA;2;0;0;4850.0;2026-02-17
INCAHUASI;7;1;0;18775.0;2026-05-29
HAPPY LYL;11;1;0;27875.0;2026-08-15
HASHTAG DE TAGOR;6;1;0;15375.0;2026-08-15
HEROIC DES BOSC;6;1;0;14950.0;2026-08-03
IGGY FAFA;12;0;0;32300.0;2026-08-15
LUCULLUS DU DOLLAR;5;0;0;14075.0;2026-08-07
LOTOIS JEC;7;1;0;18875.0;2026-07-28
LUCKY SKY;3;0;0;8000.0;2026-08-07
KIMONO DES RACQUES;1;0;0;2925.0;2026-01-25
MY WAY DE QUELETTE;8;2;0;22150.0;2026-07-29
MISSILE DU GOUTIER;2;0;0;5925.0;2026-03-27
MATTHEWS BOKO;6;0;0;16050.0;2026-08-05
MALIN DE L'ANTE;9;0;0;23475.0;2026-07-29
LUCKY DAY;5;0;0;12950.0;2026-07-14
LUXY DE CRENNES;6;0;0;16625.0;2026-05-21
LIBERTY BLACK;1;0;0;2925.0;2026-01-25
LARRE;4;0;0;11200.0;2026-08-15
LUNE ROSE D'ALESA;4;1;0;10625.0;2026-05-18
MELODIE MILLERIA;1;0;0;2925.0;2026-01-25
MY GIRL;4;0;0;10875.0;2026-03-01
MA ROSE MANATHIS;5;0;0;13225.0;2026-05-06
MORGANA GUILLERVIL;8;0;0;22025.0;2026-05-10
NALA;7;1;0;17275.0;2026-06-22
NIKILIK;5;0;0;11750.0;2026-08-04
NORMAND VILLETOT;6;1;0;17250.0;2026-04-17
NAN MAIS TOI;4;0;0;9775.0;2026-07-21
MAXOU DE JEMAX;3;0;0;7450.0;2026-02-26
MANSFIELD D'OYSE;6;2;0;14600.0;2026-08-07
MURANO DE MONCHEL;3;0;0;7450.0;2026-02-11
MERVEILLE DE BOISE;5;0;0;13500.0;2026-06-10
MONA DES GENIEVRES;7;0;0;16950.0;2026-07-12
MIDYLE D'ALFRAN;5;0;0;13700.0;2026-05-09
MACLOBEL DE FADAJE;5;0;0;12500.0;2026-08-09
MARATHON GREEN;2;0;0;5300.0;2026-04-05
MY BEAUTIFUL;12;1;0;31050.0;2026-07-15
MATCHO LOUANGES;6;2;0;15400.0;2026-07-05
MAESTRO DU LOISIR;3;0;0;8150.0;2026-06-20
MARTEL;2;0;0;5350.0;2026-02-01
MORNINGSUN DU RHIN;7;0;0;17600.0;2026-08-09
KISS ME ALEX;4;0;0;10775.0;2026-08-04
KIZOMBA;2;0;0;5300.0;2026-03-15
KHEOPS ELLIS;1;0;0;2725.0;2026-01-25
KYSTON DU VERNET;6;1;0;15300.0;2026-07-21
KARONY MAJEAN;3;0;0;8025.0;2026-03-29
KADOR DE VILLABON;5;0;0;13200.0;2026-08-09
KALINE LAURA;4;0;0;9684.0;2026-08-04
JULIANA DU LOISIR;7;1;0;17500.0;2026-07-28
JASMIN DE LA COUR;5;0;0;13325.0;2026-06-01
LEI E BELLA;7;2;0;19475.0;2026-07-17
LUCIFERMORNINGSTAR;8;0;0;22325.0;2026-08-07
KHEOPS TURGOT;9;0;0;24725.0;2026-07-27
HACKER JULRY;5;0;0;12825.0;2026-08-02
HISPANO DU REYNARD;5;0;0;12825.0;2026-07-31
HOLLINS;3;0;0;7450.0;2026-03-29
INES GRIFF;6;1;0;15725.0;2026-05-17
HARPIE GIBUS;1;0;0;2700.0;2026-01-25
INSTAR;3;0;0;8000.0;2026-04-06
JADIS DAIRPET;4;0;0;10650.0;2026-04-17
IDEO HUNAUDIERES;2;0;0;5475.0;2026-06-17
JADE GERBEHAYE;5;1;0;13875.0;2026-06-20
GALAXIE LIMOUSINE;1;0;0;2650.0;2026-01-26
HARKONNEN;5;1;0;13150.0;2026-05-24
MENELAS DE CORBERY;7;0;0;18350.0;2026-08-07
MON GRAND PRE;6;0;0;15425.0;2026-07-13
MON REVE;2;1;0;5225.0;2026-02-14
MISTER JENILOU;7;3;0;18250.0;2026-06-20
MOOREA BOND;8;0;0;21825.0;2026-06-18
MAGGIOTTA;1;0;0;2550.0;2026-01-26
MISSILE DE TAGOR;6;0;0;14850.0;2026-08-01
MOURILLON;9;1;0;23525.0;2026-08-06
MICHEL MARTIN;7;0;0;18500.0;2026-07-22
MELICIANO;4;0;0;10750.0;2026-05-04
LEKEVIN DESBOIS;7;1;0;16775.0;2026-06-12
LARGO DE JOUDES;7;0;0;19450.0;2026-07-26
LABEL TURGOT;8;0;0;20100.0;2026-06-15
KEOPS TILLAYE;9;0;0;22959.0;2026-08-13
KOUSINE CARISAIE;4;0;0;10375.0;2026-06-21
KASSAV DE FRECA;4;1;0;9900.0;2026-04-17
KANCAENNAISE;2;0;0;4700.0;2026-04-10
KASSIOPEE DU NOYER;5;0;0;12500.0;2026-05-30
KAISER DE CESNY;2;0;0;5350.0;2026-03-22
LORD DU GILET;4;0;0;11025.0;2026-07-14
LOTTA SUEDOISE;6;1;0;16525.0;2026-06-29
L'AS DE CAZOULENE;3;1;0;8025.0;2026-08-03
LUMIERE BLUE;5;2;0;13175.0;2026-07-16
LAMIE QUICK;2;0;0;5600.0;2026-02-19
LOOK AT ME LULU;4;0;0;10125.0;2026-07-13
KISS ME AGAIN;1;0;0;2650.0;2026-01-26
GENTLEMAN PIYA;1;0;0;2650.0;2026-01-26
JOJOBA DE QUERAY;6;1;0;15475.0;2026-07-14
GEGE DE FROMENTEL;2;0;0;5275.0;2026-02-14
GENEROUS CHARM;3;0;0;7900.0;2026-03-03
CANTO DEI VENTI;6;0;0;15500.0;2026-08-10
JURITI;7;1;0;19400.0;2026-08-05
KUNZITE D'EM;2;0;0;4950.0;2026-02-11
KIT ANGOT;5;0;0;13550.0;2026-07-24
KOPA D'ARC;6;1;0;15650.0;2026-06-06
IBIZA DE CONNEE;2;0;0;5050.0;2026-05-09
JOADIE WIND;1;0;0;2850.0;2026-01-26
LOVE SHACK;8;2;0;22225.0;2026-07-20
LUPIN DU BOURG;6;0;0;15875.0;2026-05-16
L'AMI DANOVER;6;2;0;16300.0;2026-08-10
LUCKY WIND;2;0;0;5550.0;2026-02-22
LUCKY STAR JIEL;7;0;0;18625.0;2026-06-17
LIANGA;2;0;0;4950.0;2026-02-06
LILOU D'ATOUT;1;0;0;2850.0;2026-01-26
MEETIC DE BEAULIEU;6;0;0;16050.0;2026-08-07
MAO DU PARC;5;0;0;13650.0;2026-06-27
MAX DU CAMPDOS;5;0;0;13825.0;2026-05-29
MAMBO DU MIREL;8;0;0;20700.0;2026-07-29
MAESTRO DE CORDAY;7;0;0;18950.0;2026-07-23
MOMO DES CARREAUX;10;0;0;26000.0;2026-08-13
METEORE ETOILE;8;1;0;21625.0;2026-08-13
MERRY STAR;4;0;0;10850.0;2026-07-30
MAMZELLE DU HOULET;7;0;0;19300.0;2026-08-14
MA JOLIE JIEL;2;0;0;5575.0;2026-05-22
MAMMA MIA DE LOU;2;1;0;5300.0;2026-03-30
MILAZZIA;4;0;0;11100.0;2026-07-30
MIMI CHARMEUSE;7;1;0;17075.0;2026-06-10
MILADY DE REUX;5;0;0;13825.0;2026-07-26
MAMZELLE DREAM;8;0;0;20775.0;2026-07-21
NO LIMIT SAUTREUIL;3;0;0;8150.0;2026-04-06
NORDIC GIRL;3;0;0;7800.0;2026-02-24
NUANCE DU HOULET;9;0;0;23675.0;2026-06-08
NUT AND MONEY;3;1;0;8400.0;2026-03-20
NINA SIMONE;6;0;0;15900.0;2026-08-05
NIGHT SHADOW;2;0;0;5075.0;2026-02-12
NALA LEALMANI;6;0;0;15600.0;2026-07-26
JETHRO DE NILREM;2;0;0;5650.0;2026-03-29
JUST FOR YOU PIYA;1;0;0;2850.0;2026-01-26
JOKAI DES ROIS;3;2;0;8400.0;2026-04-13
JACKPOT D'AXEL;3;0;0;8625.0;2026-03-15
HEROINE RINGEAT;1;0;0;2850.0;2026-01-26
JULIANA DES LUCAS;3;0;0;7400.0;2026-07-26
JACKSON HILL;10;0;0;25725.0;2026-08-05
GOODWIN ZET;3;0;0;7800.0;2026-02-16
DARLINGTON FAME;1;0;0;2850.0;2026-01-27
CANTAB AS;6;0;0;16000.0;2026-06-19
HASHTAG SIMONI;8;0;0;22100.0;2026-08-05
INVISIBLE SUN;3;0;0;8400.0;2026-03-18
JUSTICIA GLAM;6;2;0;15325.0;2026-04-30
LOOK OF LOVE;5;0;0;14075.0;2026-05-22
JADE RENARDIER;5;2;0;12650.0;2026-06-06
SANDOKAN (SWE);3;0;0;8575.0;2026-03-06
INSIDE MAN;8;0;0;20875.0;2026-08-05
NOTELLA D'OR;8;0;0;20125.0;2026-08-02
NACHYMA BERRY;2;0;0;4900.0;2026-02-16
NUANCE CASTELETS;7;0;0;17450.0;2026-06-13
NATURALLY STAR;4;1;0;10150.0;2026-08-10
IRON MIJACK;5;0;0;11900.0;2026-07-13
IBIS QUICK;8;0;0;19075.0;2026-08-13
JULY DU GUESNE;5;0;0;11900.0;2026-04-06
KALLAGAN;2;0;0;4200.0;2026-02-11
GRAND TUR JOYEUSE;2;0;0;5550.0;2026-02-15
MIDNIGHT SUN;1;0;0;2850.0;2026-01-27
GOLD MAIL;4;1;0;11250.0;2026-06-02
MILORD DARLING;1;0;0;2850.0;2026-01-27
MON PLAISIR;9;1;0;22725.0;2026-06-06
MELKIOR CASTELLE;10;0;0;28050.0;2026-08-12
TAURUS CROWN;9;0;0;22050.0;2026-08-08
UTKIEKER;2;0;0;4850.0;2026-03-06
OMARI BOKO;3;0;0;7975.0;2026-03-15
READY HILL;3;2;0;7725.0;2026-08-08
FIRE WISE AS;1;0;0;2700.0;2026-01-27
SAN DONATO;1;0;0;2700.0;2026-01-27
FOLLOWER DEI RUM;1;0;0;2700.0;2026-01-27
FRENCHCONNECTION;7;2;0;16750.0;2026-08-02
FONZIE MABEL;2;0;0;4850.0;2026-08-02
LUMINEUX;4;0;0;10600.0;2026-04-11
OVERDRIVE STEEL;2;0;0;5400.0;2026-02-22
KENTIA HAUFOR;5;0;0;11900.0;2026-04-15
KARO DAIRPET;6;0;0;15100.0;2026-05-19
KING CASH CEKE;6;0;0;15075.0;2026-08-13
KINGSTON DU BOURG;7;0;0;17650.0;2026-06-20
KATAVIA PRESS;5;0;0;11109.0;2026-07-01
KILDARE;6;0;0;15475.0;2026-08-11
KRONOS D'ERPION;10;3;0;22825.0;2026-08-10
KOLBY DE CLARAFLOR;6;1;0;15400.0;2026-06-01
KAROLINA DI SEMBLE;9;0;0;22800.0;2026-07-13
KENZO BENOIS;2;0;0;4800.0;2026-02-17
KRALL DE CORDAY;2;0;0;4800.0;2026-02-10
KIRSTY DU PASSAGE;1;0;0;3125.0;2026-01-28
KOLANTA DU LOISIR;1;0;0;3125.0;2026-01-28
KURIELE LEBEL;4;0;0;10450.0;2026-07-14
KENZA D'ASNOIS;3;0;0;8225.0;2026-04-13
NABUCCO MADRIK;1;0;0;2425.0;2026-01-28
NARCISSE TURGOT;2;0;0;4700.0;2026-02-13
NEPHRODITE;3;0;0;7875.0;2026-07-18
NEW COUET;3;0;0;7550.0;2026-03-02
NOBLE DU SURF;8;0;0;21750.0;2026-08-15
NOTEZ LE;5;2;0;13750.0;2026-08-15
NOVICE TUILERIE;3;0;0;7525.0;2026-02-15
MAEVA DE CRESCY;5;0;0;13475.0;2026-07-15
MINYA KONKA;6;0;0;15575.0;2026-08-02
MEISINGA PHEDO;4;0;0;10725.0;2026-04-26
MA DOUCE DE DALINE;8;1;0;21050.0;2026-08-02
MON AMOUR DE BEC;6;0;0;15325.0;2026-06-02
MA JOLIE CHOSE;4;0;0;9850.0;2026-06-02
ILOWA D'OHARA;6;0;0;17200.0;2026-06-28
ISIS DU CORTA;5;0;0;13950.0;2026-08-06
JOLIKOVA D'ARIANE;3;0;0;8925.0;2026-06-09
HAVA DE BEAUREGARD;1;0;0;3125.0;2026-01-28
ITALICA;9;0;0;24925.0;2026-07-24
JOYEUSE ENTREE;5;0;0;12325.0;2026-07-23
JOCELYNE;5;1;0;14050.0;2026-08-07
IDREAMIS;10;2;0;26325.0;2026-08-07
IMPERIALE DU MONT;2;0;0;6125.0;2026-04-22
LAMYA DES LANDES;7;0;0;20025.0;2026-06-13
LA DIVINE ECUS;5;1;0;13975.0;2026-04-09
LIBERTE CERISE;7;1;0;18350.0;2026-06-15
LOLA D'OHARA;7;0;0;19325.0;2026-06-08
LUCKY RENARD;4;0;0;11225.0;2026-07-28
LOTUS DU RIB;6;3;0;17200.0;2026-08-05
LOUP D'ARDENNES;5;1;0;14450.0;2026-07-28
LOOPING BEN MAX;5;1;0;13475.0;2026-07-30
LUCERO TEJY;7;0;0;19375.0;2026-08-01
L'ONCLE SAM;3;0;0;8625.0;2026-08-07
LION DES ISLES;2;0;0;5925.0;2026-06-24
KASIMODO;8;0;0;19950.0;2026-07-19
KALIE TEJY;12;1;0;30375.0;2026-08-01
KIDNAPPING;3;1;0;7150.0;2026-03-20
KLEPPER DU LOIR;10;0;0;25375.0;2026-08-12
KYLLIAN;10;5;0;24025.0;2026-08-10
KANDY CHAMPOSOULT;8;0;0;21150.0;2026-06-26
KAIROS DU GOUTIER;5;0;0;12600.0;2026-03-10
KENTUCKY VALLEY;6;0;0;14725.0;2026-07-05
KELAS DU CEBE;5;0;0;13200.0;2026-04-24
JAVA D'ECAJEUL;2;0;0;5225.0;2026-04-15
IMPARTIAL;5;0;0;14225.0;2026-08-01
HAS DE COEUR;2;0;0;5600.0;2026-04-01
IDEM JIHEM;10;0;0;27625.0;2026-08-01
KROONER D'HERIPRE;4;2;0;11775.0;2026-03-25
KOUFRA IRIS'EYES;3;1;0;8375.0;2026-04-29
JOIE DE LA COTE;11;0;0;24943.0;2026-07-04
GAJAC;5;0;0;13275.0;2026-04-29
JIGSAW PUZZLE;5;0;0;13175.0;2026-04-12
HATLAS DE MOUTIERS;2;0;0;5600.0;2026-08-09
ISEO DE LOU;9;3;0;19086.0;2026-07-04
IRU FUSHI;5;0;0;14150.0;2026-06-03
ENJOY THE GAME;4;0;0;10100.0;2026-05-15
HELIOS SI;7;0;0;19900.0;2026-08-09
GALANT DE CAREL;9;0;0;24675.0;2026-07-05
HADES DE L'ITON;2;1;0;5825.0;2026-03-04
FAKIR MERITE;6;0;0;15284.0;2026-06-05
LIBERTANGO;7;1;0;19500.0;2026-06-19
L'AMERICAIN;6;0;0;16775.0;2026-06-10
LASER DE JOUDES;3;0;0;7750.0;2026-08-09
LOMAC GEDE;3;0;0;7225.0;2026-03-07
MIKADO D'AMOUR;1;0;0;2925.0;2026-01-28
MAGIC DU SAPTEL;2;0;0;5075.0;2026-07-17
MILLENIUM ROC;8;0;0;21125.0;2026-07-17
NORWEGIAN GIN;6;0;0;14200.0;2026-08-12
NICE TO SEE YOU;9;1;0;24150.0;2026-08-07
NAPOLI DU BOUFFEY;5;0;0;12775.0;2026-08-13
NORIA DE BERTRANGE;7;0;0;19775.0;2026-06-03
HOPE COGLAIS;7;0;0;16975.0;2026-07-08
HAWK SPEED;2;0;0;4300.0;2026-02-07
KAVALE DU CHOQUEL;8;0;0;20725.0;2026-08-13
IDA DES MONTS;3;0;0;7600.0;2026-03-01
HAIKIDO;3;0;0;8250.0;2026-03-27
INSTANT D'HAUFOR;4;0;0;11100.0;2026-03-20
HALMA D'AMER;2;0;0;5700.0;2026-02-17
FEU DE REVOLTE;2;0;0;5775.0;2026-02-20
INDIGO DE FONTAINE;8;1;0;22400.0;2026-08-05
JAG STRYCK;6;0;0;17450.0;2026-06-14
HORATIUS D'ELA;8;0;0;22950.0;2026-08-05
MARWIN;3;0;0;7400.0;2026-07-24
MOZART DE L'ITON;6;0;0;14400.0;2026-07-25
NEMO D'ARNHEM;9;0;0;21625.0;2026-06-04
NICOU CHAK;7;1;0;18425.0;2026-08-01
NEMROD BUROIS;9;1;0;22750.0;2026-08-13
NINIO DE MALAC;4;1;0;9225.0;2026-08-09
NAMARETTI DEVOL;3;0;0;7700.0;2026-08-11
EL DORADO BAR;9;3;0;23850.0;2026-08-12
KRUNCHY;8;1;0;22200.0;2026-08-15
UNDERGROUND ARTIST;6;0;0;14750.0;2026-08-12
KINGSTON DE BLARY;9;0;0;24000.0;2026-08-09
ETRANGER JOYEUSE;4;1;0;10775.0;2026-05-06
FUSION EAGRA;7;0;0;19700.0;2026-05-11
FASHION MONGER;4;2;0;10725.0;2026-08-12
MASERATI HALL;4;0;0;10975.0;2026-06-27
KHEO VIVANCIERE;4;1;0;11450.0;2026-05-04
KER POULGWEN;8;2;0;22750.0;2026-07-16
GOOGLE BLUE GRIF;3;0;0;7650.0;2026-02-28
GINEAH DANCE;2;0;0;4950.0;2026-02-28
GLAMOUR GIO;3;0;0;7650.0;2026-02-28
GUARDAMI;6;3;0;16825.0;2026-06-13
MISS BELGRAVE;1;0;0;2850.0;2026-01-29
MISS MATTERS;2;0;0;5700.0;2026-02-28
LOUSTIC DE DALINE;6;1;0;15625.0;2026-08-03
LITTLE BOY;6;1;0;14925.0;2026-06-30
L'ALPHA DE LAUNI;9;0;0;22600.0;2026-08-12
LANNISTER;6;1;0;14225.0;2026-06-26
FIRST KISS BI;1;0;0;2700.0;2026-01-29
LISBETH DRY;9;1;0;21625.0;2026-08-10
FUJIKO FONT;1;0;0;2700.0;2026-01-29
PURE DESIRE;2;0;0;5400.0;2026-02-11
SHE'S A WINNER;3;1;0;7550.0;2026-08-02
THANKWORTHY TILE;3;0;0;7550.0;2026-03-10
FEDE JET;6;0;0;14650.0;2026-08-10
FLORIS DAY BAR;2;1;0;4800.0;2026-05-13
OLYMPIA GREENWOOD;2;0;0;5400.0;2026-02-27
OPAL STONE;1;0;0;2700.0;2026-01-29
FRENCIS ZL;3;0;0;7550.0;2026-03-10
GALAXY LOVE D.E.;1;0;0;2700.0;2026-01-29
NANCY DE GOUYE;4;0;0;10950.0;2026-08-03
NEMO DES BROUETS;7;1;0;19200.0;2026-06-18
LOOPING RENARDIER;4;0;0;10475.0;2026-06-01
LILIBETH SMART;12;1;0;30625.0;2026-08-13
LUXY BLUE;7;1;0;19450.0;2026-08-08
MUSE DE VANDEL;7;0;0;17125.0;2026-08-01
MAELYS DES BORDES;7;0;0;17350.0;2026-07-03
MAREVA;8;1;0;21100.0;2026-06-28
MIMI WILLIAMS;7;0;0;18300.0;2026-06-28
MISS GABRIELLE;5;0;0;13300.0;2026-06-28
MY STAR HIGHLAND;5;0;0;13450.0;2026-06-15
MILAZZO;5;1;0;12600.0;2026-07-21
MAZEL TOV DAIRPET;5;5;0;12850.0;2026-07-13
MORDU DE FOOT;4;0;0;10700.0;2026-07-21
MYSTIC MAN;8;0;0;20175.0;2026-07-09
MAGIC WORLD;6;0;0;14100.0;2026-07-03
MONSEIGNEUR;3;1;0;7400.0;2026-03-12
MACKER D'ERONVILLE;1;0;0;2050.0;2026-01-29
NOT FOR SALE;3;1;0;8425.0;2026-03-06
XIA LLOYD;2;0;0;5550.0;2026-02-27
HERMES SCOTT;8;0;0;22050.0;2026-08-04
HARO DARCHE;2;0;0;5400.0;2026-02-26
ISIS DE POULINE;9;1;0;24500.0;2026-07-28
IBIZA DE BOURGOGNE;10;0;0;26775.0;2026-07-21
INEDIT D'ALEX;10;0;0;27250.0;2026-06-16
HOLESHOT;1;0;0;2700.0;2026-01-29
ISTORIC MAUZUN;5;1;0;14300.0;2026-05-11
LORD JULRY;10;5;0;28475.0;2026-08-01
KANJARDARCHE;3;0;0;8050.0;2026-05-17
KOLENA;1;0;0;2700.0;2026-01-29
KILLER JULRY;6;0;0;15300.0;2026-07-21
KENDO CASTELETS;6;2;0;15350.0;2026-06-22
HOLD MAJYC;2;0;0;4050.0;2026-02-16
HARIBELO DE NUIT;2;0;0;4850.0;2026-08-01
JOOSTER LE FOL;7;0;0;16575.0;2026-07-19
INCANTATOR;4;0;0;11225.0;2026-07-30
HOELA LESMELCHEN;1;0;0;2850.0;2026-01-30
INSERT BOY;6;4;0;17000.0;2026-08-06
JAGUAR'S EYES;7;0;0;17150.0;2026-07-24
JOLIE FLEUR OR;5;0;0;12475.0;2026-06-20
JALAYA DES BROUETS;6;0;0;16150.0;2026-08-13
ICONE PLANCHETTE;7;1;0;19150.0;2026-08-02
JIMBA BERRY;1;0;0;2850.0;2026-01-30
LOVE ME HAUFOR;4;0;0;10250.0;2026-06-14
LEONARDO TURGOT;10;0;0;24625.0;2026-06-16
MANCHESTER;5;1;0;12600.0;2026-07-24
MANHATTAN JENILOU;5;1;0;13075.0;2026-04-12
MOLLY WHITE;5;0;0;11925.0;2026-04-03
MA LADY DU GARDEN;5;0;0;12875.0;2026-05-24
MARVELOUS PIYA;7;1;0;17175.0;2026-08-14
MINNEAPOLIS;10;1;0;25075.0;2026-08-01
MISS IS DU CANET;7;0;0;18575.0;2026-08-04
KENZO DE LA CRIERE;3;0;0;8000.0;2026-03-22
KALINEO PENEME;5;2;0;12975.0;2026-06-05
KALINA STAR;5;0;0;12850.0;2026-06-05
KRYPTON D'EPONA;4;0;0;10825.0;2026-03-20
KALINE BEY;4;1;0;10700.0;2026-04-12
KALIMERO;6;0;0;16100.0;2026-08-05
LIBERTINE DE FRECA;5;2;0;14475.0;2026-05-26
LIBREVILLE;6;0;0;16175.0;2026-06-01
LUKYA CHOISIE;4;0;0;11250.0;2026-05-11
LOVE MESANGE;1;0;0;2750.0;2026-01-30
LEA DANSE;5;0;0;13125.0;2026-06-16
JALISCO DE NEUVY;8;0;0;21525.0;2026-07-31
KAROUZO;7;0;0;18800.0;2026-07-29
JANTARA DESBOIS;3;0;0;8475.0;2026-03-29
JEU INTERDIT;8;0;0;20950.0;2026-07-13
ISSALIO;3;0;0;8525.0;2026-06-17
JOLI MANNEQUIN;6;4;0;16125.0;2026-06-17
LUXURIO VICI;3;0;0;7950.0;2026-04-19
LUPIN DES SOURCES;4;0;0;10625.0;2026-04-15
LE PREMIER ORTHON;5;0;0;13625.0;2026-05-15
LOS ANGELES LAKERS;2;0;0;5325.0;2026-04-19
LEWIS D'EVRON;8;1;0;22275.0;2026-07-29
MELBA BAROQUE;2;0;0;4800.0;2026-04-13
MINIE CAUSSANEL;3;1;0;7850.0;2026-03-26
MONA LISA STARDUST;4;1;0;10425.0;2026-04-03
MEDINA DU CHATELET;3;0;0;7275.0;2026-08-15
MAYERLING LEGACY;4;0;0;10150.0;2026-07-14
MACH DELALANDE;5;0;0;12475.0;2026-07-13
MILLENIUM BOND;3;1;0;7475.0;2026-02-19
MARQUIS DE NUIT;3;0;0;7475.0;2026-05-15
NACRE D'ALBRET;2;0;0;4900.0;2026-06-05
NOUBA D'ATOUT;2;0;0;5375.0;2026-07-29
NIKITA DE BLARY;1;1;0;2750.0;2026-01-30
LUDMILLA HAUFOR;8;0;0;21325.0;2026-07-10
LALOU D'AMOUR;8;0;0;20175.0;2026-08-08
ELTYME;9;0;0;23200.0;2026-07-29
KACEY BELL;10;2;0;24550.0;2026-06-22
PERFECT;5;0;0;13450.0;2026-07-25
KENNEDY STREET;6;0;0;15575.0;2026-07-05
KARLA DE BANVILLE;5;0;0;13700.0;2026-08-02
KASSIOPEIA;2;1;0;5700.0;2026-02-27
ELISE ANA;2;0;0;5250.0;2026-04-24
HISTOIRE DU LUPIN;1;0;0;2100.0;2026-01-31
IRONIE DE CHENU;3;0;0;6350.0;2026-03-16
IZZIE D'ERONVILLE;3;0;0;7425.0;2026-04-06
IASELMA;6;0;0;16250.0;2026-08-14
IMAGE D'HERFRAIE;5;0;0;11850.0;2026-07-18
LA STAR ROC;9;0;0;23225.0;2026-08-14
LORD DU BASSIN;5;2;0;12850.0;2026-08-06
MOSAIC LIFE;5;0;0;12725.0;2026-07-09
MAIA JIEL;3;0;0;8400.0;2026-04-04
MISSANDEI;4;0;0;11250.0;2026-06-10
MAX DU POMMEREUX;2;0;0;5325.0;2026-02-14
MISTRAL DE LARRE;6;0;0;16400.0;2026-06-27
MANGO PAULO;5;1;0;14000.0;2026-06-26
MAGISTER D'ELA;4;1;0;10725.0;2026-03-25
MY DREAM;8;0;0;20575.0;2026-08-05
JASMIN BLANC;4;0;0;10850.0;2026-06-14
HARFAN DES GRANGES;6;0;0;16100.0;2026-04-12
IROISE QUESNOT;8;0;0;20675.0;2026-05-01
MILADY SMART;10;0;0;26825.0;2026-07-22
MOLLY DE VISAIS;5;0;0;13525.0;2026-04-07
MAEVA DE COQUERIE;8;0;0;21825.0;2026-06-16
MAJORELLE;3;2;0;7950.0;2026-03-24
MIDNIGHT STAR;1;0;0;2925.0;2026-01-31
MY LADY DARLING;4;0;0;10075.0;2026-04-06
INES DE MAJEAN;10;0;0;28400.0;2026-07-10
JOSE DU CHERISAY;7;1;0;19100.0;2026-08-15
HELIOS DES RACQUES;3;0;0;7950.0;2026-04-05
HARLEY DE JANEIRO;6;0;0;16525.0;2026-05-24
JAZZ BUROIS;9;1;0;22225.0;2026-07-20
JUAN D'OCCAGNES;5;1;0;12400.0;2026-08-04
LABEL DU MONT;5;0;0;12775.0;2026-05-21
LOEK DE REUX;6;0;0;16450.0;2026-04-27
LATINO TURGOT;12;0;0;31434.0;2026-08-07
ISSIA DE CHARLY;8;0;0;18275.0;2026-08-06
JUMANJI SIBEY;4;0;0;10325.0;2026-06-27
FOREVER DE PAME;6;0;0;15650.0;2026-05-14
IF YOU CAN;3;0;0;7750.0;2026-04-01
GIZMOGOLD;3;0;0;7525.0;2026-04-01
JAVANAIS DELO;5;1;0;12200.0;2026-07-01
JERICHO;7;0;0;19250.0;2026-08-10
JOYEUSE MAB;10;1;0;27000.0;2026-07-22
L'AVENTURE DE YOR;4;1;0;10625.0;2026-07-15
LITTLE WING BLUES;5;0;0;14400.0;2026-07-05
LUCIA DU CHATELET;9;0;0;23950.0;2026-08-08
NEW LOOK VRIE;2;1;0;5075.0;2026-03-03
NIGHT OF CARLESS;9;2;0;25325.0;2026-08-02
NOUMEA COCONUT;10;1;0;27350.0;2026-08-10
KIROYAL DU VINOIS;5;2;0;13925.0;2026-06-22
KARMEN DE MONTCEAU;7;0;0;18275.0;2026-07-08
KHEOPS BOURBON;7;0;0;19375.0;2026-06-20
KAPITEN DU MELEUC;7;0;0;18750.0;2026-07-24
KITO TURGOT;2;0;0;5700.0;2026-02-13
KEOPS DE JUMILLY;5;0;0;13850.0;2026-06-24
KELAS;10;1;0;25184.0;2026-08-08
KADOR JOSSELYN;9;1;0;22734.0;2026-07-28
KANEM;4;0;0;10400.0;2026-08-13
KESSERO;7;3;0;19525.0;2026-08-14
NEPTUNE DES ARRIS;5;1;0;11950.0;2026-08-11
NECTAR D'AVIGNERE;1;0;0;2175.0;2026-02-01
NUAGE DE BEAUCAMPS;1;0;0;2175.0;2026-02-01
GAMINE DE RIBEAU;2;0;0;5500.0;2026-04-06
FULL CASH DE PADD;2;0;0;5450.0;2026-08-07
HORIZON D'EYMY;6;0;0;13650.0;2026-08-12
HAJIME;7;1;0;19500.0;2026-08-13
HOUARNEAU;1;0;0;2700.0;2026-02-01
GREAT DANCER;2;0;0;4850.0;2026-03-08
GOELICHER ST;3;0;0;7650.0;2026-04-04
MENTOR DE PLAY;11;6;0;28275.0;2026-08-14
MACHUCAMBO;2;0;0;5150.0;2026-03-02
MELI MELO DE CHENU;3;0;0;8250.0;2026-03-21
MAESTRO JAMINI;2;0;0;5550.0;2026-02-25
MODESTO;6;0;0;15700.0;2026-06-01
I LOVE IGNY;11;0;0;28050.0;2026-08-15
HEAGLE ONE;4;0;0;10000.0;2026-08-12
ILLICO DE BOUTEAU;9;1;0;22775.0;2026-08-08
INTREPIDE DES BOIS;10;0;0;24825.0;2026-08-06
GUEPARD GRIFF;6;1;0;14500.0;2026-07-03
INVICTUS DE NILREM;8;1;0;21425.0;2026-08-08
IDEFIX JIHEM;5;0;0;11250.0;2026-08-06
IZIJAL;4;1;0;9150.0;2026-05-29
ISSI TOP;5;0;0;12200.0;2026-07-30
MAIWENN D'AVEL;3;0;0;8275.0;2026-03-10
MOON LIGHT RIVER;6;1;0;15900.0;2026-07-31
MYSTIC DES FORGES;5;3;0;13125.0;2026-08-14
MAURICETTE BLUE;5;0;0;13925.0;2026-06-30
MEGANE DE CERISY;7;0;0;18250.0;2026-07-27
MALINE DES ARRIS;5;0;0;13725.0;2026-08-13
MACOE;3;1;0;8250.0;2026-02-27
MISS EXCELLENCE;4;0;0;10950.0;2026-07-08
MALINE DE JED;14;0;0;36500.0;2026-08-15
MANON DE BUSSET;6;0;0;15300.0;2026-07-17
MULAN DES HARAS;3;0;0;7850.0;2026-06-10
MABELLE THE BEST;1;0;0;2650.0;2026-02-01
MINARELLE DE CEREY;5;1;0;13200.0;2026-06-16
MOME DES ANDRAUX;7;0;0;18500.0;2026-07-12
MISS DE MAI;4;0;0;9950.0;2026-08-04
MY WAY FERM;1;0;0;2650.0;2026-02-01
MALAKY FAFA;6;1;0;15475.0;2026-07-24
MIDNIGHT OIL;6;0;0;15800.0;2026-07-21
MAGNUS SEN;4;0;0;10200.0;2026-08-04
MODEPASSE DE YOR;3;0;0;8350.0;2026-03-31
MIRACLE DE CAPONET;5;1;0;12750.0;2026-07-03
KLEOPATRE D'ALFORT;2;0;0;5350.0;2026-02-11
KA DANSE FOLLE;3;0;0;7950.0;2026-03-12
KHEOPS DU LOISIR;3;1;0;7350.0;2026-07-21
KOKA DE MALAC;2;0;0;5300.0;2026-02-16
INFLUENCE JULRY;6;0;0;16725.0;2026-04-26
GOLD DU RABUTIN;6;0;0;15200.0;2026-08-02
GEANT SARTHOIS;7;1;0;18125.0;2026-06-16
LOUANE DE VEAUCE;2;0;0;4650.0;2026-03-31
LEMON JULRY;7;2;0;19275.0;2026-08-08
LAZZARO THE BEST;6;0;0;16000.0;2026-06-27
LUPIN D'ETE;2;0;0;5600.0;2026-06-30
NAPOLITAINE HIGH;4;0;0;8400.0;2026-05-28
NECTAR TURGOT;3;0;0;7000.0;2026-02-17
NINA LAURA;7;0;0;15850.0;2026-08-02
NOUGATINE VERGNIER;5;0;0;10175.0;2026-07-21
NUIT DES LOUANGES;6;0;0;13400.0;2026-06-29
NIFTY DREAM;5;0;0;10600.0;2026-06-20
NIKKO DE JOUDES;5;2;0;13150.0;2026-08-10
NECTAR DU PERCHE;6;0;0;15625.0;2026-07-14
NIGHT DE JANEIRO;5;1;0;12000.0;2026-07-13
NOBLESSE LADEVINIE;3;0;0;7600.0;2026-02-27
NOMADE DE VAUVILLE;2;0;0;4950.0;2026-02-27
NUAGE DU DROPT;1;0;0;2625.0;2026-02-01
NUIT DE ROUAISSE;4;0;0;9575.0;2026-04-02
NUWA DU PATURAL;6;1;0;16225.0;2026-07-29
NIKITA DE LAPENCHE;6;0;0;14825.0;2026-06-20
MERCEDES DU DROPT;2;0;0;5150.0;2026-04-12
MALIN GERSOIS;2;0;0;5225.0;2026-04-13
LUTIN DU DAMIER;2;0;0;5200.0;2026-04-12
LEVYLAND;7;1;0;18350.0;2026-07-14
LOAIME JIJI;2;0;0;5575.0;2026-03-26
LITTLE DREAM D'ERI;6;0;0;15625.0;2026-04-05
LADY DE MONGOCHY;10;1;0;25925.0;2026-08-05
LORD OF GOLD;1;0;0;2625.0;2026-02-01
LUCKY DU CHALONGE;4;0;0;10675.0;2026-07-14
LOVE YOU DRALIAM;4;0;0;10525.0;2026-03-26
LORD OF WOOD;4;1;0;11475.0;2026-06-10
LEADER DE LA COTE;2;0;0;5250.0;2026-03-01
LOURZY DE FARS;2;0;0;5250.0;2026-03-01
L'AMETHYSTE;6;2;0;15700.0;2026-06-10
IF DE BRETAGNE;2;0;0;5125.0;2026-04-13
JOYEUSE SMART;6;0;0;15225.0;2026-04-24
JUNINIO FLEURY;7;2;0;18900.0;2026-06-20
HALICANTE MABON;7;0;0;18725.0;2026-07-28
HAVANO DU THAY;4;0;0;10500.0;2026-04-17
JULIA DE MUTRECY;3;0;0;7550.0;2026-04-19
JAZZY EFFEL;3;0;0;7725.0;2026-03-15
I LOVE YOU MESS;6;0;0;14425.0;2026-06-01
JAGUAR BLEU;4;1;0;10375.0;2026-04-05
LANCIANO;5;0;0;13250.0;2026-06-01
L'OR DU MELEUC;3;0;0;7850.0;2026-04-19
LIVIUS;3;0;0;8000.0;2026-04-02
HOORI DU PATURAL;2;0;0;4975.0;2026-05-24
IQUITO DU LEARD;4;0;0;10875.0;2026-03-26
INDY VET;7;0;0;18500.0;2026-07-26
IDEAL WINNER;5;2;0;13475.0;2026-05-24
JAMES D'OVAKI;4;0;0;10350.0;2026-05-23
JORDEN VET;4;0;0;10175.0;2026-05-28
JEU MYSTIC;3;1;0;8125.0;2026-06-01
HALMA DU BOCAGE;1;0;0;2625.0;2026-02-01
GENIUS DE BRAYE;4;0;0;10875.0;2026-05-23
GENTLEMAN SMART;3;0;0;7800.0;2026-04-06
JOY DES CHAMPS;5;0;0;12850.0;2026-06-09
HERMAU DE SUZON;5;0;0;13100.0;2026-05-10
JANGO BELLO;4;0;0;11125.0;2026-07-14
NESPRESSO DREAM;2;0;0;5475.0;2026-03-05
NEW DELO;2;0;0;5475.0;2026-02-26
NOTEBOOK;5;2;0;13400.0;2026-06-13
NEVER MIJACK;9;0;0;24850.0;2026-07-28
NICKY LARSON;4;1;0;10500.0;2026-04-14
NINO DES VES;4;0;0;10775.0;2026-06-24
KISMIE JOKE;1;0;0;2625.0;2026-02-01
KINDER KEEN;1;0;0;2625.0;2026-02-01
KENOR DES LANDES;4;0;0;11375.0;2026-06-20
KISS ME FIRST;6;0;0;15625.0;2026-07-16
KARTING DU VIVIER;1;0;0;2625.0;2026-02-01
KING CLUB;3;0;0;7850.0;2026-07-16
KIANA OASIS;2;0;0;4234.0;2026-07-01
KOWEIT;3;0;0;8100.0;2026-04-05
KILLER D'ENFER;5;0;0;13775.0;2026-07-29
KYMIJALLY;8;2;0;22650.0;2026-08-01
KING'S RETURN;4;0;0;10475.0;2026-05-14
MADONE DAIRPET;6;0;0;16625.0;2026-05-08
MEGALIA BELLA;3;0;0;8025.0;2026-06-13
MUSE FLIGNY;6;0;0;16350.0;2026-06-19
MALICA MADRIK;1;0;0;2625.0;2026-02-01
MI VIDA;1;0;0;2625.0;2026-02-01
MOSTRA;2;2;0;5475.0;2026-03-14
MUHLANE;1;0;0;2625.0;2026-02-01
MELODIE DE OUF;2;0;0;5350.0;2026-07-08
MAGIE PURPLE;5;1;0;13425.0;2026-06-20
MARQUISE LONGO;1;0;0;2625.0;2026-02-01
MAGIC DREAM NOW;1;0;0;2625.0;2026-02-01
MAKILA DE GODREL;3;1;0;7950.0;2026-04-04
MAGIC WELL;4;0;0;10575.0;2026-04-24
MAGIK WIND;1;0;0;2625.0;2026-02-01
MADGIC STRYCK;9;3;0;23925.0;2026-08-10
MILORD DE COQUERIE;3;0;0;8425.0;2026-06-19
MISTER LOVE QUICK;9;0;0;23700.0;2026-06-27
JOLDY LOVE;3;0;0;8100.0;2026-07-15
JACKPOTINA;4;0;0;10875.0;2026-08-05
JOYCE PILE;8;0;0;20400.0;2026-07-15
JOUR DE GLOIRE;3;0;0;8175.0;2026-03-07
I KEEP CALM;5;1;0;13475.0;2026-08-06
LA RAGAZZA DIDALO;3;0;0;8100.0;2026-03-01
LOU DU DERBY;3;0;0;7375.0;2026-08-14
LAST CHANCE;6;0;0;15750.0;2026-07-29
LOVELY KING;4;0;0;9575.0;2026-07-26
LE COSSE;4;0;0;11575.0;2026-05-18
LARIMAR;4;0;0;10925.0;2026-04-30
NEKO D'UN SOIR;2;0;0;5425.0;2026-05-09
NOTA PRIMO;4;1;0;11150.0;2026-06-10
NORMA DU TRIEUX;5;0;0;13025.0;2026-07-21
MAGIC MIKE;2;0;0;5375.0;2026-02-08
MEMORABLE;1;0;0;2575.0;2026-02-01
MUSTANG DE PEBRISY;5;0;0;13575.0;2026-07-15
MERVEILLE A TROIS;2;0;0;5225.0;2026-07-24
MERIDA RIVERIE;3;0;0;8050.0;2026-03-15
MAJESTRIA FILI;6;0;0;16450.0;2026-05-14
MOONSTONE;4;0;0;10775.0;2026-06-06
LAZULITA;3;0;0;8800.0;2026-03-29
LADY DE SAINT JEAN;6;0;0;16675.0;2026-08-04
JUSQUINE FOUTEAU;2;0;0;5975.0;2026-02-27
ISKO D'IQUAINE;3;0;0;8975.0;2026-07-28
JINA FOUTEAU;7;0;0;16450.0;2026-06-15
HELIOS BONBON;5;0;0;13400.0;2026-07-13
JACINTHE DES BOIS;5;0;0;14100.0;2026-06-08
HADOL DE FAEL;7;0;0;19800.0;2026-08-15
JASON GOLD;2;0;0;5425.0;2026-03-14
JOY ERCA;4;0;0;9975.0;2026-05-25
INDY FOUTEAU;3;2;0;8475.0;2026-08-05
ILLINOIS;1;0;0;2575.0;2026-02-01
HELBERT FOUTEAU;7;1;0;17850.0;2026-07-31
IZAROF DE GUEZ;1;0;0;2575.0;2026-02-01
GRACIEUX GALBE;4;0;0;11200.0;2026-08-05
HAPPY HERO;2;0;0;5250.0;2026-07-02
ITONO DE MILLAC;9;1;0;24500.0;2026-06-20
HOLD UP CRAZY;2;0;0;5125.0;2026-03-07
MINKY PERRINE;2;0;0;5125.0;2026-02-13
MAJOR AR CARAC;8;1;0;21450.0;2026-07-13
MILLESIME D'ARZAL;6;0;0;15925.0;2026-08-13
MALDINI ELLIS;6;1;0;17025.0;2026-07-09
MONTE CARLO;3;0;0;8650.0;2026-04-27
MARIO TREMBLADAIS;4;0;0;11275.0;2026-08-11
MELODICA BELLA;4;4;0;11125.0;2026-07-27
KOPPERT CRESS;6;0;0;16700.0;2026-06-14
KING STEED;5;1;0;13725.0;2026-08-03
KAPORAL GAME;5;0;0;13550.0;2026-05-19
KELRAPIDE DU LUPIN;5;3;0;13700.0;2026-07-29
KANTARO DU TRESOR;6;0;0;16800.0;2026-06-23
KIRENE FLASH;10;1;0;25500.0;2026-08-07
KING BABEL;8;5;0;22325.0;2026-08-01
KIWI DE CONNEE;8;2;0;22300.0;2026-07-11
LIVIE DU BOUILLON;4;1;0;11475.0;2026-03-29
LEONORA;10;0;0;26800.0;2026-07-18
LE LIBERTY;7;0;0;19850.0;2026-07-25
LIBERATOR PHEDO;5;0;0;14025.0;2026-07-14
L'ETONNANT TONIC;8;0;0;22050.0;2026-07-18
LE BROK;4;0;0;10375.0;2026-04-26
LORD MIL;8;0;0;22650.0;2026-08-12
LOVE KILLS;7;4;0;19350.0;2026-07-13
LADY DUCALE;5;2;0;12675.0;2026-05-26
LUTECE PLANCHETTE;2;0;0;5550.0;2026-02-27
LOVE ME MAZELI;3;0;0;8250.0;2026-05-10
LOVESTORY DU YUCCA;3;0;0;8325.0;2026-08-13
LADY D'ECOTAY;9;0;0;23400.0;2026-06-13
LYMKA PRINCESSE;4;0;0;10025.0;2026-07-30
LITTLE GIRL;3;0;0;8150.0;2026-02-22
LEADER BLACK;6;0;0;14700.0;2026-07-14
LOOKING BEST;9;0;0;22850.0;2026-08-14
LOU PRESTANCE;10;2;0;26450.0;2026-08-01
LET IT OUT;6;1;0;14900.0;2026-06-15
LE BALIGHAN;3;0;0;8275.0;2026-03-24
LASCAUX DU PERCHE;7;0;0;17650.0;2026-06-15
LAUTREC D'HERFRAIE;7;0;0;19200.0;2026-07-13
KALATHAS DU BOCAGE;2;0;0;5375.0;2026-07-11
KEN DE CORDAY;4;0;0;11025.0;2026-06-21
KENAVO PAROYO;2;1;0;5450.0;2026-07-17
KOEUR DE VANILLE;6;1;0;16050.0;2026-05-22
KATE METEOR;6;3;0;15900.0;2026-08-01
KAPORAL WINNER;2;0;0;5425.0;2026-02-22
KOPEK BOURBON;3;0;0;8175.0;2026-07-17
KALEDA DE LA COUR;4;0;0;10600.0;2026-05-06
KADOR DE SEVRE;5;0;0;14075.0;2026-08-05
KLEM DU HANOY;2;1;0;5450.0;2026-02-09
HISTOIRE DE LIERRE;7;0;0;19100.0;2026-08-04
HORS CADRE;5;1;0;13775.0;2026-08-11
ILLEGITIME PRINCE;2;0;0;5400.0;2026-04-26
HULTIMA;2;0;0;5450.0;2026-02-09
HARIBO DU DOME;2;0;0;5300.0;2026-03-15
JUNIOR ANGELE;6;2;0;16100.0;2026-07-04
JOYAU BLUE;10;0;0;25825.0;2026-08-09
JOCDOR;3;0;0;8300.0;2026-02-18
JAMAICA D'OYSE;9;1;0;23100.0;2026-07-31
INSOLITE EFBE;4;0;0;10425.0;2026-07-28
JACADI D'ARGILIN;3;0;0;8350.0;2026-08-15
IDEAL FOUR;4;0;0;11200.0;2026-04-11
JOW PIQUENARD;7;0;0;19025.0;2026-08-15
MY WILD;2;0;0;5425.0;2026-02-27
MALDA DU RIB;5;0;0;13700.0;2026-06-13
MIMOSA DE LARRE;5;0;0;12750.0;2026-08-05
MOZART LA LONDE;7;0;0;16625.0;2026-07-14
NEHO CINQ;7;2;0;17275.0;2026-07-11
NINOTEA;3;0;0;8250.0;2026-03-08
NOCTURNUS AVIS;3;1;0;8100.0;2026-03-31
NOTTINGHAM FIRST;8;0;0;21525.0;2026-07-01
INITIALE HERAULT;3;0;0;7650.0;2026-04-23
IVANA DES RACQUES;2;0;0;4200.0;2026-02-28
EDIMA;6;0;0;13509.0;2026-08-08
MARKUS DES AGETS;6;0;0;16775.0;2026-06-09
MILLESIME GWEN;7;1;0;18475.0;2026-06-07
MAESTRO BEHEM;4;1;0;10550.0;2026-04-10
MATCHO MESLOIS;3;0;0;8275.0;2026-03-17
MONDIAL DE FAVEROL;4;0;0;10750.0;2026-08-05
KESITO D'URVILLE;5;1;0;13675.0;2026-05-17
IRIS FARCEUSE;5;0;0;12500.0;2026-06-26
KISS ME HONEY;5;1;0;13050.0;2026-07-27
LE RETOUR VRIE;5;1;0;12075.0;2026-06-26
LOVEBIRD;9;0;0;20700.0;2026-08-14
LORD TURGOT;3;1;0;7650.0;2026-04-10
LAMONT DU DOUET;9;0;0;23975.0;2026-08-06
LIQUIDATEUR;9;0;0;20400.0;2026-07-11
MAYOLA VEDAQUAISE;6;0;0;15250.0;2026-07-18
MISS BLACK BERRY;3;0;0;7575.0;2026-02-22
GOGGIA;7;2;0;18250.0;2026-07-09
MELIA BARBES;2;1;0;4800.0;2026-02-19
MOONLIGHT DANICA;8;1;0;21000.0;2026-08-15
MACAO MIP;6;0;0;17400.0;2026-05-07
MALAGA D'ATOUT;7;0;0;18175.0;2026-07-29
MONA D'AVRIL;6;1;0;16325.0;2026-06-27
MILORD DE BUY;7;2;0;19250.0;2026-08-03
MANHATTAN RAIN;4;0;0;8500.0;2026-07-09
LOVELY DAY CEKE;1;0;0;2150.0;2026-02-03
LAZULITE GEDE;4;0;0;10650.0;2026-08-04
LA BOMBONERA;1;1;0;2150.0;2026-02-03
LIBERTE DU RIB;8;0;0;21275.0;2026-05-09
LE REVE D'OLMEN;5;0;0;12575.0;2026-04-26
LATINO BEJI;2;0;0;5075.0;2026-02-26
LINNA DE VANDEL;7;0;0;15550.0;2026-07-25
LUMIZIANA;4;0;0;10000.0;2026-05-31
LIKALETO DE WALLIS;8;1;0;21850.0;2026-07-13
KIR NORMAND;5;0;0;12850.0;2026-06-03
KIMBA DU NOYER;5;0;0;14025.0;2026-04-24
KRISTAL DREAM;5;0;0;13550.0;2026-07-20
KIRIO DE REUX;2;0;0;5075.0;2026-02-07
JOKER DU MIDI;9;0;0;23075.0;2026-08-15
IDEAL DU MAXFRAN;4;1;0;9650.0;2026-07-18
JUMPER;5;0;0;11250.0;2026-08-13
JAZZ DES MANIS;6;0;0;16425.0;2026-08-11
JOS DU JAL;2;0;0;4850.0;2026-06-13
JOYE DE FANTASIA;2;0;0;4550.0;2026-02-21
JACKARY D'OCQUE;8;0;0;21125.0;2026-07-29
JAVA DES TIGARDS;9;1;0;24225.0;2026-07-29
NECTAR DE MONTCEAU;5;0;0;13025.0;2026-04-14
NENESS MENUET;1;0;0;2850.0;2026-02-04
NY MASTER;6;1;0;16475.0;2026-07-16
NON STOP DE FOOT;5;2;0;14300.0;2026-07-01
NAPOLITANO D'AWA;5;1;0;14250.0;2026-07-22
MAHANA RED;3;1;0;7800.0;2026-04-26
MON ALTESSE;7;0;0;18225.0;2026-06-22
MISS DE L'AUNAY;4;0;0;9350.0;2026-08-13
MISSION DU CHOQUEL;4;0;0;9825.0;2026-08-10
MUSE DU GOUTIER;5;0;0;13325.0;2026-05-24
MELOPEE;4;0;0;10050.0;2026-03-22
MIRACULEE D'OCQUE;4;0;0;10400.0;2026-06-07
MA CHARMEUSE;7;0;0;18750.0;2026-07-13
MISS MELODY PEEL;8;3;0;19075.0;2026-07-22
MARAL;3;1;0;7550.0;2026-05-29
MAGIC FOOT;6;0;0;14150.0;2026-08-09
MUSCARI DE RIVIERE;8;1;0;20150.0;2026-07-16
MAGE DES MONTS;7;0;0;18375.0;2026-08-13
MURMURE;7;0;0;17100.0;2026-08-13
MANDARINO FLEURY;12;0;0;31300.0;2026-08-15
MONTAUK;1;0;0;2150.0;2026-02-04
MILLIONS CYJUS;2;0;0;4850.0;2026-04-04
KEL DIABLO ERGEE;5;0;0;12925.0;2026-08-06
KAISER TURGOT;11;2;0;27800.0;2026-08-04
KILLER ANGOT;4;0;0;9450.0;2026-07-14
JAGGERS;1;0;0;2150.0;2026-02-04
JAVA DU MONCEL;2;0;0;4750.0;2026-04-19
KOBE EIGHT;7;2;0;19050.0;2026-06-19
JACK DE MUZE;1;0;0;2150.0;2026-02-04
KAPITO CLUB;8;0;0;20575.0;2026-06-20
LALE;6;0;0;14250.0;2026-08-04
LOVE ME ALWAYS;6;1;0;14050.0;2026-06-18
LUIDGI DES EPINES;2;0;0;4950.0;2026-03-08
LE PRINCE DU RIS;2;0;0;4650.0;2026-03-14
L'OURAGAN;2;0;0;4850.0;2026-02-23
LORENZO DE HOERDT;4;0;0;10400.0;2026-04-19
INDIGO DU PERCHE;6;1;0;14250.0;2026-07-18
JOB DU PERSIL;7;1;0;17075.0;2026-06-26
IMPERIAL MARANDAIS;5;0;0;12500.0;2026-07-23
JAMES RULES;3;0;0;7675.0;2026-04-20
LORENZO DU NOYER;9;2;0;24750.0;2026-08-07
LEADER DU SAPHIR;2;1;0;5650.0;2026-03-29
LEADER DE MARZY;8;1;0;22500.0;2026-08-15
INDIRISS;4;0;0;11550.0;2026-05-14
JAG DE ROZEVIC;5;0;0;13975.0;2026-07-24
LOVELY SURPRISE;1;0;0;2850.0;2026-02-04
LAIKA DU LEARD;8;2;0;21600.0;2026-08-03
MARI ET FEMME;5;0;0;13150.0;2026-06-27
MARECHAL DU LEVANT;3;0;0;8425.0;2026-07-16
MYSTERIEUX;4;0;0;11325.0;2026-08-15
MONARQUE DU TRIEUX;7;0;0;19425.0;2026-07-18
MICKEY DE CRENNES;13;1;0;33350.0;2026-08-08
MATADOR DU PONT;6;0;0;16875.0;2026-08-10
MEARAS PAULOIS;3;1;0;8600.0;2026-05-28
METISSE DE VAL;3;0;0;8525.0;2026-03-29
MIGRAINE DE CONNEE;6;1;0;16925.0;2026-05-21
MISSING FLIGNY;4;0;0;10500.0;2026-03-29
MAGIA LA TRIGALE;11;0;0;29425.0;2026-07-13
MAHALIA D'IRAI;7;0;0;19100.0;2026-06-02
MARQUISE DES ARRIS;8;2;0;21275.0;2026-07-01
MY QUEEN;5;1;0;12975.0;2026-07-26
MA TALOU JOLY;1;0;0;2850.0;2026-02-04
NICE AND FORTUNE;4;1;0;11050.0;2026-08-05
NUTELLA DE VANDEL;9;1;0;22850.0;2026-08-08
NYPTIA D'ARIANE;4;0;0;10500.0;2026-06-25
NIKITA DES ARRIS;6;1;0;16300.0;2026-06-02
NEO TURBO;5;1;0;13200.0;2026-08-07
HELIOS DES CHAMPS;5;0;0;13325.0;2026-05-26
JACOMO BELLO;8;1;0;19625.0;2026-07-09
IL MAGNIFICO;8;2;0;20175.0;2026-08-15
LOU PANTAIL;4;2;0;10050.0;2026-04-17
LIVE YOUR DREAMS;10;0;0;26025.0;2026-08-14
LEVEL ONE SYGA;7;1;0;18325.0;2026-08-12
LATINOS DU NOYER;7;0;0;16950.0;2026-06-16
LITTLE DRAGON;3;0;0;7850.0;2026-08-05
MA LILI GEMA;3;0;0;7600.0;2026-02-27
MAUNY DE PLAY;7;0;0;19475.0;2026-08-05
MISS LADY D'ALESA;3;1;0;8275.0;2026-03-17
LAREDO BAY;5;0;0;11575.0;2026-06-26
LERIKA DU CHENE;3;1;0;6400.0;2026-05-11
LELIA FRANCE;2;0;0;4850.0;2026-07-17
L'ENVIE D'HERFRAIE;4;1;0;9325.0;2026-05-09
LEA D'ATOUT;7;1;0;15650.0;2026-07-09
LIBERTY PAT;4;0;0;9250.0;2026-08-03
MISTER FOURCADE;3;0;0;6975.0;2026-05-05
LOZEN DE BANVILLE;10;0;0;25050.0;2026-08-02
LA GUARDIA;7;0;0;17925.0;2026-07-15
LEVADIA;1;0;0;2100.0;2026-02-06
LILYROSE WIND;9;0;0;21975.0;2026-06-23
LADY OF DURBUY;4;0;0;9750.0;2026-04-14
LIBERTE HAUFOR;1;0;0;2100.0;2026-02-06
LUNA DE JOUDES;7;1;0;17850.0;2026-08-11
INES DE LA ROUVRE;6;0;0;16150.0;2026-08-12
HISA DU MARGAS;7;0;0;18225.0;2026-08-13
IMPLORA MAUZUN;6;1;0;15875.0;2026-07-13
GREAT TIGRESS;2;1;0;5625.0;2026-03-08
LA MAGIE DU PERSIL;4;0;0;10300.0;2026-07-29
MILADY MADRIK;8;2;0;20250.0;2026-06-29
L'AUDACE;11;0;0;29150.0;2026-08-11
L'ORANGE;1;1;0;2700.0;2026-02-06
FALSTAFF FONT;2;0;0;5000.0;2026-03-06
LIONEL MEARAS;6;0;0;14350.0;2026-08-07
LEZZO FIGHTER;6;3;0;16300.0;2026-05-22
OLYMPUS DRAGON;1;0;0;2850.0;2026-02-06
KILLER RAIN;1;0;0;2850.0;2026-02-06
FARAMIR AS;1;0;0;2850.0;2026-02-06
FORCE OF NATURE;8;1;0;20150.0;2026-07-25
FLY TOP;3;0;0;7050.0;2026-04-04
LAST MAN;5;0;0;13375.0;2026-06-06
NYMPHE PAJELO;2;0;0;4650.0;2026-04-26
NALA DE FAY;7;0;0;17700.0;2026-06-13
NETIQUETTE;2;0;0;5000.0;2026-02-24
NUIT DE PAQUES;5;0;0;12450.0;2026-04-04
NASHVILLE TURGOT;4;0;0;10475.0;2026-05-17
NITRO DEUGE;8;0;0;20425.0;2026-08-08
MARYLIN SAUTONNE;2;0;0;5650.0;2026-02-24
MARIE DE L'AUNAY;8;0;0;20000.0;2026-07-16
MELLY STAR;4;0;0;10500.0;2026-04-25
MISS GRAIGNES;5;1;0;13175.0;2026-07-14
MACUMBA DES PLANS;2;0;0;5375.0;2026-03-01
MALOU DE LA ROUVRE;5;0;0;12975.0;2026-08-13
MISS MOUROTAISE;10;0;0;26600.0;2026-06-11
MACARON;5;1;0;13825.0;2026-05-15
MARCO DES GACHERES;5;1;0;12350.0;2026-05-10
MYSTERE DES ARRIS;7;0;0;18600.0;2026-07-28
KISS ME JAMINI;6;1;0;16350.0;2026-07-24
KALINE DE CONNEE;3;0;0;7725.0;2026-07-16
KISS ME MATCH;3;0;0;7200.0;2026-03-30
KAPELLA FABULET;2;0;0;4700.0;2026-04-13
KRISTAL VICTORY;2;0;0;4850.0;2026-04-13
KANELLE LA RAVELLE;5;0;0;12434.0;2026-07-23
KALINE D'ARDENNES;2;0;0;4775.0;2026-03-22
KING PRESTIGE;4;0;0;10000.0;2026-07-09
KASH DIBAH;7;0;0;18975.0;2026-07-16
KATENKINO;1;0;0;2150.0;2026-02-06
KLIF DE LA MITRIE;1;0;0;2150.0;2026-02-06
KILIMANDJARO;2;0;0;4725.0;2026-04-30
KOOL DU VALVIC;5;0;0;12550.0;2026-07-14
KELROC;5;0;0;12675.0;2026-08-03
KASHKAI;10;0;0;26475.0;2026-07-19
NOVA DE CELLAND;4;0;0;10475.0;2026-04-18
NO LIMIT DELO;5;0;0;12700.0;2026-06-18
MARLEY;2;1;0;4800.0;2026-02-22
MYRIAM D'AZUR;3;0;0;7675.0;2026-03-17
MELISSE DES EPINES;2;0;0;4950.0;2026-06-09
MILKA DES THUYAS;2;0;0;4250.0;2026-07-22
MERYTATON;3;1;0;6900.0;2026-03-20
MAGIE DU CHATAULT;3;0;0;7075.0;2026-04-03
KARAMBAR;5;2;0;13175.0;2026-05-20
INDY ROCK;8;1;0;20125.0;2026-07-31
MAIN STAGE;2;0;0;4800.0;2026-02-28
GRINDELWALD;3;0;0;7275.0;2026-04-22
INVICTUS MADIBA;5;0;0;12850.0;2026-06-13
LOVE'S SECRET;5;0;0;13175.0;2026-06-21
LAVALO BELLO;2;0;0;5400.0;2026-03-20
LETIKALIN;6;0;0;14200.0;2026-06-22
LUGANO DE LOU;4;1;0;10300.0;2026-06-06
MEMPHIS DE BRASSE;2;0;0;4950.0;2026-02-15
MAT MANATHIS;1;0;0;2100.0;2026-02-07
MAGIC MAN;7;2;0;17375.0;2026-08-01
MONZON NORMAND;9;0;0;22175.0;2026-08-14
MAITRE JACQUES;5;2;0;11300.0;2026-08-14
MIDWAY LADY;7;0;0;16900.0;2026-08-14
FAHARAJAH ONE;5;1;0;11950.0;2026-08-07
FILLY MAIL;2;0;0;5000.0;2026-03-10
LOVE BITES;5;0;0;11900.0;2026-06-26
LOUISA D'ATOUT;3;0;0;8425.0;2026-04-27
LAUREATE DRY;7;0;0;19975.0;2026-08-06
KING D'HERMES;9;1;0;23350.0;2026-07-29
KANSAS QUESNOT;5;0;0;12575.0;2026-06-27
KING DE LARRE;10;0;0;26800.0;2026-08-04
KING MOKO;6;0;0;15300.0;2026-06-19
KOCKTAIL WOOD;12;1;0;32200.0;2026-08-01
MOON DE LA COTE;4;0;0;10350.0;2026-04-05
MIRAGE VALLON;3;0;0;7900.0;2026-06-01
MUSE DU LOISIR;6;0;0;15975.0;2026-07-04
MY LADY CASH;2;0;0;5325.0;2026-03-15
MISTER JOHNS;6;1;0;16075.0;2026-06-20
LUCKY D'AVIGNERE;9;0;0;25450.0;2026-08-15
LANCELOT BOCAIN;3;1;0;8650.0;2026-04-17
LE WINNER AS;4;0;0;11375.0;2026-07-19
KOCCINELLE;2;0;0;5700.0;2026-02-27
KALINE DU BOULAY;3;1;0;7900.0;2026-03-16
KOCCINELLE BEY;2;0;0;5325.0;2026-04-12
KATCHINA DUEM;4;0;0;10000.0;2026-07-14
KEEP COOL;6;0;0;16450.0;2026-05-30
IPSON DU VERNAY;4;0;0;10875.0;2026-06-17
IGOR DU PLANTIS;6;0;0;16300.0;2026-07-29
ICARE BRILLOUARD;3;0;0;7725.0;2026-04-06
INFATIGABLE;5;0;0;12775.0;2026-05-30
IMPULSIF D'AVENIR;6;0;0;15375.0;2026-05-17
HARDI;4;0;0;10275.0;2026-04-06
NO COMMENT DE FARS;2;0;0;4300.0;2026-04-24
JUANITO GOBERNA;1;0;0;2150.0;2026-02-07
NINA TIME;4;2;0;10750.0;2026-07-28
NECTAR DES LOYAUX;6;0;0;16175.0;2026-05-01
HERAKLION;4;0;0;11000.0;2026-05-17
JOY DU CARNOIS;8;2;0;23325.0;2026-07-20
INSAISISSABLE DUO;7;1;0;17800.0;2026-08-12
JUAN CARLOS GIFONT;2;0;0;4450.0;2026-03-13
KAPOOR D'OLMEN;3;0;0;8525.0;2026-05-08
KANTOR DU VIVIER;8;0;0;22625.0;2026-08-13
KERVELEAN;4;1;0;11425.0;2026-08-01
KALGARY;9;3;0;24100.0;2026-07-25
KILIM QUICK;2;0;0;5500.0;2026-04-30
LONDON RECALL;6;1;0;15175.0;2026-07-25
LUTIN DE BOISNEY;1;0;0;2700.0;2026-02-07
LEE ROCK BOND;6;1;0;16050.0;2026-08-12
MONNAIE DE VIETTE;6;0;0;16925.0;2026-08-15
MERVEILLE BOKO;2;0;0;5850.0;2026-03-03
MAMZELLE D'HERIPRE;4;1;0;10125.0;2026-05-06
MOSTRA DE CHANLECY;8;0;0;20800.0;2026-07-29
NAISSANCE ROYALE;1;1;0;2425.0;2026-02-07
NAPS;3;0;0;7450.0;2026-04-25
NEIGE D'EVER;3;0;0;7350.0;2026-06-08
NOKDOWN;2;0;0;5225.0;2026-03-22
NORMA FIRST;4;0;0;10525.0;2026-07-21
NOUMEA DEUGE;6;0;0;15875.0;2026-06-23
NACRE GLAM;1;0;0;2425.0;2026-02-07
MAMBACITA;6;1;0;16350.0;2026-05-08
MILLONGA VRIE;1;0;0;2425.0;2026-02-07
MAKITA PRIOR;1;0;0;2425.0;2026-02-07
MUZE DES BOIS;3;0;0;8075.0;2026-05-08
MALO KERYANN;4;0;0;10650.0;2026-07-02
KRONOS DE COSSE;2;0;0;5925.0;2026-02-15
KHALEESI DE MALAC;1;0;0;3125.0;2026-02-07
KIRIKOU DE RIVERIE;1;0;0;3125.0;2026-02-07
KERMES QUICK;2;0;0;6075.0;2026-04-24
KANELLE BUROISE;3;0;0;8800.0;2026-08-04
KEEP ME FLY;3;0;0;8875.0;2026-05-16
KOVALLIE MONTAVAL;2;0;0;5525.0;2026-02-21
KOPA VRIE;7;3;0;19850.0;2026-07-28
LASCAR DU RENARD;1;0;0;3125.0;2026-02-07
LARGO FLIGNY;3;0;0;8525.0;2026-04-19
LUXOR DE MARZY;10;3;0;28900.0;2026-08-15
LALISSA;3;0;0;8600.0;2026-05-15
LADY DES SOURCES;3;1;0;8725.0;2026-05-14
LADY DU PAOU;1;0;0;3125.0;2026-02-07
LACAROLIE FORGAN;2;0;0;6075.0;2026-06-13
L'ETOILE PASS;3;0;0;8925.0;2026-03-22
LAZURA PRIOR;9;0;0;25925.0;2026-05-12
JASON DE BERTRANGE;2;0;0;5850.0;2026-08-06
JAVA DE GARAMBEAU;3;0;0;8775.0;2026-06-21
JASPER SPOKEN;2;0;0;5675.0;2026-05-23
JISCOUR DU GERS;4;0;0;11300.0;2026-06-21
JOLI DE CONNEE;5;1;0;14150.0;2026-07-02
HARPER DE BANVILLE;2;0;0;5825.0;2026-02-22
JENKA DE MORMOULIN;5;0;0;13525.0;2026-07-02
NAPOLITANO VERO;3;0;0;8525.0;2026-08-05
NOTTINGEN;5;0;0;12759.0;2026-07-25
NECKLACE;4;0;0;9900.0;2026-07-11
NOE DES BAUX;6;1;0;14034.0;2026-07-18
NANO UP STAR;7;1;0;19400.0;2026-06-18
KOTKITA GIRL;2;0;0;4950.0;2026-02-18
KINDY DU VIVIER;9;3;0;22925.0;2026-07-21
KALINDA DU PARC;2;0;0;4950.0;2026-02-18
KOSY D'ERONVILLE;8;2;0;18975.0;2026-08-12
KASSIOPEE DREAM;8;2;0;21250.0;2026-08-14
KANELLE STAR;10;1;0;25150.0;2026-08-10
KATELINE DE BRY;3;0;0;8025.0;2026-03-27
KWALITA SUPREME;5;1;0;12650.0;2026-07-09
FRANCESCO ZET;2;0;0;6250.0;2026-02-22
INMAROSA;5;0;0;9377.0;2026-08-08
IGUSKI SAUTONNE;2;1;0;3709.0;2026-03-08
EPIC KRONOS;1;0;0;2100.0;2026-02-08
GO ON BOY;4;0;0;7468.0;2026-07-11
HOKKAIDO JIEL;4;0;0;8859.0;2026-05-09
KEEP GOING;5;0;0;11434.0;2026-07-25
JOSH POWER;3;0;0;6950.0;2026-04-18
PANTOCRATOR;5;2;0;13500.0;2026-07-17
BROTHERS IN ARMS;4;0;0;10400.0;2026-05-23
BOSCHA DIABLO;2;0;0;5550.0;2026-02-22
KELLE BEAUTE;7;0;0;18950.0;2026-05-15
LEMON TREE;4;0;0;11200.0;2026-08-05
L'AS DESBOIS;5;1;0;13400.0;2026-08-05
LISBONNE DRY;2;0;0;5550.0;2026-05-02
INSERT DES MONTS;6;0;0;16900.0;2026-08-05
JAG HAUFOR;5;0;0;12675.0;2026-05-22
JUNKIES MINDS;4;1;0;10550.0;2026-07-07
JIPET DE CREPIN;3;3;0;8425.0;2026-08-06
JUS DE FRUIT;1;0;0;2850.0;2026-02-08
HOLD UP DES VENTES;3;0;0;8600.0;2026-07-29
MAGIC INSTINCT;7;1;0;18300.0;2026-07-07
MISTER YELLOW;5;0;0;12100.0;2026-08-12
MARQUIS DU CHENE;7;0;0;18375.0;2026-06-19
MIKADO GEDE;3;0;0;6450.0;2026-03-20
MAMBO PLANCHETTE;2;0;0;4875.0;2026-04-11
MACINAGGIO;4;1;0;9825.0;2026-04-20
MISS MOON;3;0;0;7650.0;2026-06-20
MONBAZILLAC;4;0;0;10225.0;2026-04-26
MILORD WILLIAMS;3;0;0;7950.0;2026-03-20
MATCH OF THE DAY;2;0;0;5300.0;2026-03-20
KRITERE DE L'ETRE;2;0;0;5300.0;2026-03-20
KINGKARL;8;0;0;21600.0;2026-08-04
KLAXON DE REVILLE;5;0;0;13050.0;2026-04-06
KULTURE DUEM;1;0;0;2550.0;2026-02-08
KIEFFER DE BLARY;1;0;0;2550.0;2026-02-08
KINGPIN;3;0;0;7600.0;2026-04-06
KADIZ DU VIEUXCOUR;3;0;0;8500.0;2026-05-30
KOKI DE SPERETOUT;3;0;0;7525.0;2026-06-20
KIWIX PONT VAUTIER;3;0;0;7950.0;2026-04-04
LUTECIA ELLIS;6;2;0;16450.0;2026-08-07
JIKA SAUTONNE;9;1;0;24025.0;2026-07-29
JAPHET SNOB;2;0;0;5600.0;2026-05-24
JENKO DU HENNEQUIN;2;0;0;5450.0;2026-02-15
JIRENS DUEM;4;0;0;10975.0;2026-04-17
IANINA DES BORDES;4;0;0;11150.0;2026-05-12
ISEA D'HOULBEC;5;0;0;12425.0;2026-05-17
JASON BLUE;4;0;0;10200.0;2026-06-22
HOUSTON DE CUIGNY;9;1;0;23900.0;2026-08-12
INVICTUS DU DOLLAR;6;1;0;16325.0;2026-06-20
HERNANDO BELLO;2;0;0;4600.0;2026-03-03
IVARUN;6;0;0;13725.0;2026-07-24
IZIASLAV TEK;8;0;0;20350.0;2026-08-14
NESTA DE VANDEL;2;0;0;5375.0;2026-07-18
NALIANO D'ECHAL;8;3;0;22425.0;2026-07-25
NAUSICA DE CORBERY;5;0;0;12625.0;2026-08-03
NORA D'HOULBEC;4;0;0;10200.0;2026-08-05
NUTTY DE LA VALLEE;3;0;0;6800.0;2026-04-20
NIRVANA D'HERMES;7;2;0;19275.0;2026-05-27
NABUCCO DES DUNES;4;0;0;9850.0;2026-08-11
NICE GIRL DU MIDI;6;0;0;14900.0;2026-07-17
NANCY ANGANO;6;0;0;15700.0;2026-08-11
LATINUS DU PRE;5;0;0;13650.0;2026-08-12
L'ESPOIR DES BAUX;5;0;0;13900.0;2026-05-16
LUBERON DE LA CRAU;4;0;0;10875.0;2026-07-12
LISTAO;9;0;0;24125.0;2026-07-29
LORD SUGAR;4;0;0;9850.0;2026-04-05
MONTIGNAC;1;0;0;2650.0;2026-02-08
MAPPA DA VINCI;7;1;0;18950.0;2026-08-12
LADY DE NIMES;4;0;0;11100.0;2026-05-21
LIGNEE GEMA;3;0;0;8250.0;2026-03-27
LETOILE AMERICAINE;5;3;0;12825.0;2026-08-10
LEIRIA;3;0;0;8225.0;2026-02-28
LEGENDE D'YVEL;2;0;0;5575.0;2026-03-10
KANELLE DU NOYER;3;0;0;7725.0;2026-08-05
KATSOUKA;5;0;0;12500.0;2026-04-24
KYHANNA CHERIE;1;0;0;2650.0;2026-02-08
ILLA VILLA;7;0;0;19400.0;2026-06-21
KAPITANO DREAM;6;1;0;16500.0;2026-07-26
JAGUAR DU BOCAGE;10;2;0;26325.0;2026-08-12
INVICTUS D'ORGERES;3;0;0;8100.0;2026-04-05
GALVESTON;8;2;0;21600.0;2026-07-28
KANSAS DE LUBEL;7;1;0;19800.0;2026-06-26
JEZABEL DUFOURNEAU;2;0;0;5500.0;2026-06-13
KING OF SWING;2;0;0;5500.0;2026-02-16
KHEOPS DU PERRON;2;0;0;5150.0;2026-03-13
JINA FAST;7;2;0;17450.0;2026-07-20
IVANHOE RENKA;9;0;0;24275.0;2026-07-31
NAZZARENA;7;2;0;17750.0;2026-05-26
NIKING DE CONROS;2;0;0;4050.0;2026-03-31
NOBEL DE TILLARD;6;3;0;14525.0;2026-08-11
NOOK DE CONROS;1;0;0;2050.0;2026-02-08
NORAH DES CHARRONS;4;1;0;8750.0;2026-07-21
NYMPHEA DU MONT;5;0;0;11450.0;2026-07-03
MA DILIGENCE;2;0;0;4050.0;2026-08-02
MADEMOISELLE KEY;4;1;0;9050.0;2026-07-04
MAMACITA DU PUY;2;0;0;4100.0;2026-02-26
MUSE DE DOMPIERRE;6;0;0;13125.0;2026-08-09
MELODIE LOULOMA;2;0;0;4075.0;2026-03-18
MILADY SCOTT;2;0;0;4100.0;2026-02-26
MAKIRA DOLL;4;0;0;8200.0;2026-08-02
MY BEAUTY GEM;4;0;0;8825.0;2026-08-08
MISS HAPPY;7;0;0;16975.0;2026-07-26
MATADOR DU PERSIL;7;1;0;16150.0;2026-06-09
MISTRAL DE FORGES;2;0;0;4150.0;2026-07-12
MARLAU DU FOREZ;4;0;0;8275.0;2026-07-12
LUSKO;2;0;0;5300.0;2026-04-05
L'IDYLLE PAULCA;5;0;0;13000.0;2026-08-08
LANCELOT DU CORTA;1;0;0;2700.0;2026-02-08
LAURE DES RACQUES;1;0;0;2700.0;2026-02-08
LAIOS JULRY;4;0;0;10950.0;2026-08-08
LLUVIA DU HOULBET;2;0;0;5425.0;2026-02-26
LOLITA D'ECOTAY;2;0;0;5625.0;2026-03-10
LOOK DES CHARMES;3;0;0;7400.0;2026-08-08
LOLITA DES CHAMPS;6;1;0;14709.0;2026-07-04
GALOPIN DE BLOT;1;0;0;2700.0;2026-02-08
HOUPETTE ROSE;6;0;0;16550.0;2026-06-10
IAGO ROSE;5;0;0;11868.0;2026-06-30
IPPON DE MONTCEAU;7;1;0;16518.0;2026-08-02
MISTER CADENCE;1;0;0;2850.0;2026-02-08
MONTH DE BEAUM;5;0;0;13975.0;2026-05-22
METEORE DE SIENNE;3;0;0;8425.0;2026-07-16
JOE LE VEINARD;6;0;0;16150.0;2026-08-03
KOSETTE DU LINON;5;0;0;13750.0;2026-05-15
KAHIA DE LA CROIX;3;0;0;7800.0;2026-03-21
KOVES DU PONT;7;1;0;19675.0;2026-06-25
HENRIETT D'AURCY;1;0;0;2850.0;2026-02-08
GOOD COMPUTER;5;0;0;14450.0;2026-04-22
KNITULIA;1;0;0;2850.0;2026-02-08
KRISTINA BELLA;3;0;0;8450.0;2026-06-27
LUTTE DE COSSE;9;0;0;24950.0;2026-06-07
LE BARON BEZILLAT;9;0;0;24800.0;2026-08-05
LAURELINA;8;2;0;20975.0;2026-06-22
KALIAKIE PHEDO;5;1;0;14125.0;2026-04-30
LOVE AND SUN;3;0;0;7800.0;2026-06-27
NEPTUNE CHANTE;7;2;0;18425.0;2026-08-10
NEW STAR WIND;8;0;0;20850.0;2026-07-25
NISKAYA;2;0;0;5075.0;2026-06-19
NO LIMIT ERCA;6;0;0;15325.0;2026-07-07
NONOLETA;11;0;0;28000.0;2026-08-10
NUITEE D'AMOUR;8;0;0;20200.0;2026-07-16
NUMBA DIKA;2;0;0;4225.0;2026-06-07
NYMPHE TURGOT;4;0;0;9450.0;2026-07-05
NOMINEE;6;0;0;15125.0;2026-07-23
MANIFESTO;1;0;0;2800.0;2026-02-08
MILLESIME DARLING;4;1;0;11100.0;2026-07-30
MUSIKAM RUSH;4;0;0;11400.0;2026-07-09
MENHIR;7;4;0;19350.0;2026-08-01
MONTY BOY;6;1;0;15625.0;2026-08-07
MESSERO;1;0;0;2800.0;2026-02-08
MONEYPENNY;1;0;0;2800.0;2026-02-08
MAGENTA;5;0;0;14025.0;2026-06-19
MARILOU REGGAE;2;0;0;5475.0;2026-04-26
MALICE DE COSSE;4;0;0;11150.0;2026-04-12
MANSUETUDE;2;0;0;5200.0;2026-02-21
MISS DES BRIERES;1;0;0;2800.0;2026-02-08
MAMZELLE MOULVENT;1;0;0;2800.0;2026-02-08
L'OCEAN VERT;1;0;0;2800.0;2026-02-08
LUPIN DU HOULEY;7;0;0;18400.0;2026-08-14
LITCHI;2;0;0;5350.0;2026-02-22
LUCKY LULU;2;0;0;5525.0;2026-04-12
LAGOS DE VAL;4;0;0;11400.0;2026-07-28
LITTLE LOVE;2;0;0;4950.0;2026-07-23
LE TANGO DU RENARD;3;0;0;8025.0;2026-07-16
LINDOR DE L'AVRE;5;1;0;13400.0;2026-07-23
LIVOLO BELLO;4;1;0;11275.0;2026-06-15
LOKI D'ACIER;3;0;0;7850.0;2026-08-08
LOYAL;3;0;0;8475.0;2026-06-07
LOOKING FOR MONEY;2;0;0;5800.0;2026-02-21
ILLICO FLIGNY;7;0;0;19750.0;2026-07-02
JULIO DU RIB;2;0;0;4950.0;2026-04-13
JUNE D'ERABLE;7;2;0;18950.0;2026-07-14
HUNMEC SOMOLLI;6;0;0;15925.0;2026-04-05
JAGUAR FLORAL;2;0;0;5700.0;2026-02-21
INTELLO D'ERABLE;4;0;0;10775.0;2026-08-11
JEROCASH DE PHYT'S;3;0;0;8675.0;2026-03-13
JUILLET;4;1;0;11400.0;2026-07-19
JASMIN DU PERRE;6;1;0;16175.0;2026-06-17
JANIA DANICA;1;0;0;2800.0;2026-02-08
ISIS D'ERAH;2;0;0;5650.0;2026-02-20
ISPANO BELLO;5;0;0;13500.0;2026-05-15
FUEGO D'IRATY;2;0;0;5625.0;2026-03-08
IRMINIO KILY;4;0;0;10625.0;2026-04-06
HERMES DU DOMAINE;2;0;0;5650.0;2026-06-03
INTUITION SOYER;2;0;0;5650.0;2026-04-14
GO FAST DE VAINS;6;0;0;16450.0;2026-08-08
HELIOS DE VANDEL;2;0;0;5475.0;2026-04-26
GOODWOOD SPORT;3;0;0;8250.0;2026-07-11
IMPERIAL RYLD;2;0;0;5525.0;2026-02-27
IBIS D'OR;8;1;0;19825.0;2026-06-24
JONAGOLD;6;0;0;15200.0;2026-07-15
ILLUSION DE CHENU;4;0;0;10850.0;2026-04-15
KENTUCKY TUILERIE;2;0;0;5375.0;2026-07-14
KARL SPEED;3;0;0;7775.0;2026-06-20
JAVERT;1;0;0;2050.0;2026-02-09
JIRELLA DU LOISIR;1;0;0;2050.0;2026-02-09
JOYAU DE LA COTE;3;0;0;7950.0;2026-02-27
LOUNA DU CHERISAY;2;0;0;5225.0;2026-03-18
LADY PURPLE;5;0;0;13750.0;2026-08-04
LUISA;1;0;0;2625.0;2026-02-09
LILAS METIS;3;0;0;8125.0;2026-04-10
LEADER WINNER;7;0;0;17900.0;2026-05-23
DUNA DI GIRIFALCO;6;1;0;16275.0;2026-06-14
IDEAL DE RIVRAY;2;0;0;5250.0;2026-03-03
JOYCE DELTO;5;1;0;14375.0;2026-08-05
INSTANT GRAVE;2;0;0;5025.0;2026-05-23
LINEA DE L'ALBA;8;0;0;21475.0;2026-08-13
LORETTE UP STAR;7;0;0;17375.0;2026-08-07
LIBERTINE D'ERABLE;4;0;0;10850.0;2026-03-22
LIRYA DE REVE D'OR;6;0;0;15950.0;2026-06-09
KANSAS BONBON;1;0;0;2725.0;2026-02-09
KARMA LIGHT;1;0;0;2725.0;2026-02-09
KOMELE;2;0;0;5550.0;2026-03-01
KIR DU BOULAY;6;1;0;16625.0;2026-08-11
KANDERO BELLO;3;0;0;8550.0;2026-06-08
KASIMIR DU BOIS;3;0;0;8125.0;2026-05-30
HIGH MONEY D'AVRAN;3;0;0;7525.0;2026-03-26
JERIKA DE KERYANN;7;0;0;18675.0;2026-07-24
JEU COQUIN;1;0;0;2725.0;2026-02-09
JACQUOT DU DOME;3;0;0;8575.0;2026-08-05
HEGA DES LANDIERS;4;2;0;9775.0;2026-07-21
HUNICOIS;3;0;0;8175.0;2026-05-03
IVALO DU BOCAGE;5;1;0;13725.0;2026-08-11
IBIZA DU CHERISAY;4;0;0;9725.0;2026-05-12
MEILLEUR KURYS;9;0;0;24300.0;2026-05-24
MIC DUNDEE;4;1;0;11000.0;2026-07-05
MELODIE D'OBRET;1;0;0;2700.0;2026-02-09
MISSY MELODY;9;0;0;24125.0;2026-07-19
MA BELLE ATTAQUE;3;1;0;7600.0;2026-03-30
MASCOTTE DU STADE;5;0;0;12675.0;2026-07-13
MISSING;5;3;0;13000.0;2026-06-06
NOVATEUR;4;1;0;11025.0;2026-06-04
NOUKY TOLLEVILLE;3;0;0;8225.0;2026-05-14
LOLITA;3;0;0;8200.0;2026-08-04
LAISSEZ FAIRE;6;0;0;16275.0;2026-06-27
LA FORMIDABLE;6;0;0;14775.0;2026-07-09
LADY DE SAFRAN;6;0;0;15009.0;2026-08-08
LEMONADE FIZZ;3;1;0;7050.0;2026-05-09
MAISY DU DONJON;7;0;0;19125.0;2026-08-11
MONANZA CASTEL;8;0;0;21950.0;2026-08-10
MELODIE D'AMOUR;6;0;0;15125.0;2026-06-24
NEW WAVE;8;2;0;21275.0;2026-08-13
NOOR DU CAMPUS;5;2;0;12050.0;2026-06-13
MUSIQUE CLASSIQUE;8;0;0;20725.0;2026-06-19
MANOU DU CHENE;8;0;0;19000.0;2026-08-08
MAHIZ DE GUEZ;3;0;0;6975.0;2026-04-07
MESSINA;8;1;0;20475.0;2026-07-18
MAYA GERBEHAYE;3;0;0;6975.0;2026-03-20
MERIBEL;1;0;0;2175.0;2026-02-10
MA LIBERTE;3;0;0;7750.0;2026-08-13
MY SAVE QUICK;4;1;0;10025.0;2026-08-06
KALOU LA TRIGALE;4;2;0;9550.0;2026-06-10
KEL COPAIN;3;0;0;7925.0;2026-07-17
KEVERT;5;0;0;13850.0;2026-07-24
SAM PIERJI (BEL);4;1;0;10425.0;2026-08-02
SECRET OF LAW;7;2;0;16425.0;2026-08-08
DUKE OF NEW YORK;5;0;0;11925.0;2026-08-02
FACE WISE AS;1;0;0;2700.0;2026-02-10
FRISEE KB FONT;4;0;0;9284.0;2026-08-08
ZANZA FRANK;3;1;0;6800.0;2026-08-08
SILVER BULLIT(SWE);5;0;0;12075.0;2026-08-14
HAROLD SAUTONNE;3;0;0;7250.0;2026-05-23
COSMICO POLARE;2;0;0;4600.0;2026-04-05
SIDNEY CELEBER;4;0;0;8900.0;2026-05-09
ICARE DU POMMEREUX;5;0;0;12750.0;2026-08-11
JEEK D'ACADIE;13;1;0;34950.0;2026-08-15
KIARA DES MONTS;10;0;0;26675.0;2026-08-13
LOLITA STEED;4;1;0;11075.0;2026-04-21
L'ETOILE D'URSIN;2;0;0;5650.0;2026-02-25
LADY STARLIGHT;3;0;0;8350.0;2026-04-12
LA BREVINOISE;3;0;0;7725.0;2026-03-24
LORD DE LOIRON;6;0;0;17400.0;2026-07-27
MY LOVE DU VIVIER;4;1;0;11350.0;2026-07-31
MBAPE DES CHARRONS;3;2;0;8850.0;2026-03-13
MYTHE DU GOUTIER;2;0;0;5550.0;2026-07-29
NYCIA RED;5;1;0;12300.0;2026-08-10
NOSTALGIE LOISIR;1;0;0;2150.0;2026-02-10
NANUCHKA;6;2;0;13925.0;2026-06-09
GAETANE DU VIVIER;8;0;0;18625.0;2026-08-13
JO DE CAZOULENE;6;0;0;14900.0;2026-05-30
HERCULE BRILLOUARD;5;0;0;13350.0;2026-08-06
JEUDI DES RACQUES;6;0;0;17075.0;2026-06-24
JUMBY BAY;6;0;0;14700.0;2026-06-15
JAIFA DE L'ITON;1;1;0;2700.0;2026-02-11
KNOWLEDGE DE JEMA;1;0;0;2100.0;2026-02-11
KAJAGOOGOO;7;0;0;18425.0;2026-07-24
KORRIGAN SIBEY;1;0;0;2100.0;2026-02-11
NOUGAYORQUE;5;0;0;12350.0;2026-05-22
N'OUBLIE JAMAIS;5;1;0;12375.0;2026-05-19
KATE DU RIL;10;6;0;26000.0;2026-08-01
KILANTA PASMARICK;5;0;0;13900.0;2026-07-23
KITA DU RIB;1;0;0;2700.0;2026-02-11
KARMINA DU BREUCQ;2;0;0;5400.0;2026-02-23
KYUSHU;2;1;0;5425.0;2026-07-15
KADIX DEL PHEDO;2;0;0;4900.0;2026-03-09
FONTE CHIARA PAR;2;0;0;5400.0;2026-02-27
KATTEJAMMER CASH;2;0;0;5400.0;2026-02-27
MAXIMILIANO DE LOU;3;2;0;6725.0;2026-05-05
MATADOR;4;2;0;9775.0;2026-05-12
MADE IN LOVE PASS;5;0;0;11625.0;2026-07-14
MALOU DU BOIS;9;0;0;22725.0;2026-06-29
MY MARCEAUX;2;0;0;5000.0;2026-04-29
MAG NESS ONE;1;0;0;2700.0;2026-02-11
MON LUCERNAIS;6;0;0;15050.0;2026-08-02
MOCKINGJAY;6;1;0;14875.0;2026-06-10
MALICE JULRY;3;0;0;8200.0;2026-06-13
MAYA DU RADON;6;0;0;15100.0;2026-08-09
MA SOIE ANTIQUE;1;0;0;2700.0;2026-02-11
MUSE LIGERIENNE;4;0;0;9850.0;2026-07-28
MAMY BLUE TIT;5;3;0;14100.0;2026-07-21
MARBELLA DREAM;9;0;0;23950.0;2026-06-26
JASMIN D'ENOGAT;2;0;0;5375.0;2026-03-01
IOWA DE TOUCHYVON;8;0;0;21375.0;2026-08-08
IDEAL DELADOU;10;0;0;27200.0;2026-08-14
KEL JAC;3;0;0;7975.0;2026-07-19
KENNEDY JAMES;2;0;0;5300.0;2026-03-12
JIFF DES CELLIERS;8;0;0;22425.0;2026-07-26
KENZA KALOUMA;4;0;0;11050.0;2026-05-18
KRAK DE BUSSIERES;6;2;0;16625.0;2026-08-04
KRYSTAL DE BERAR;2;0;0;5550.0;2026-04-08
KAGOUYA OTSUSUKI;4;0;0;10725.0;2026-06-20
KRONOS DE BUSSET;8;0;0;21650.0;2026-08-04
LORENZO DAIRPET;1;0;0;2700.0;2026-02-11
LARABELLO STAM;5;0;0;13525.0;2026-07-28
LATINO PASS;7;1;0;17150.0;2026-08-10
LEJACK DERIG;3;0;0;7400.0;2026-08-02
LASCAR D'ENFER;5;3;0;13950.0;2026-06-16
LOTUS PAULOIS;3;0;0;7425.0;2026-07-28
LA BRIERE;4;0;0;10725.0;2026-07-17
LADY MAGIC;3;0;0;8025.0;2026-03-18
LARNOA;5;0;0;13750.0;2026-07-17
LAMPEE DES GOUJONS;8;0;0;20850.0;2026-08-10
LIBERTY DE NERET;5;0;0;12550.0;2026-06-10
L'ETOILE DE PAME;5;0;0;14025.0;2026-06-24
FEMTO DE VAUVERT;11;0;0;31700.0;2026-08-09
IDEAL SAN LEANDRO;3;0;0;8575.0;2026-07-25
ILLUSION JIPAD;3;0;0;8775.0;2026-03-08
NADIR;3;3;0;8775.0;2026-08-07
LIKE THAT;7;0;0;17125.0;2026-08-10
LOLITA DE RICO;4;0;0;11650.0;2026-05-21
MADE IN CARLESS;5;0;0;14925.0;2026-06-10
MISTRAL DU BOIS;6;1;0;16750.0;2026-05-22
LAGO DE PERVENCHE;3;0;0;7175.0;2026-04-30
JINGLE LOVER;7;4;0;17834.0;2026-07-26
MAESTRO DE FERFAY;6;0;0;15850.0;2026-07-30
MON PRESTIGE NEMO;4;1;0;11375.0;2026-06-11
MERCATO DES FORGES;4;1;0;11025.0;2026-08-04
IDUNN;10;1;0;27300.0;2026-07-30
JOYAUX DE REUX;3;0;0;7400.0;2026-07-07
ILLICO DE BOMO;1;0;0;2850.0;2026-02-12
INDYDARCHE;6;0;0;15400.0;2026-08-08
HARRY D'OURVILLE;1;0;0;2850.0;2026-02-12
MAGIC ALOUETTE;8;0;0;19900.0;2026-07-28
MAMMA PAULO;6;1;0;15700.0;2026-07-29
NEAL DU VIVIER;5;1;0;12150.0;2026-04-27
NEVADA JAMES;6;1;0;16400.0;2026-08-10
NOT A BAD DEAL;7;2;0;17425.0;2026-08-10
NOBLESSE JISCE;10;0;0;24650.0;2026-08-02
NAYA D'ERONVILLE;7;3;0;17675.0;2026-08-10
JABIOLE BELLEMARE;3;0;0;8350.0;2026-04-27
JELINA DES RACQUES;4;0;0;11350.0;2026-03-15
JET SETTER D'AURCY;4;1;0;11350.0;2026-05-07
HORIZON DU TRIANON;2;0;0;5700.0;2026-02-26
MEKONG;3;0;0;6450.0;2026-08-07
MADE IN CASTELETS;8;1;0;18700.0;2026-08-08
MON CARAT;5;0;0;11125.0;2026-04-21
MAESTRO D'AVEL;2;1;0;4900.0;2026-02-22
LAVALLOISE GIRL;1;0;0;2700.0;2026-02-13
LETTRE D'AMOUR;4;0;0;10425.0;2026-04-27
KELLISIA GIRL;6;0;0;16825.0;2026-07-28
KARMA TEJY;8;0;0;21050.0;2026-07-29
KAZAN BEACH;5;0;0;14275.0;2026-06-01
KANCALAIS;3;0;0;7650.0;2026-04-13
MANDARINA DE LOU;7;0;0;17750.0;2026-06-19
METSUYANE ERA;3;0;0;6900.0;2026-04-01
MOOVIESTAR SOMOLLI;5;0;0;12050.0;2026-08-14
MAKINA DANICA;2;0;0;4850.0;2026-07-07
MUSICA JULMA;5;0;0;12350.0;2026-04-28
MILADY OF PARIS;5;1;0;12000.0;2026-07-31
MILADY DE LA PIECE;8;2;0;20800.0;2026-08-13
IMPERIAL DURABUTIN;5;0;0;13350.0;2026-06-12
INSHOT JOSSELYN;4;0;0;10575.0;2026-05-09
GORDON MIJACK;6;0;0;14625.0;2026-06-25
NEMESIS WELL;3;0;0;6975.0;2026-06-09
NEWSTAR DE CREPIN;2;0;0;4575.0;2026-03-01
NOVA DE L'ETOILE;1;0;0;2275.0;2026-02-13
NUAGE DE JAFRAN;4;0;0;9575.0;2026-08-05
NINO DU CHOQUEL;5;2;0;12900.0;2026-08-01
MYSTIC DIVA;3;0;0;7475.0;2026-03-01
MARNIE;6;0;0;16450.0;2026-06-19
MA VIE DE HOUELLE;8;1;0;21775.0;2026-07-08
MISUA BARTH;8;0;0;21850.0;2026-08-04
MILAMONDINA;7;0;0;18875.0;2026-07-08
MONA SAUTONNE;4;2;0;10400.0;2026-04-23
MARATA;3;0;0;7725.0;2026-07-15
MINERVE DE VANDEL;5;2;0;12725.0;2026-07-22
MOON WALKER;5;0;0;12650.0;2026-08-08
MADE IN CLEMAXELLE;6;0;0;15575.0;2026-08-08
MARSHALL D'AVRIL;6;0;0;16050.0;2026-05-30
MAGIC DIGEO;4;0;0;10400.0;2026-05-16
MISTER D'ECROVILLE;6;2;0;14750.0;2026-06-12
MAMOUNIA DE LUBLE;5;1;0;13200.0;2026-06-28
MEETING MESLOIS;8;0;0;19175.0;2026-08-13
MARIBEL MAGNIFIQUE;3;0;0;7300.0;2026-03-18
LOVE DE CERIZE;5;1;0;14300.0;2026-06-25
LOTS OF LOVE;4;0;0;10550.0;2026-03-23
LITCHI CASTELETS;6;0;0;16025.0;2026-05-23
LAMIRAL D'ERABLE;3;0;0;8475.0;2026-05-21
L'AS DE SMARVES;5;1;0;12700.0;2026-06-06
LUI DU DONJON;6;0;0;17650.0;2026-08-05
LEOPARD WIT;5;1;0;14150.0;2026-05-31
LIKE MESLOIS;4;0;0;10875.0;2026-07-16
KALISSA DES KECHES;1;0;0;3000.0;2026-02-13
KERGOLIO;2;0;0;5725.0;2026-07-16
KRACK DES VIGNES;5;0;0;13325.0;2026-08-03
KARMA D'AVRAN;2;0;0;5625.0;2026-03-01
KLEOPATRA BLUE;1;0;0;3000.0;2026-02-13
KARAT COOL;4;0;0;11675.0;2026-06-01
KING TURGOT;7;1;0;19300.0;2026-07-14
KILLER BECO;3;0;0;8425.0;2026-06-13
KENNY NELGER;6;1;0;16950.0;2026-08-03
KASH MADRIK;7;2;0;19900.0;2026-08-13
JOLIE TEJY;5;0;0;14175.0;2026-07-13
JERK HAUFOR;4;0;0;11450.0;2026-06-30
KLASSIKA DIDALO;4;1;0;11375.0;2026-05-08
JUNON DE LOU;9;1;0;24175.0;2026-08-09
HAPPY COCO;2;0;0;6025.0;2026-04-19
FRENCH LOVER;2;0;0;5875.0;2026-03-14
JEUNESSE ETERNELLE;3;0;0;8675.0;2026-04-10
GISARO;7;3;0;19400.0;2026-08-12
IXEL DE L'AUMOY;4;0;0;11200.0;2026-04-17
JOKER PLANCHETTE;4;0;0;11025.0;2026-05-01
JOLO LOVE;5;0;0;14100.0;2026-07-12
INIMITABLE;5;0;0;13450.0;2026-06-21
JEAN MAJYC;1;0;0;2650.0;2026-02-13
KEDERMANN;9;0;0;22900.0;2026-08-12
JALAPA;6;0;0;15100.0;2026-08-01
JEWEL D'HERMES;2;0;0;4950.0;2026-03-13
ILLUSTRE SAX;1;0;0;2650.0;2026-02-13
JOKER JOLI;4;0;0;11300.0;2026-06-19
KALYPSO DE CHOC;3;0;0;8225.0;2026-06-13
KETMIE PRINCESSE;4;1;0;10775.0;2026-05-01
KATCHINA;4;1;0;10550.0;2026-06-27
LA KIFFANCE MIL;4;0;0;10800.0;2026-04-12
LOVICTORY WILLIAMS;7;1;0;18325.0;2026-07-15
LE POULIGUEN;13;3;0;36175.0;2026-08-12
LIBRIS EX BOURBON;3;0;0;7875.0;2026-04-15
MALICE D'OCCAGNES;8;1;0;20575.0;2026-07-21
MY DREAM QUICK;2;0;0;5350.0;2026-02-26
MIKE DES CARREAUX;7;0;0;17900.0;2026-06-24
MAGIC DOLLAR;4;2;0;9800.0;2026-06-13
JOUE PAS AVEC MOI;3;0;0;8225.0;2026-02-27
JEANNOT DU VALLON;5;1;0;13250.0;2026-07-14
JEU ROYAL;7;2;0;18050.0;2026-07-21
IMPERIALE DE SYHM;4;0;0;10275.0;2026-03-15
HERMES D'AIROU;3;0;0;7900.0;2026-03-26
HORUS DES CHAMPS;4;0;0;10150.0;2026-04-19
NIGHT DE BANVILLE;7;0;0;17900.0;2026-06-17
NAGRADO GOLD;3;0;0;7375.0;2026-05-30
MORINADE;1;0;0;2575.0;2026-02-14
MAHATMA DANICA;7;0;0;18000.0;2026-06-18
MARILOUGO DE FARS;1;0;0;2575.0;2026-02-14
MATCH BOCNEUF;3;1;0;8100.0;2026-06-27
LELLAMIKA;7;0;0;19125.0;2026-08-11
LOULOU'S TEAM;3;0;0;7925.0;2026-06-05
JUDY MATIDY;4;0;0;10175.0;2026-07-29
HAPPYJO DE LIGNY;1;0;0;2625.0;2026-02-14
HARRY CARISAIE;7;1;0;18475.0;2026-07-31
HELIOT DE CAHOT;2;0;0;5550.0;2026-03-08
MISTER CHARM;6;0;0;15200.0;2026-07-21
GIOIELLO ROC;6;0;0;15375.0;2026-07-11
MALIGNO;3;0;0;7750.0;2026-07-25
MANDELA SEVEN;4;0;0;10200.0;2026-04-03
MARLEY DE BAILLE;3;0;0;7500.0;2026-04-03
MADMAX JEF;3;0;0;7500.0;2026-04-03
LOUSTIC VERT;4;0;0;11100.0;2026-06-07
LITCHI BAM;5;1;0;14000.0;2026-07-16
JAB KISS;11;1;0;28950.0;2026-08-14
JET DE BUSSET;8;0;0;21625.0;2026-07-18
JERZINHO SPORT;4;1;0;9884.0;2026-07-04
INDOCILE;9;0;0;22975.0;2026-07-10
JOLIVERT DU GERS;8;1;0;20525.0;2026-07-29
DOWHATYOUDODOWELL;2;0;0;5625.0;2026-08-07
ELEGANZA AV;5;0;0;11850.0;2026-05-22
MAKE IT A STAR;2;0;0;5550.0;2026-03-18
KYNTE FLUSH;7;0;0;17100.0;2026-07-01
KALINE DE FAEL;2;0;0;5300.0;2026-03-02
MASINA DE TILLARD;3;0;0;8400.0;2026-04-04
MAYA DU SURF;4;0;0;11100.0;2026-05-02
MANIGOD;2;0;0;4275.0;2026-03-20
MELCHIOR JAMES;6;0;0;14225.0;2026-06-15
MONKADOR JASMA;4;0;0;11225.0;2026-05-01
MARIO BELLO;5;2;0;13825.0;2026-06-04
MOLSHEIM;4;1;0;11450.0;2026-08-05
MIX DU CAUX;4;0;0;10825.0;2026-05-08
MAGIC BOEING;1;0;0;2800.0;2026-02-15
MILIK;2;0;0;5300.0;2026-04-05
MAGIC DREAM;1;0;0;2800.0;2026-02-15
MAYFLOWER AR MOR;4;0;0;10500.0;2026-04-28
KETTY DU BREUCQ;2;0;0;5500.0;2026-02-22
KABYLIE DE BOMO;1;0;0;2800.0;2026-02-15
KASANGA;1;0;0;2800.0;2026-02-15
JOYAU DU PASSAGE;4;0;0;10750.0;2026-04-13
JALOUISIA GIRL;1;0;0;2800.0;2026-02-15
JIOSCO DU PARC;2;0;0;5600.0;2026-06-07
JUPITER DE MAISY;8;0;0;21575.0;2026-08-08
JOB DE CHOISEL;7;0;0;18625.0;2026-08-13
JULIE DU CLOS;3;0;0;8450.0;2026-06-07
NEVER EVER;4;0;0;10450.0;2026-06-22
NINJA LANDIA;1;1;0;2200.0;2026-02-15
NORIGANO;5;1;0;12300.0;2026-05-27
NOUVELLE KARA;2;0;0;5050.0;2026-03-11
NORMA CASTELLE;9;0;0;23550.0;2026-08-07
NEVER ON TIME;6;1;0;15200.0;2026-08-03
JAKARTA MADRIK;11;1;0;31400.0;2026-08-01
IZENHA DU PILET;2;0;0;5750.0;2026-05-08
JERRY DE BRAYE;8;3;0;21400.0;2026-08-07
IF DE QUERAY;4;0;0;10550.0;2026-08-07
ISIS DE CALVI;4;0;0;11325.0;2026-05-08
JASMINE DU MELEUC;3;0;0;8600.0;2026-06-07
HYAK DES FONTAINES;5;0;0;14200.0;2026-07-30
HEROINE DE TALA;6;0;0;16800.0;2026-07-11
JUMPER DE LA NADE;1;0;0;2800.0;2026-02-15
INTENSE ACE;4;0;0;11125.0;2026-08-06
INCROYABLE TALENT;2;0;0;5700.0;2026-04-04
NASDAQ DU BOCAGE;2;0;0;5350.0;2026-03-08
NEKFEU MANATHIS;2;0;0;4950.0;2026-06-21
NINJA DU HOULME;3;0;0;7700.0;2026-04-12
NABUCCO DE GODREL;4;1;0;10525.0;2026-04-26
NOLIO DU BARBEY;9;0;0;22200.0;2026-08-12
MIRACLE OF LOVE;3;1;0;7550.0;2026-07-13
MAGICIEN D'OZ;7;0;0;18875.0;2026-08-12
MYSTIC DARK;5;0;0;14025.0;2026-06-11
MILORD LANDEMER;2;0;0;5550.0;2026-04-04
MIMIL;5;0;0;13900.0;2026-07-09
JAG DE LAYE;3;0;0;8125.0;2026-04-05
JOYAU DU VIVIER;2;0;0;5300.0;2026-03-01
JORSO;2;0;0;5500.0;2026-03-15
JACINTHE FOUTEAU;3;0;0;8075.0;2026-05-24
JACKSON HAUFOR;1;0;0;2675.0;2026-02-15
JITANA WILD;2;0;0;5575.0;2026-03-04
JOYCE DREAM;8;0;0;21850.0;2026-08-06
LEONIE D'AIMTE;2;0;0;4875.0;2026-03-05
LARISSE D'ECHAL;8;2;0;20800.0;2026-07-09
LILOU;5;0;0;13050.0;2026-07-02
LEFFE DU BRISSE;3;0;0;7800.0;2026-04-25
LITTLESNABE;3;0;0;7600.0;2026-07-17
LISA MARIA;6;1;0;15925.0;2026-07-29
LADY NANIE;2;0;0;5500.0;2026-06-22
LADY DE MELLERAY;9;0;0;22650.0;2026-08-07
LOVELY FOUTEAU;5;0;0;13875.0;2026-07-19
LA MISS DE GINAI;1;0;0;2675.0;2026-02-15
MAJESTE DE MONE;2;0;0;5525.0;2026-08-15
MARQUISE D'EURVAD;1;0;0;2575.0;2026-02-15
MAYA DE VAU;2;0;0;5200.0;2026-05-10
MEGAPOLIS;2;0;0;5450.0;2026-04-04
MAMAROSE;1;0;0;2575.0;2026-02-15
MARIA GLORIA;4;0;0;10700.0;2026-06-13
MILADY DU LEARD;1;0;0;2575.0;2026-02-15
MOONDY SLY;2;0;0;5325.0;2026-03-22
MUSE DES DURIEZ;1;0;0;2575.0;2026-02-15
MARIA MAGDALENA;1;0;0;2575.0;2026-02-15
LUTECE DE SIENNE;1;0;0;2575.0;2026-02-15
LEOPARDUS;4;1;0;11275.0;2026-05-19
LILOU DU HIDOUX;1;0;0;2575.0;2026-02-15
LEGACY FAFA;1;0;0;2575.0;2026-02-15
LORD DE L'ITON;5;2;0;13575.0;2026-05-30
LALDO LOUZEEN;6;2;0;16600.0;2026-06-29
LISKI DE LA CRIERE;6;1;0;16275.0;2026-08-15
ISERE;6;0;0;16775.0;2026-07-13
FELDSPATH THEPOL;3;0;0;8675.0;2026-05-27
HORN;4;0;0;10900.0;2026-06-30
HIRIUS DE GUEZ;5;1;0;13450.0;2026-08-08
HIROSS;2;0;0;5975.0;2026-02-27
HORACE D'ARTHENAY;7;0;0;18625.0;2026-08-12
INDIGO BEACH;1;0;0;3150.0;2026-02-15
GOUNIT DE L'AIROU;2;0;0;5300.0;2026-03-17
HERAKLION DESBOIS;9;0;0;25075.0;2026-08-12
FAXIMA;9;0;0;24250.0;2026-08-08
GLOBAL ENJOY;3;0;0;8425.0;2026-03-18
KLINGER (NOR);5;1;0;13350.0;2026-04-24
MAX OCCAGNES;7;2;0;18100.0;2026-07-09
INSTRUCTOR;9;0;0;23275.0;2026-07-19
GENTIAN KRONOS;2;0;0;5550.0;2026-02-28
GINGER BI;1;0;0;2700.0;2026-02-16
TULIPE OASIS;4;0;0;10525.0;2026-06-26
GAGA LADY (ITY);2;0;0;5550.0;2026-02-28
NOSTRA DE LAUNI;5;0;0;13125.0;2026-07-26
LUGER;3;0;0;7400.0;2026-03-28
NINA HAGEN D'OR;10;0;0;24900.0;2026-08-14
NEO DE JOUDES;6;4;0;14500.0;2026-06-21
KAVALA DE PADD;1;0;0;2600.0;2026-02-16
FOX TROT CERISE;4;0;0;9634.0;2026-05-28
GHOST DES CHARRONS;2;0;0;5300.0;2026-02-26
ILLICO DE CASTELLE;4;0;0;10375.0;2026-04-18
ILIANO DES PLAINES;7;0;0;16859.0;2026-08-01
JOKER DU HAMEL;1;0;0;2600.0;2026-02-16
MISS UNIVERS;3;0;0;8175.0;2026-03-17
MIYA DE JOUDES;3;1;0;7400.0;2026-03-31
MORE LOVE DUCAMPUS;3;0;0;7925.0;2026-07-22
MAGYC BERRY;1;0;0;2600.0;2026-02-16
MAESTRO CELO;6;0;0;16050.0;2026-06-16
MISS LOULOU;6;2;0;16850.0;2026-06-10
JHA;2;0;0;5500.0;2026-04-05
JUNGLE JULRY;1;0;0;2650.0;2026-02-16
JADE D'ALLIGNY;5;0;0;12625.0;2026-08-04
LOLA LOULOU;7;1;0;18850.0;2026-07-17
LORINA LOULOU;6;0;0;15250.0;2026-08-10
JAIME DE DOMPIERRE;1;0;0;2650.0;2026-02-16
JACK SPARCK;6;0;0;16375.0;2026-08-08
JET SCOTT;5;0;0;13025.0;2026-08-04
HALDO DE LA CLOUE;7;0;0;17100.0;2026-08-08
INDIE DE YOR;8;0;0;19375.0;2026-08-04
JUST FIRST LADY;6;0;0;14300.0;2026-08-02
IAKA;3;0;0;6750.0;2026-06-10
JASMIN DE LARRE;6;0;0;15825.0;2026-08-08
IT'S MY DREAM;2;0;0;5550.0;2026-04-11
HERCULE DE LEAU;5;0;0;12775.0;2026-05-22
GOAL STAR;3;0;0;7900.0;2026-04-17
MAJESTE DU MENIL;6;0;0;14650.0;2026-08-08
MANHATTAN D'AMER;8;0;0;20625.0;2026-06-25
MAN IN LOVE;4;2;0;9850.0;2026-05-29
MILKA LIO;5;0;0;13325.0;2026-07-07
MAGELLANO SUN;5;0;0;13875.0;2026-07-31
MOZART SAUTONNE;4;1;0;9200.0;2026-05-12
MUST DU BELLAY;4;0;0;10150.0;2026-04-03
LIBERTY CASH;2;0;0;4750.0;2026-03-05
JULIEN SENSEI;4;1;0;10900.0;2026-04-17
EXPLORER MUNDI;2;0;0;4850.0;2026-03-06
NICOLAS MATISSE;1;0;0;2700.0;2026-02-17
LOVEISLOVE PELLINI;3;0;0;7500.0;2026-07-22
FIGHTER KRONOS;5;0;0;13125.0;2026-04-27
MOUSTACHE;7;2;0;16125.0;2026-06-15
MERVEILLE DAB;8;0;0;21150.0;2026-07-29
MADISON DE NIMES;6;0;0;15500.0;2026-06-05
INES D'HERMES;3;0;0;7700.0;2026-03-13
HACKER MESLOIS;9;0;0;25350.0;2026-08-15
HEOL LORIETTES;5;0;0;13775.0;2026-04-29
LET ME SIXTY ONE;7;0;0;20050.0;2026-08-10
LYRIKO BELLO;9;0;0;25075.0;2026-08-10
NESPO;4;1;0;11725.0;2026-04-17
GABELOU CARISAIE;4;1;0;10475.0;2026-03-31
GIULIANO;3;0;0;8550.0;2026-03-10
JAXON DE BRY;5;1;0;12825.0;2026-08-04
HOUSTON D'ARIANE;8;0;0;22550.0;2026-08-15
IWAN D'AVEL;5;0;0;13300.0;2026-06-01
MAGISTRALE MAGA;2;0;0;5300.0;2026-03-12
MISS FLEUR;5;0;0;12050.0;2026-08-08
MILOYA ROSE;2;0;0;5500.0;2026-05-11
MY LADY ISLAND;5;1;0;14150.0;2026-06-01
MY LOVE PANAME;5;1;0;11725.0;2026-05-23
NOMADE BEST;4;0;0;11350.0;2026-05-15
LOMBARDO DE LOU;7;0;0;19300.0;2026-08-09
LOLITA DE JEMAX;3;0;0;6459.0;2026-07-04
L'AMIRAL FLOWER;7;0;0;18725.0;2026-07-13
KALISTA TILOU;1;0;0;2700.0;2026-02-18
KAVALE ERCA;1;0;0;2700.0;2026-02-18
HUGO DE JEMAX;5;0;0;11800.0;2026-05-17
IDEAL DE BANNES;2;0;0;5350.0;2026-03-12
LILOU DES LANDES;3;1;0;8400.0;2026-03-15
LOVE ME BERRY;6;0;0;15450.0;2026-06-06
LAGUNA SECA;7;1;0;19600.0;2026-08-15
LILOU TREMBLADAISE;4;0;0;11525.0;2026-06-12
LELIZIA;5;2;0;13925.0;2026-05-19
LOLA DU CLOS;5;2;0;14100.0;2026-06-07
LADY DE GREZ;1;0;0;2850.0;2026-02-18
L'IDEALISTE;8;0;0;21975.0;2026-06-25
LISTEL D'URZY;5;0;0;14100.0;2026-07-30
LEWIS DE GINAI;8;0;0;21675.0;2026-08-07
LOOK DES ECUS;11;2;0;28734.0;2026-08-15
LOOK AT ME D'AIRZA;1;0;0;2850.0;2026-02-18
LARABIEN;9;0;0;24450.0;2026-08-05
LOOK PEJI;8;1;0;22150.0;2026-08-08
LET'S GO LANDEMER;3;1;0;8200.0;2026-06-05
KEMILLA DE BRION;6;0;0;15250.0;2026-07-08
KASTA DU RIB;6;0;0;15750.0;2026-06-30
INTRIGUE DE VIETTE;5;0;0;13850.0;2026-07-23
KOREA;3;0;0;8600.0;2026-08-02
KILLARNEY;5;0;0;13375.0;2026-07-25
IENISSE DE BARBRAY;5;1;0;13800.0;2026-07-12
JAMAICA PHEDO;4;2;0;11400.0;2026-06-05
INSTALL D'ALOUETTE;6;0;0;15550.0;2026-08-06
HOWDY QUICK;1;0;0;2850.0;2026-02-18
LUCKY GUY BOKO;2;0;0;5000.0;2026-03-16
HUDSON BAIE;7;0;0;19525.0;2026-08-05
JERENAL D'HAMELINE;6;0;0;16625.0;2026-07-27
MOTLEY CRUE;3;0;0;8075.0;2026-07-02
MY LOVE JULMA;5;2;0;14275.0;2026-04-23
MIROS;5;0;0;13900.0;2026-04-28
INVECTUS JELOCA;4;0;0;10725.0;2026-04-19
KASSKOU CLEMAXELLE;1;0;0;2850.0;2026-02-18
JOKER DES ISLES;2;0;0;5850.0;2026-04-22
KRONO DU TRIO;6;1;0;16100.0;2026-07-05
JOB KERVILOU;2;0;0;5600.0;2026-08-06
KHEOPS DE FREDLAU;2;0;0;5675.0;2026-03-08
I LOVE LATAL;1;0;0;2850.0;2026-02-18
NAEL D'AVEL;6;2;0;16650.0;2026-08-06
NEW STAR DE JALE;2;0;0;5550.0;2026-05-06
NEWCASTLE DE JED;3;0;0;7150.0;2026-07-03
NICOS BLEU;5;0;0;14125.0;2026-08-11
NOCCATO D'ORLY;5;2;0;14025.0;2026-08-08
NOTHINGELSEMATTERS;5;3;0;12750.0;2026-06-05
NOTTINGHAM PLACE;8;0;0;22125.0;2026-08-11
NINA DE VANDEL;2;0;0;5300.0;2026-03-05
NORMA DE CAHOT;4;0;0;9975.0;2026-07-07
NEW STAR QUICK;4;1;0;10075.0;2026-08-15
GLOUGLOU D'EMI;5;0;0;12125.0;2026-08-08
FLAMBEUR DU DIGEON;1;0;0;2850.0;2026-02-19
GALEO D'AMARO;4;0;0;9975.0;2026-07-16
HIGOR DAIRPET;5;0;0;12209.0;2026-05-22
GOODMORNING CHARLY;5;1;0;13100.0;2026-06-05
HADRIEN;2;0;0;5675.0;2026-06-01
HAUTAIN;3;0;0;7900.0;2026-03-17
GALINETTE BLEUE;7;0;0;19500.0;2026-08-07
GUESS FOUTEAU;2;0;0;4950.0;2026-02-25
MARGOT DE BETAN;2;0;0;5400.0;2026-02-25
MALICE SPEED;4;0;0;10375.0;2026-04-21
MELLYNGA;8;0;0;21325.0;2026-07-21
MARELLA DALEO;8;1;0;21125.0;2026-08-01
KALMIA BOSS;4;0;0;11400.0;2026-06-01
KLOE D'ARRY;7;0;0;18175.0;2026-07-21
KONSTANCIA D'OYSE;6;1;0;15800.0;2026-08-14
NABUCCO DE RIVIERE;2;0;0;5450.0;2026-03-22
NIMITZ D'HERIPRE;6;0;0;16075.0;2026-07-31
LEXCELLENT DU METZ;4;1;0;11050.0;2026-07-31
LE GRAAL;7;3;0;18125.0;2026-07-01
JAMAIQUE DE HOERDT;6;0;0;15725.0;2026-07-24
JULIANA BREIL;3;0;0;8325.0;2026-08-04
JOSY DES LANDES;4;0;0;11150.0;2026-07-25
JEUNE ORANGE COTON;5;0;0;13650.0;2026-06-18
MILAN;5;1;0;12050.0;2026-05-09
MONTEQUILLO;6;0;0;15775.0;2026-07-01
MARION D'ATOUT;1;0;0;2100.0;2026-02-19
MOONWALK D'HERIPRE;8;1;0;19900.0;2026-07-18
MAESTRO DE L'AUMOY;3;0;0;7725.0;2026-06-27
MULTIPASS;9;0;0;23050.0;2026-08-08
MARQUIS MARANDAIS;4;0;0;10050.0;2026-06-20
MISTER DU CHOQUEL;7;2;0;19050.0;2026-06-20
MARIE BLACK;1;0;0;2750.0;2026-02-19
MIAMI DREAM;6;1;0;15525.0;2026-07-13
KLASSICA DESBOIS;1;0;0;2150.0;2026-02-19
KHALIFE DELALANDE;4;1;0;9625.0;2026-05-30
KIKI;5;0;0;12550.0;2026-06-17
JAS DU TRUFIER;1;0;0;2150.0;2026-02-19
KERNOLENN;3;0;0;7650.0;2026-04-13
KUNTA KINTE;1;0;0;2750.0;2026-02-19
KINGSLAYER PELLINI;7;5;0;17875.0;2026-07-27
JASMIN DU VALLON;6;3;0;15409.0;2026-06-17
IT'S ME DIESCHOOT;4;0;0;11075.0;2026-06-01
NON STOP MESLOIS;7;1;0;17800.0;2026-08-08
NEPITA;1;0;0;2100.0;2026-02-20
NOUMBA AS;5;0;0;12625.0;2026-08-11
NOTRE DE MEMARTIN;1;0;0;2100.0;2026-02-20
NORDWEST MONTVASON;2;0;0;4950.0;2026-02-26
LORD FROMENTRO;1;0;0;2100.0;2026-02-20
LADY PRINCESS;5;1;0;11725.0;2026-07-22
LA LUNA STAR;6;0;0;15775.0;2026-08-06
LOVE D'AUTHISE;3;0;0;7750.0;2026-06-11
LADY BIRD JENILAT;7;1;0;16475.0;2026-08-03
LUTELLIA MONNERIE;4;0;0;10525.0;2026-06-21
LILY MARGOT;2;0;0;5000.0;2026-03-13
LOVELY LA CHENAIE;10;1;0;27425.0;2026-08-10
KATHLEEN D'ECOTAY;4;1;0;8750.0;2026-05-15
COOL KRONOS;6;0;0;16225.0;2026-08-10
L'ULTIME ESPOIR;3;0;0;7925.0;2026-03-24
LABEL D'HERMES;3;0;0;8075.0;2026-07-08
IES WE KAN;4;0;0;10475.0;2026-07-19
FRANKLIN PARK;2;0;0;5850.0;2026-03-07
IMPULSE JULRY;8;2;0;20800.0;2026-08-02
NOSTALGIE D'OLMEN;3;1;0;8500.0;2026-08-08
FAKIR DE LARRE;9;0;0;23675.0;2026-08-02
LOCMARIA JEWEL;2;0;0;5825.0;2026-03-08
LEMPICKA SEPT;1;0;0;3000.0;2026-02-21
LOOK VIVANCIERE;5;0;0;14225.0;2026-07-15
LEODAGAN;2;0;0;5800.0;2026-03-22
LE MISSOURI;5;0;0;13950.0;2026-08-06
LOULOU DU PRATEL;4;0;0;11200.0;2026-08-08
LOOK REBEL;5;0;0;13650.0;2026-08-05
LYS GEMA;8;3;0;22925.0;2026-07-27
LAZIO;2;0;0;5850.0;2026-04-23
LOVE ME DO MESLOIS;2;0;0;5800.0;2026-03-18
KINAMIE DU PRE;1;0;0;3000.0;2026-02-21
KORIA FLIGNY;4;0;0;11100.0;2026-06-13
KUEEN DE MONGUERET;5;0;0;13450.0;2026-06-15
KALINA VENDEENNE;2;0;0;5825.0;2026-03-08
KATNISS MORMOULIN;6;1;0;17200.0;2026-07-16
KEA DES RACQUES;6;1;0;14850.0;2026-06-22
KILL THE BLUES;4;0;0;11050.0;2026-08-03
KAOUITO DES GLENAN;9;2;0;24150.0;2026-08-03
KALIO DE BRAYE;4;0;0;11375.0;2026-06-01
KRACK DESBOIS;5;0;0;14350.0;2026-08-04
KROME;1;0;0;3000.0;2026-02-21
JOSEPHA MESLOISE;4;0;0;11600.0;2026-05-08
JUSTICE PROUVEE;4;0;0;10950.0;2026-04-23
IRIS RENARDIER;8;1;0;21025.0;2026-08-05
INDIEN EMJI;8;0;0;21850.0;2026-08-08
IN THE AIR;2;0;0;5825.0;2026-03-08
JOYCE ANGOT;5;1;0;13825.0;2026-06-20
MY SUN DRALIAM;7;0;0;19225.0;2026-08-04
MALAKITE DE L'ITON;4;0;0;11225.0;2026-07-28
MA ROSE DE SARTHE;4;1;0;11550.0;2026-08-05
MAJESTE DE JANZE;3;0;0;8475.0;2026-04-26
MISTER LOVE JULMA;5;0;0;14575.0;2026-06-27
MAGIC DE VAUVILLE;6;0;0;17125.0;2026-07-15
NECTAR DE JANZE;2;0;0;4625.0;2026-04-01
NIGHTWISH TOR;2;0;0;5000.0;2026-03-15
NOBLESSE;7;2;0;17300.0;2026-05-19
NAOS DE BANVILLE;3;0;0;7825.0;2026-06-19
NEUVAINE;6;2;0;15925.0;2026-08-11
KIRA DE CAHOT;6;0;0;14800.0;2026-07-26
KARA DES DUNES;2;0;0;4600.0;2026-03-09
KEOPS DU RABUTIN;6;0;0;16125.0;2026-07-20
ITON DES LANDES;3;0;0;8550.0;2026-05-30
IPAD LILA;5;0;0;13975.0;2026-07-30
JOEYSTAR DE NIRO;6;0;0;15100.0;2026-07-30
IDEAL D'ARTONGES;1;0;0;2900.0;2026-02-21
JALENZA DU BOCAGE;4;0;0;10475.0;2026-08-06
JESSIE LAKE;4;0;0;10625.0;2026-04-20
JESS D'HERTALS;3;0;0;7800.0;2026-04-20
JINA D'ERPION;7;1;0;17850.0;2026-07-25
L'AS TEJY;1;0;0;2400.0;2026-02-21
LE GRAND DE VIRY;3;0;0;7050.0;2026-05-11
LIKE YOU MADRIK;5;0;0;13300.0;2026-07-24
LITTLEBOY D'HOLLOW;1;0;0;2400.0;2026-02-21
LARAFALE PASMARICK;9;1;0;23125.0;2026-07-25
LAZIE PONT VAUTIER;5;0;0;13100.0;2026-06-01
LEXI BIRDIE;4;0;0;9550.0;2026-07-23
MASTER PIT;5;2;0;13250.0;2026-07-24
MEMPHIS DE VIETTE;1;0;0;2400.0;2026-02-21
MY DU BOIS;2;0;0;5150.0;2026-03-08
MEC D'ERLANGER;7;2;0;18825.0;2026-08-11
MAX LA FRIPOUILLE;3;1;0;7800.0;2026-03-28
MALOU DE DIGEON;4;0;0;9750.0;2026-06-10
MOON THE LOON;1;0;0;2400.0;2026-02-21
MOST WANTED;4;0;0;9875.0;2026-05-16
MELODIE ZIZOU;2;0;0;5200.0;2026-03-22
MARIANNE;7;0;0;18575.0;2026-07-26
MATOUNE;1;0;0;2400.0;2026-02-21
JERRY PAULO;3;0;0;7900.0;2026-04-23
JOYAU DE RIVERIE;3;0;0;8200.0;2026-05-01
JALOUX;3;0;0;7700.0;2026-05-16
IRONIE DES BROUETS;4;0;0;10825.0;2026-04-05
JAD DES ELIES;4;0;0;11175.0;2026-04-12
IANOCHE;1;0;0;2900.0;2026-02-21
INSTIGATEUR;7;1;0;17650.0;2026-06-20
JERZINO VICI;3;0;0;7775.0;2026-06-07
SAMMY BOY (BEL);4;0;0;9650.0;2026-05-15
FAITH DI POGGIO;3;0;0;7500.0;2026-05-15
SEVEN SEAS S;5;0;0;11975.0;2026-08-02
LUCKY BOY VERTRAC;6;2;0;16325.0;2026-06-19
MAN OF STEEL (GER);4;0;0;10600.0;2026-07-22
HARMONY DU RABUTIN;5;0;0;14675.0;2026-06-21
IBIKI DE HOUELLE;4;2;0;12550.0;2026-06-21
JUST LOVE YOU;1;0;0;4150.0;2026-02-22
CAVIAR FROM MINE;3;0;0;8500.0;2026-06-21
KAYA DREAM;3;0;0;7775.0;2026-07-04
KOBAYASHI;4;1;0;10850.0;2026-05-09
DESIDERIO D'ESI;4;0;0;9050.0;2026-05-15
DOZEN OF OYSTERS;2;0;0;4800.0;2026-02-28
MYRTILLE MARBOULA;6;2;0;13425.0;2026-08-08
MOANA MESLOISE;3;0;0;7500.0;2026-03-31
MILLE MERCIS;4;1;0;11100.0;2026-06-01
MARABOU DODVILLE;2;0;0;5550.0;2026-07-05
MEGINO;3;0;0;7675.0;2026-08-12
NITCH DE REVE D'OR;6;1;0;16625.0;2026-08-05
NIMOKO;2;0;0;4975.0;2026-03-20
NOBLESSE MIKA;7;1;0;17875.0;2026-08-12
LATINO CASTELETS;5;1;0;12950.0;2026-08-14
LEWIS DU SURF;1;0;0;2550.0;2026-02-22
LEF DE THABE;1;0;0;2550.0;2026-02-22
LACKING SPIRIT;9;3;0;21259.0;2026-08-08
LURACAN TEPOL;3;0;0;7900.0;2026-04-13
LICINUS BOCAIN;5;0;0;12375.0;2026-06-24
MISTRAL DEL PHEDO;3;0;0;8325.0;2026-07-01
MAC LUCERNAIS;4;0;0;10550.0;2026-04-19
MIROITANTE DE PADD;7;1;0;19150.0;2026-08-01
MAMY BLUE FOSCA;1;0;0;2650.0;2026-02-22
MAZURKA DU PRE;1;0;0;2650.0;2026-02-22
MYSTIQUE ULTRA;5;0;0;13250.0;2026-04-24
MIDWAY DE BANVILLE;3;1;0;8475.0;2026-04-04
MAYFAIR;3;0;0;8250.0;2026-07-16
MAVISTA DE LOU;2;0;0;5400.0;2026-03-20
KIWI DE LAVRIGNAIE;6;2;0;16150.0;2026-06-17
KLOE DU ROUEZO;6;0;0;16200.0;2026-08-01
KAISER CHANCE;6;0;0;15725.0;2026-06-17
KAGNOTTE D'AZIF;2;0;0;5550.0;2026-03-15
JAURIAS;5;0;0;13825.0;2026-06-05
KALINOU QUICK;5;0;0;13775.0;2026-06-13
LANANA D'ESCRIT;5;0;0;13600.0;2026-08-04
LUCIOLE DES VENTS;5;1;0;13475.0;2026-04-19
LINSKAYA D'ART;3;0;0;7675.0;2026-06-01
LOUNA DE SUZON;2;0;0;5050.0;2026-05-01
LEDA SAINT LATUIN;1;0;0;2550.0;2026-02-22
LASTOJAINE;2;0;0;5350.0;2026-05-08
KARLOS NAY;2;1;0;5150.0;2026-03-28
KINOS DE CRENNES;2;0;0;5325.0;2026-06-21
KLINT D'ESPOIR;2;0;0;4700.0;2026-06-15
KEMILLA LEAGABIN;3;0;0;7700.0;2026-04-12
ILET DE LA MITRIE;1;0;0;2550.0;2026-02-22
JADE SOTHO;4;0;0;10350.0;2026-06-08
JUPITER DANICA;2;0;0;5175.0;2026-03-03
JUVARI DU QUENNE;4;0;0;11025.0;2026-06-12
JALIX DE NIOUX;8;0;0;21650.0;2026-08-02
JOUR DU TRESOR;2;0;0;5575.0;2026-05-24
INTEL;7;1;0;18000.0;2026-08-04
IMAGIOUS DE VANDEL;9;0;0;24750.0;2026-08-08
KANARY BAY;5;2;0;14100.0;2026-08-14
KANEA DE L'ABBAYE;5;0;0;13825.0;2026-06-27
NEFERTITI;7;1;0;18725.0;2026-08-13
NOTE D'OR;5;0;0;13825.0;2026-05-21
NOUBA DU CABARET;7;1;0;18650.0;2026-06-07
NOUVELLE D'ATOUT;2;0;0;4700.0;2026-04-12
NYMPHE D'HELIOS;1;0;0;2700.0;2026-02-22
NEOUVIELLE;4;0;0;11100.0;2026-05-22
NIKITA DREAM;3;0;0;7850.0;2026-03-18
MILI DE FLO;2;0;0;5400.0;2026-03-02
MALOUINE OR;3;0;0;8125.0;2026-05-06
MILADY DU BELLAY;1;0;0;2700.0;2026-02-22
MASCOTTE DE BOLERO;8;1;0;21900.0;2026-08-05
MERVEILLE GEMA;2;1;0;5400.0;2026-03-15
MONEY LAND;4;0;0;10825.0;2026-06-27
JAIRO DE GUOZ;5;0;0;13950.0;2026-06-20
JENNY BEACH;2;0;0;5550.0;2026-03-16
JALISCA FLIGNY;4;1;0;11300.0;2026-05-08
JEMILLIA BELLA;2;0;0;5500.0;2026-07-05
JOCKEY;5;2;0;13725.0;2026-08-07
JAYA DES BROUSSES;3;0;0;8500.0;2026-06-19
JOHANA DU GUESCLIN;3;0;0;8450.0;2026-08-15
LEWIS PARK;2;0;0;5600.0;2026-07-13
LE FRENCH DU SCION;5;1;0;13600.0;2026-06-27
L'ARTISTE MIL;1;0;0;2700.0;2026-02-22
LINDA DES LANDES;8;0;0;21750.0;2026-08-08
LEOPOLD DU BANNEY;4;1;0;11075.0;2026-07-10
LET'S GO VAL;11;1;0;29550.0;2026-08-12
LORD OF WIND;2;0;0;5100.0;2026-06-11
KAISER GIBUS;4;0;0;10950.0;2026-06-13
KESSLER CELESTE;2;0;0;5525.0;2026-03-08
JUSTE APRES;5;0;0;13775.0;2026-07-12
JACKPOT DU LOT;2;0;0;5550.0;2026-03-14
JOUEUR;1;0;0;2700.0;2026-02-22
KABIR BEDI;3;0;0;8400.0;2026-04-26
KALVITA LEBEL;1;0;0;2700.0;2026-02-22
KESSY MADRIK;2;0;0;5650.0;2026-05-18
KALI DU PERIGORD;5;1;0;13650.0;2026-08-05
KEZURA LORRAINE;8;2;0;19659.0;2026-08-01
MAGIC SYSTEM;6;0;0;16275.0;2026-08-08
METALO DU RIF;5;1;0;14400.0;2026-08-11
MUSTANG D'ERI;6;1;0;16700.0;2026-05-25
MAJOR ONE;3;0;0;8400.0;2026-07-04
MALAWI;1;0;0;2850.0;2026-02-22
MONTANA DU BOIS;4;0;0;11225.0;2026-07-02
MALO D'AVEL;4;1;0;11625.0;2026-08-15
MILLION DIAMANT;1;0;0;2850.0;2026-02-22
MAUVE DE FELLIERE;1;0;0;2850.0;2026-02-22
MISTRAL D'ERI;6;0;0;16600.0;2026-07-04
MISTER DE L'AUMOY;6;0;0;16250.0;2026-07-30
LAUTREC CARISAIE;10;2;0;28400.0;2026-07-23
LELSA RUSH;1;0;0;2850.0;2026-02-22
LOLA DE BASSIERE;7;0;0;19250.0;2026-08-07
LOEM DU TAY;5;0;0;14475.0;2026-06-07
LAPACHO DU FIER;4;0;0;11150.0;2026-07-21
LIEGO DU NOYER;2;0;0;5800.0;2026-05-02
LISZT DU CHATELET;4;0;0;11075.0;2026-05-15
LARINA DE LA MOIRE;6;2;0;16650.0;2026-07-25
JULICIA DE NESLE;2;0;0;5475.0;2026-04-05
JAMELIN;3;0;0;8525.0;2026-03-29
HOBBY DE L'EVRE;8;0;0;21750.0;2026-08-06
JIM DE SUCE;5;1;0;14575.0;2026-06-16
HIVAR DE CELLAND;3;0;0;8450.0;2026-03-22
INDIANA BUROISE;3;0;0;8600.0;2026-03-29
L'AMIRAL CHATAULT;5;2;0;13675.0;2026-05-20
LISANDRO DE LOU;6;0;0;16050.0;2026-08-10
LOUP D'ERPION;5;0;0;13600.0;2026-07-18
LEONARD;10;1;0;24650.0;2026-07-30
KILIANA DU VAUTOUR;3;0;0;7400.0;2026-08-02
KORONA DU CHIFFRES;4;2;0;10600.0;2026-07-24
KARA DU VAUTOUR;5;0;0;13725.0;2026-08-04
KARA DES BROUSSES;2;0;0;5100.0;2026-05-23
KARLA DES THUYAS;3;0;0;7700.0;2026-04-11
KADOLINE WEST;2;0;0;5450.0;2026-07-20
KAABA RINGEAT;6;1;0;15925.0;2026-06-17
KOQUETTE LIRE;9;1;0;24750.0;2026-06-22
KATYUSHA;3;1;0;8050.0;2026-03-28
KATHLEEN DU NORD;4;0;0;10675.0;2026-05-31
KLARISSA;7;0;0;19100.0;2026-07-20
KALAMATA BEACH;1;0;0;2700.0;2026-02-23
KOLOSSE RHODES;2;0;0;5450.0;2026-08-07
KEFIR COHIAIS;5;0;0;12600.0;2026-07-20
KINDER DE LA NAVE;4;0;0;10650.0;2026-04-20
KILLER DE BEAULIEU;7;0;0;18450.0;2026-07-20
KRAPO LILA;2;0;0;5250.0;2026-04-05
KOLCANI JEEP;3;0;0;8325.0;2026-04-05
KASHMIR PRESTANCE;6;0;0;16475.0;2026-07-29
KYROC D'ERPION;7;1;0;18825.0;2026-07-09
KAISER DE SIENNE;2;0;0;5525.0;2026-04-26
KINGSLEY ROBSEN;2;0;0;5500.0;2026-05-13
KITALIANO ALGREF;7;2;0;19000.0;2026-07-24
INSERT DU BAS BOSQ;4;0;0;9850.0;2026-04-28
IN AMERICA;5;0;0;13350.0;2026-05-03
JAZZ JENILOU;6;4;0;16725.0;2026-06-07
JURASSIC;8;1;0;21450.0;2026-07-10
MAGIC LOVE ELEVEN;4;0;0;10400.0;2026-08-02
MANHATTAN SYGA;3;1;0;8325.0;2026-03-22
MAN OF WOOD;5;1;0;14175.0;2026-05-21
MONT LIGNERIES;6;0;0;16475.0;2026-07-24
MOJITO CENE;7;1;0;17825.0;2026-06-13
MASTER KING;9;1;0;24375.0;2026-08-10
MAXIM D'HERTALS;6;0;0;15325.0;2026-07-18
MAFIA;3;0;0;8400.0;2026-06-22
MALICE DES CHAMPS;3;0;0;8475.0;2026-04-06
MISS DE REUX;4;0;0;10425.0;2026-05-24
MADY DU POMMEREUX;7;0;0;19125.0;2026-06-26
MIDNIGHT DU VICLAU;6;2;0;15825.0;2026-07-20
NELSON CHARENTAIS;3;0;0;7200.0;2026-03-16
NETSUKE;3;0;0;7525.0;2026-04-23
NINETY ONE BOND;3;0;0;8075.0;2026-04-05
NO COUNTRYNESS;3;1;0;8350.0;2026-03-30
NOBI BAROSSO;1;0;0;2825.0;2026-02-23
NORD CALITY;7;1;0;18800.0;2026-06-14
NOURKIS;7;1;0;19475.0;2026-07-22
NYSKIO SPORT;5;1;0;12875.0;2026-04-27
NEBRASKA;2;0;0;5525.0;2026-07-20
NEOH DAIRPET;5;0;0;13300.0;2026-05-20
MARTIN DOL;4;2;0;10500.0;2026-04-24
MARIO DE SIERRA;2;0;0;5650.0;2026-04-27
MILTON DREAM;4;0;0;11250.0;2026-06-07
MAGISTER;6;0;0;15825.0;2026-06-07
LEADER DE CERISY;9;0;0;24275.0;2026-08-12
LAGON DU DEZERT;1;0;0;2850.0;2026-02-24
LAPIN AGILE;4;0;0;10200.0;2026-08-14
MARCH OF THE QUEEN;1;0;0;2850.0;2026-02-24
MELINA BILOU;1;0;0;2850.0;2026-02-24
MOON NORMANDY;6;2;0;15500.0;2026-08-02
MADAME BOVARY;5;0;0;13550.0;2026-07-23
MAFIA DU BAS BOSQ;8;0;0;20775.0;2026-08-08
NEIGE DEBAILLEUL;1;0;0;2850.0;2026-02-24
NERISSA MESLOISE;5;0;0;13425.0;2026-06-15
NUEVA DE VANDEL;1;0;0;2850.0;2026-02-24
JAMES BOND GWEN;2;0;0;5475.0;2026-07-12
ITALIANO;5;0;0;13450.0;2026-05-03
IESOLO;6;2;0;17400.0;2026-08-15
HERMES DU LEARD;3;0;0;7100.0;2026-04-07
JOBSPOST;2;2;0;4200.0;2026-03-21
MISTER DONALD;1;0;0;2100.0;2026-02-25
CHEMAR;1;0;0;2100.0;2026-02-25
NORTON ELCE;3;0;0;7575.0;2026-08-03
NOUMEA DES BROUETS;5;0;0;12625.0;2026-08-02
NATIWHEL;1;0;0;2200.0;2026-02-25
MAITRE DU CHENE;7;2;0;19275.0;2026-07-29
MAJOR DU MARGAS;8;0;0;22200.0;2026-07-05
KIM SPEED;3;0;0;8375.0;2026-04-10
KRONA VIKING;7;0;0;18725.0;2026-07-24
ESTEREL GI;3;0;0;7500.0;2026-04-04
KATIA DE MUZE;4;1;0;10875.0;2026-08-14
MAFIA RINGEAT;6;0;0;16175.0;2026-07-29
MANDRAGORA FLEURY;6;0;0;14925.0;2026-07-12
MACAREUX DU TRIEUX;1;0;0;2850.0;2026-02-25
MISTER CHARLY;7;0;0;18750.0;2026-08-14
HENRIQUE;6;1;0;16025.0;2026-05-13
ISOLEE DU BOUILLON;4;0;0;11350.0;2026-06-27
JOAO DE VANDEL;1;0;0;2700.0;2026-02-25
IVAN D'URZY;3;0;0;7650.0;2026-04-18
JACK DU CEBE;5;3;0;13800.0;2026-07-04
NOTTINGHAM ROYAL;4;0;0;11225.0;2026-05-15
ISEULT FLOWER;3;0;0;8900.0;2026-04-22
FICIMER;2;0;0;5575.0;2026-06-16
HEDIC GEMA;6;1;0;17000.0;2026-08-05
MADRELLO;3;1;0;8475.0;2026-07-22
MAN ON FIRE;2;2;0;5625.0;2026-03-03
MARCHE A L'OMBRE;1;0;0;2700.0;2026-02-26
MAHATMA;7;0;0;19550.0;2026-08-07
NAPOLEON DE GOUYE;8;0;0;20300.0;2026-08-10
NETFLIX MADRIK;4;1;0;10925.0;2026-06-19
NICIAS;3;1;0;8250.0;2026-04-15
NOFARO;1;0;0;2925.0;2026-02-26
NUMERO DE LAUMONT;5;1;0;14000.0;2026-04-24
NIDORINO;5;0;0;14800.0;2026-05-27
NICE PARIS;3;0;0;8550.0;2026-08-01
LE POMMEREUX;3;0;0;8850.0;2026-03-27
LAMTOTO;3;0;0;7875.0;2026-04-25
HARBOUR D'ORGERES;5;0;0;12125.0;2026-05-27
LEGOLAS;5;0;0;14075.0;2026-06-27
KHERMES D'URZY;8;0;0;21900.0;2026-08-13
KATINKA GEMA;4;0;0;11300.0;2026-07-23
INDIANO JIM;6;0;0;16475.0;2026-07-23
MOON DES ARRIS;8;1;0;21125.0;2026-07-22
MAGIE DU LUPIN;3;1;0;8125.0;2026-08-04
MIBORA BUISSONAY;6;0;0;14950.0;2026-08-11
MAJESTY QUICK;3;0;0;8450.0;2026-05-07
LOVE YOU GAME;2;0;0;5750.0;2026-07-13
LIONEL ECUS;2;0;0;5850.0;2026-06-22
LUNCH;2;0;0;5525.0;2026-03-08
LUGANO DE HOUELLE;5;3;0;13350.0;2026-07-08
JAGUAR DU FAN;6;0;0;16225.0;2026-07-08
GAUCHO DE LA NOUE;2;0;0;5175.0;2026-04-10
ILMAT DES KECHES;4;0;0;10925.0;2026-07-27
ILIO MANNETOT;5;0;0;13375.0;2026-07-18
IGRISONI;2;0;0;5300.0;2026-03-09
INSTINCT SAINT BAR;4;1;0;11450.0;2026-06-07
HARIBO DU CARNOIS;6;0;0;16625.0;2026-06-25
HIDALGO DE VARENNE;2;0;0;5000.0;2026-03-06
ISERIA GRIFF;8;0;0;22800.0;2026-07-29
IMOKO JIBELAU;5;0;0;14350.0;2026-06-24
NESTINA;2;0;0;5700.0;2026-03-11
NOBLE DE SOURCE;4;2;0;11075.0;2026-07-10
NORMA DU LEARD;4;1;0;10050.0;2026-05-12
NO ONE;5;1;0;13450.0;2026-08-12
NESSICA PLANCHETTE;4;0;0;10150.0;2026-04-24
HOTLINE JAVANAISE;8;0;0;22625.0;2026-07-05
ICONIC JET;2;0;0;5725.0;2026-03-14
JUST PARTY DU FIEF;3;0;0;8375.0;2026-06-08
JOSTA;8;0;0;22975.0;2026-07-28
JUST BUILT;6;0;0;16500.0;2026-07-20
HIPPONY BOURGEOISE;2;0;0;5675.0;2026-03-08
IZIO D'ECHAL;4;0;0;10875.0;2026-07-28
ILTON DU BRAY;3;0;0;8350.0;2026-05-01
NIGHT CLUB;7;0;0;18475.0;2026-08-11
NOBELIX;4;0;0;9575.0;2026-04-14
NOE DU BOURG;1;0;0;2700.0;2026-02-26
NAHEMA BLUES;3;0;0;7000.0;2026-07-05
NOSTALGIE CENE;7;0;0;17800.0;2026-06-13
NEVA DES COMTESSES;1;0;0;2700.0;2026-02-26
MOLLY D'ACADIE;3;0;0;6850.0;2026-08-08
MAGIC MOVER;5;0;0;11600.0;2026-08-02
MIMI PINSON;7;0;0;17975.0;2026-08-08
MERCI MERCY;8;0;0;18575.0;2026-08-04
MAYA DU MESNIL;3;0;0;7400.0;2026-07-24
MISS DE TREMONT;4;0;0;10300.0;2026-05-11
MUST DELTO;3;0;0;6075.0;2026-08-02
MIGNON DU LOISIR;5;1;0;11675.0;2026-06-20
MARQUIS DES CHAMPS;2;0;0;4650.0;2026-05-24
MACFLY JIGANAYS;4;0;0;9450.0;2026-08-08
MIRACLE DU RABUTIN;5;0;0;13200.0;2026-07-01
MILO JOSSELYN;4;0;0;10250.0;2026-05-15
MATCH POINT;2;0;0;4075.0;2026-03-18
LE BEAU GOSS D'ABY;3;0;0;8150.0;2026-08-04
LALMERIA FILO;8;1;0;20625.0;2026-05-28
LIGUINOISE;1;0;0;2725.0;2026-02-26
LORD TRAPASSOU;1;0;0;2725.0;2026-02-26
IMPERATRICE VITELA;5;0;0;13925.0;2026-08-07
MANOLA DE MUZE;7;1;0;18825.0;2026-08-13
MALICIA DU ROCHER;10;0;0;25950.0;2026-08-14
LAROZE DU GERS;7;1;0;17925.0;2026-08-14
LUCKY PRIM;4;0;0;9725.0;2026-07-23
LEADER DE VENEL;4;0;0;8650.0;2026-06-24
LOGAN DES PRES;4;0;0;10475.0;2026-06-07
LE BOIS JOSSELYN;1;0;0;2175.0;2026-02-27
PLAYBOY DE REVE;2;0;0;5800.0;2026-08-05
KRISTO STAR;5;1;0;12800.0;2026-05-06
FIORANO;2;0;0;5650.0;2026-03-06
EMPIRE AS;6;0;0;14800.0;2026-08-12
LOVELY WILMA;6;3;0;14000.0;2026-07-25
FLORES DE CAMPO;3;0;0;6950.0;2026-05-13
FIABA DEL RONCO;4;0;0;9050.0;2026-05-22
HIMBERLAND;6;0;0;15500.0;2026-07-13
FURIOSO FLIGNY;4;0;0;10650.0;2026-05-21
COQUAHOLY;1;0;0;2700.0;2026-02-27
JE REVE DU BOIS;6;0;0;16150.0;2026-08-05
NANILLE DES APRES;4;0;0;11175.0;2026-07-16
NINO VERO;4;0;0;10000.0;2026-08-12
MARGARITA SANTMIXO;4;0;0;10925.0;2026-06-06
MISTER CAPELLO;7;0;0;19150.0;2026-08-07
MAX DE LA NOE;6;2;0;16700.0;2026-07-24
MATY ROYALE;6;0;0;15850.0;2026-08-08
MARQUISE DELACOUR;5;0;0;14025.0;2026-08-05
LOLITA DE SUCE;1;0;0;2825.0;2026-02-27
LUBIE DE CELINIERE;7;3;0;18025.0;2026-08-15
LEO DES PIECES;4;0;0;11225.0;2026-07-02
LEWIS GO;2;0;0;5550.0;2026-03-15
L'INCORRUPTIBLE;7;0;0;19650.0;2026-07-02
JULLOU;4;1;0;10875.0;2026-07-02
IVES DES GLENAN;5;0;0;13325.0;2026-07-13
HELIA SUCCES;6;0;0;16950.0;2026-08-06
HIP HOP DE MADKER;1;0;0;2825.0;2026-02-27
JAPPELOUP TURGOT;6;1;0;15150.0;2026-06-12
INSIGHT SPOKEN;1;0;0;2825.0;2026-02-27
HISTOIRE PHILS;7;0;0;19450.0;2026-08-09
NASTY GIRL QUICK;2;0;0;4900.0;2026-04-12
NEW DE LA COTE;3;0;0;7550.0;2026-07-19
NIKE RIVER;5;0;0;12525.0;2026-04-29
NEUF DE COEUR;3;0;0;7375.0;2026-07-15
NEREIDE PAN;6;0;0;15100.0;2026-07-17
KASGAGNAT;3;1;0;7950.0;2026-06-17
JUDIRA DE HOUELLE;4;0;0;10800.0;2026-05-17
JULIUS WILMIE;4;0;0;10800.0;2026-06-27
JOE LOUIS;2;1;0;5275.0;2026-04-24
ISPAHAN TEAM;3;0;0;7400.0;2026-05-30
MARCOTTE D'ALBRET;5;0;0;13200.0;2026-07-14
MER AGITEE;1;0;0;2750.0;2026-02-27
MILANO DE LIGNY;4;0;0;10275.0;2026-06-20
DAY AND NIGHT;1;0;0;2100.0;2026-02-28
MASAI MARA;4;1;0;10500.0;2026-07-18
GIAVA WISE L;3;0;0;7125.0;2026-07-09
GENNYFER SELFS;1;0;0;2100.0;2026-02-28
GENEVE KB FONT;1;0;0;2100.0;2026-02-28
MY PRINCESS;7;0;0;18175.0;2026-08-01
MADEMOISELLE JANE;3;0;0;8275.0;2026-06-06
INTELLO DE CHENU;6;0;0;15184.0;2026-08-01
GALOPIN DE BIANCA;11;0;0;23061.0;2026-08-13
GAUDI LAKSMY;1;1;0;2100.0;2026-02-28
MERMOZ;8;0;0;18500.0;2026-08-08
TRIGUELUS;2;0;0;4950.0;2026-06-02
MURO;8;0;0;20175.0;2026-07-29
COBRA KILLER GAR;8;0;0;21134.0;2026-07-25
JOSHUA PEJI;3;0;0;8450.0;2026-07-01
JOJO TOONS;4;1;0;9500.0;2026-05-15
MALICE DE FRECA;2;0;0;5550.0;2026-03-21
MUSCADE LEMAN;4;0;0;10950.0;2026-06-19
LADY DU JAS;5;0;0;14125.0;2026-08-04
LUNE D'ERABLE;7;1;0;19725.0;2026-07-28
KADO D'OCCAGNES;4;0;0;9825.0;2026-04-15
MINDFREAK;2;1;0;4850.0;2026-08-10
MUCHO CASH;9;0;0;22825.0;2026-08-01
MANZANA ERA;7;1;0;19300.0;2026-08-15
MY LADY PRINCESS;7;4;0;17175.0;2026-08-13
MOLLY FLIGNY;3;0;0;8625.0;2026-08-05
NAVIDA PURA VIDA;8;0;0;19375.0;2026-08-13
NEIGE TURGOT;7;0;0;17950.0;2026-07-17
NINETEEN SIXTY ONE;2;0;0;5625.0;2026-07-10
NODESSA JOSSELYN;2;0;0;5850.0;2026-08-05
NATIVEDARCHE;5;0;0;14350.0;2026-07-29
NESMILLE ELEVEN;8;0;0;20725.0;2026-07-17
JAZZ LINOIS;8;0;0;19375.0;2026-08-13
NATIVE DE PLAY;8;0;0;19625.0;2026-07-28
MARILYN D'OURVILLE;4;0;0;9825.0;2026-05-19
MANDARINE BAM;5;0;0;12700.0;2026-07-13
MADU JOSSELYN;6;1;0;15900.0;2026-07-02
MONONOKE DE BRETT;8;1;0;21050.0;2026-07-31
MA BEAUTE;7;0;0;19700.0;2026-07-25
MAMBO DE CAHOT;7;2;0;18450.0;2026-07-17
MATRIX DE LA BAIE;5;0;0;13000.0;2026-08-04
MONSIEUR DARLING;8;1;0;21100.0;2026-08-01
MILLION DREAMS;8;2;0;20100.0;2026-07-29
MAJESTIC DU KLAU;3;0;0;8475.0;2026-07-19
LUXURY DU DOUAROU;7;1;0;20000.0;2026-08-05
LABEL GEMA;3;0;0;7825.0;2026-06-15
LATINO DES ISLES;4;0;0;10900.0;2026-07-25
LUCKY DES GAUDINES;1;0;0;2700.0;2026-03-01
L'ARNACOEUR;4;3;0;10825.0;2026-06-07
MEADOWLANDS JULMA;1;0;0;2575.0;2026-03-01
MHALKALA DE VANDEL;5;2;0;13050.0;2026-06-01
MERVEILLE DU GAZON;1;0;0;2575.0;2026-03-01
MAGNUM DE BLARY;6;0;0;16425.0;2026-08-11
LUMIERE DU LOOK;2;0;0;5300.0;2026-05-15
LYZA DES THIRONS;2;0;0;4950.0;2026-03-13
LUNA DES MALBERAUX;4;0;0;10725.0;2026-04-24
LOVE ME PASS;4;0;0;9800.0;2026-05-28
LIONNE DES BROUETS;3;0;0;8325.0;2026-04-24
LAZIZA DE LIGNY;1;0;0;2625.0;2026-03-01
LEWIS DU PADOUENG;4;1;0;10475.0;2026-06-05
L'AMIRAL DE BOUERE;4;0;0;10725.0;2026-06-14
LOVE DU PASSAGE;1;0;0;2625.0;2026-03-01
KWYTE DE HOUELLE;2;0;0;5575.0;2026-03-13
HAMBRIN D'ARANAU;6;2;0;15525.0;2026-07-14
IN THE MOOD GEDE;1;0;0;2625.0;2026-03-01
KOGNAC DES TOURS;3;0;0;7900.0;2026-08-03
KIF DU TRAPASSOU;1;0;0;2625.0;2026-03-01
HEPICETOU;5;0;0;12175.0;2026-05-17
HARONA D'OLIVERIE;3;0;0;8175.0;2026-04-13
ICARE DECAST;1;0;0;2575.0;2026-03-01
ICI MACHECOUL;3;1;0;7850.0;2026-04-06
MAN O WAR;2;0;0;5200.0;2026-06-26
MYSTERY SIXTY ONE;2;1;0;5450.0;2026-07-05
MAESTRO D'ANDRAUX;3;0;0;7200.0;2026-04-12
MALAGA DESBOIS;1;0;0;2600.0;2026-03-01
MISTER BESNOT;1;0;0;2600.0;2026-03-01
LET'S GO D'AIRZA;2;0;0;5600.0;2026-03-27
LE MARGINAL;3;0;0;8375.0;2026-07-19
LUCKY ARCTIC;5;0;0;11800.0;2026-05-10
LOOKING SIXTY ONE;7;1;0;18150.0;2026-07-25
KIEFFER D'OURVILLE;4;1;0;10550.0;2026-07-05
JOUR DE TONNERRE;1;0;0;2600.0;2026-03-01
HOLD UP NOCTURNE;4;0;0;10200.0;2026-06-10
JOLIE SCALA;2;0;0;5250.0;2026-05-03
IDYLLE GEMA;1;0;0;2600.0;2026-03-01
JUNON DU VASSET;5;0;0;13450.0;2026-07-31
JADORE JULRY;4;0;0;10575.0;2026-08-09
HALTO MESSI;6;0;0;15975.0;2026-07-17
JET DES PRES;6;0;0;16525.0;2026-07-03
JALISCO FLIGNY;9;0;0;23559.0;2026-08-08
NAMI JIEL;1;0;0;2550.0;2026-03-01
NARCO CONNECTION;4;1;0;10475.0;2026-05-05
NARLA DES CHALIERS;1;0;0;2550.0;2026-03-01
NEW LOOK SENOVILLE;4;0;0;9625.0;2026-05-11
NOTUS VOLO;3;0;0;7700.0;2026-03-28
NUANCE DU GRIPPON;5;0;0;12650.0;2026-07-02
NIGHT SNOW;3;0;0;7850.0;2026-03-22
NINI DU POMMEREUX;3;0;0;8050.0;2026-05-14
NOVA DU FER;11;1;0;30725.0;2026-08-12
LEGENDE DU GERS;5;2;0;12850.0;2026-05-25
LOOK DAIRPET;3;0;0;7450.0;2026-06-19
LORETTE D'ERABLE;4;0;0;10625.0;2026-06-18
LUTIN DE LA BESVRE;7;1;0;18850.0;2026-08-12
LADY DES VALOIS;5;0;0;13100.0;2026-07-30
LICARI;2;0;0;5375.0;2026-03-30
GAMIN DE COKTAIL;5;0;0;13775.0;2026-04-14
MERALTO;5;0;0;13075.0;2026-06-22
MANGO DU POMMEREUX;8;1;0;21100.0;2026-07-24
MAVERICK DE CONROS;1;0;0;2500.0;2026-03-01
MON ROYAUME;5;0;0;13100.0;2026-07-30
MARIE LOUISE;3;0;0;7650.0;2026-05-24
MA JYL;5;1;0;13450.0;2026-07-16
MAHAGHORA;5;0;0;12775.0;2026-06-13
MISS SUNSHINE;1;0;0;2500.0;2026-03-01
MY LOVE STORY;7;0;0;17600.0;2026-07-30
JUSTIN DE VALMONT;4;0;0;10400.0;2026-07-18
JISKAYA DE CARSI;5;0;0;13250.0;2026-04-21
INOX MAZA;2;0;0;4900.0;2026-07-18
JEWEL D'ARGENT;3;1;0;7725.0;2026-03-23
JARDY DES LANDES;3;1;0;8175.0;2026-05-08
JERIDAN;7;0;0;18400.0;2026-06-20
JAM DES LANDES;1;0;0;2500.0;2026-03-01
JIJI DOUZOU;1;0;0;2500.0;2026-03-01
NAPOLEON;9;0;0;22050.0;2026-07-29
NETEYAM;5;0;0;12400.0;2026-06-09
NINON D'AS;2;0;0;4300.0;2026-07-05
NOBEL SPEED;8;3;0;21350.0;2026-08-01
NOXUS JIEL;2;0;0;5000.0;2026-03-23
NUMBER ONE LOVER;2;0;0;4600.0;2026-03-15
NOBLE QUEEN;5;1;0;11750.0;2026-05-11
NEVADA NAY;3;0;0;6750.0;2026-06-27
NUANCE D'ESPOIR;2;0;0;4300.0;2026-03-29
LOVE IN CREPON;1;0;0;2800.0;2026-03-01
LADY DU CAPRE;4;0;0;10775.0;2026-07-04
LUMIO ERCA;1;0;0;2800.0;2026-03-01
LOUVIERS;8;1;0;22625.0;2026-07-22
KID DES PLEIGNES;1;0;0;2825.0;2026-03-01
IGOR DES CAILLONS;5;0;0;13925.0;2026-06-30
HYROPHARE;6;0;0;16750.0;2026-08-13
KARBONE CASH;5;0;0;12600.0;2026-08-07
JILIKA DU MESLE;9;1;0;24800.0;2026-07-25
MIG BRETONNIERE;1;0;0;2800.0;2026-03-01
MISTRAL D'HERMES;4;2;0;11150.0;2026-04-23
MANDATED;1;0;0;2800.0;2026-03-01
MINOS DE VANDEL;4;2;0;11100.0;2026-06-19
MANHATTAN BEAT;4;0;0;11025.0;2026-04-27
MAEVIA CAUVELLIERE;2;0;0;5500.0;2026-08-08
MAGIE DES BORDES;3;0;0;8275.0;2026-06-19
MELICENDRE DE FRAD;2;0;0;5750.0;2026-08-15
MAMOUNE DE VISAIS;3;0;0;7625.0;2026-08-13
MAGGIE MAY;1;0;0;2800.0;2026-03-01
KELLY DU MENIL;2;0;0;5250.0;2026-03-30
KINJAL DE BELLANDE;9;2;0;24275.0;2026-07-12
KA DEUX TONIQUE;3;1;0;8350.0;2026-08-06
KENZO D'EVA;2;0;0;5100.0;2026-06-07
NAIMAR;3;1;0;8175.0;2026-05-12
NANOU DE PADD;5;0;0;13175.0;2026-08-04
NAVAJA DE CORDAY;4;0;0;9925.0;2026-05-16
NOBEL DE PAIL;10;0;0;25925.0;2026-08-05
NORA CERA;1;0;0;2625.0;2026-03-01
NEWJOY REVERIE;5;0;0;12600.0;2026-05-16
NINA JAVO;2;0;0;5325.0;2026-08-08
MANCHO GUILLERVIL;1;0;0;2625.0;2026-03-01
MAXIMUS PIYA;3;1;0;8075.0;2026-04-04
MON LOOK A MOI;3;0;0;8275.0;2026-08-15
MERLIN DU FAYARD;2;0;0;5275.0;2026-06-02
MALKO BOIS MORIN;1;0;0;2625.0;2026-03-01
MADMAX DE L'AUMOY;2;0;0;5325.0;2026-06-27
MALFAITEUR;2;0;0;5475.0;2026-03-14
MIRAGE DES VENTES;3;0;0;8025.0;2026-05-30
MAJOR DE TOUCHYVON;4;0;0;10625.0;2026-06-08
MINOU D'ECHAL;5;2;0;13750.0;2026-06-09
MEC DE MUTRECY;9;2;0;24900.0;2026-07-20
KINGDOM ME;5;0;0;13350.0;2026-08-04
KAHAL DES RUETTES;6;0;0;16175.0;2026-07-16
KILEFAIT;7;0;0;18950.0;2026-08-04
KALADO DE HOUELLE;1;0;0;2625.0;2026-03-01
KELIA DES TOUCHES;2;0;0;4825.0;2026-06-22
MAGA DE VIVE;1;0;0;2625.0;2026-03-01
MAVIE DES VENTES;3;0;0;8275.0;2026-07-25
MEMOIRE D'EPONA;2;0;0;5575.0;2026-05-02
MAYA D'ECHAL;2;0;0;5625.0;2026-05-14
MIYAH SALLELOISE;2;0;0;5475.0;2026-03-14
MISS NYJA;3;0;0;8150.0;2026-06-30
MYA DES MONTS;3;0;0;8075.0;2026-06-13
MA BEAUTE D'AMOUR;6;1;0;15200.0;2026-06-27
MABELLE DE PAIL;2;0;0;5325.0;2026-04-27
JOUVENCE DE KACY;3;0;0;8125.0;2026-05-08
IMPERIALE NORMANDE;1;0;0;2625.0;2026-03-01
HARABICA;5;0;0;13800.0;2026-05-01
JOLI GECECA;2;0;0;4825.0;2026-03-19
GREAT STUDBAKER;3;0;0;8325.0;2026-04-05
GANOVO;1;0;0;2625.0;2026-03-01
KAZY MERITE;5;0;0;13675.0;2026-06-11
HELIOS D'ANCLEMAX;7;0;0;19575.0;2026-07-25
IN YOUR EYES;6;0;0;13609.0;2026-07-13
KAISER;4;2;0;10575.0;2026-07-03
GALAXIE DU HOME;5;0;0;13550.0;2026-08-02
JOKER DE CHOISEL;1;0;0;2450.0;2026-03-02
HIWI ROCQ;7;0;0;18225.0;2026-06-17
FALTO DES LANDIERS;2;0;0;4900.0;2026-05-09
ILLENC DES BOSC;2;0;0;4650.0;2026-03-12
NINDALF;7;0;0;17475.0;2026-08-14
NITBY;2;0;0;5175.0;2026-04-12
NAVY SEAL;7;4;0;18875.0;2026-08-14
NICKEL CHROME;6;1;0;14750.0;2026-06-27
MUST PLEIN CHENE;9;0;0;21700.0;2026-07-17
MARC AURELE;5;1;0;11400.0;2026-05-23
MAESTRO BLANC;7;0;0;18100.0;2026-07-29
MY MILLION ATOUT;6;0;0;15600.0;2026-08-11
MAESTRO D'IDEF;6;0;0;14900.0;2026-07-07
MADE IN MOUROTAIS;7;0;0;18275.0;2026-07-29
MIAMI;8;0;0;20275.0;2026-07-29
MISTRAL JANEIRO;9;0;0;23525.0;2026-08-07
MAJOR MESLOIS;6;0;0;15675.0;2026-08-12
LOU DES COUPERIES;2;0;0;4625.0;2026-04-10
MUSCDARCHE;5;0;0;12450.0;2026-06-15
LIKE A PRAYER;4;0;0;10725.0;2026-05-19
LA KIFFANCE PIYA;8;0;0;21825.0;2026-07-31
MELOMANE DE LOU;1;1;0;2450.0;2026-03-02
LUTIN DE BAFFAIS;6;0;0;16400.0;2026-07-09
LATINO AU CROSNIER;6;0;0;14975.0;2026-08-08
LITCHI DU BISET;7;1;0;18250.0;2026-08-08
LOULOU DE L'AUNAY;4;1;0;10625.0;2026-07-28
LEONARDO;6;1;0;15750.0;2026-07-21
LEADER DE L'AUMOY;7;0;0;18750.0;2026-08-07
L'ASTRE DE NUIT;6;0;0;16125.0;2026-06-19
KENAVO TUILERIE;7;0;0;18200.0;2026-08-11
KANAK DU BOCAGE;4;0;0;11000.0;2026-06-01
KITTS ET NEVIS;4;1;0;10975.0;2026-08-07
KENDRICK;2;0;0;4450.0;2026-03-31
JUST D'ACADIE;4;0;0;11225.0;2026-07-05
JUMBO DES PRES;9;1;0;21825.0;2026-07-23
KARTER LEWIS;3;0;0;8225.0;2026-04-12
IMPRESS ME;4;0;0;9900.0;2026-06-04
JEYMIXE;4;2;0;10975.0;2026-07-07
JOHANNA DE BRETT;3;0;0;8075.0;2026-05-31
JULIUS D'ALCI;1;0;0;2825.0;2026-03-02
JUPITER DU PERCHE;5;0;0;12700.0;2026-07-20
LORD DE LA FUTAIE;3;0;0;7725.0;2026-08-12
LE CHEF;7;0;0;18000.0;2026-07-20
LOCKI DU FER;6;1;0;15625.0;2026-05-20
LUCIUS DE PUCH;8;1;0;22000.0;2026-08-01
LIBERTY AVENUE;10;0;0;25700.0;2026-08-13
MAM'ZELLE FRO;8;0;0;20350.0;2026-08-10
MELANOURA;6;0;0;16325.0;2026-06-07
MISSION IMPOSSIBLE;5;0;0;12625.0;2026-04-21
MATRIONA;2;0;0;5250.0;2026-03-14
MICKAELLA;4;0;0;10400.0;2026-07-10
MANUREVA TURBO;3;0;0;8200.0;2026-05-24
KAVAL BOURBON;5;0;0;13450.0;2026-07-09
KILLER DRY;1;0;0;2700.0;2026-03-02
KAROLUS FAIR;4;2;0;10175.0;2026-08-06
NINA D'AUVERS;6;0;0;16650.0;2026-06-19
NINA GALAA;3;0;0;8275.0;2026-07-14
NIZZA PRESTANCE;2;0;0;5525.0;2026-07-24
NOLLY WOOD;8;0;0;21225.0;2026-07-07
NOUCHKA WIND;6;1;0;16100.0;2026-07-16
NOUMEA LIGNERIES;3;1;0;8425.0;2026-05-03
NOUNASSIMA;3;0;0;8525.0;2026-04-07
NUTELLA DU CAMPUS;3;0;0;8300.0;2026-05-25
NYMPHE DE DURBUY;6;0;0;16025.0;2026-07-24
IMOKO DU BOUILLON;5;0;0;12900.0;2026-06-17
FIRST DE BRETAGNE;2;0;0;5200.0;2026-07-29
INVINCIBLE BOURBON;5;0;0;12800.0;2026-07-14
HAZARD D'AMOUR;4;0;0;9925.0;2026-05-17
HENJOY DE MONGOCHY;1;0;0;2575.0;2026-03-03
JASMIN BLEU;11;4;0;31275.0;2026-07-25
GORDON PAGUERIE;2;0;0;4925.0;2026-04-01
HAMBO;5;0;0;12350.0;2026-06-01
MAD MAX DUEM;5;0;0;12800.0;2026-06-20
MAC VENESI;8;1;0;21600.0;2026-06-20
MEMORIAL;3;0;0;8300.0;2026-04-26
MAJOR CHANTEREINE;4;0;0;10150.0;2026-05-17
MINA DE BASSIERE;4;0;0;10150.0;2026-05-23
NEO KNIGHT;2;0;0;5150.0;2026-03-22
NESMILE DU GOUTIER;2;0;0;5125.0;2026-03-19
NOSTARMAGNAC;4;2;0;10250.0;2026-07-13
NAVARONE;3;0;0;7550.0;2026-04-13
LE CLASSIC;4;0;0;9700.0;2026-07-14
LEGENDE DES ECUS;2;0;0;5500.0;2026-03-17
LOVE ME TRUE;6;0;0;16375.0;2026-07-13
JASMINE DE GREZ;3;0;0;8450.0;2026-08-15
GRISBI DU PERSIL;5;0;0;11243.0;2026-05-28
GRAND TRIO LUDOIS;8;0;0;21500.0;2026-07-31
LE ROI MARGOT;2;0;0;5225.0;2026-03-20
LUTIN QUICK;5;0;0;13175.0;2026-06-10
KENACHA;5;1;0;13175.0;2026-06-20
LA MOME;3;1;0;7175.0;2026-04-14
LEGENDE GAMES;7;1;0;18700.0;2026-08-12
MIMI RAUDIERE;1;1;0;2925.0;2026-03-03
LOVER MAN;6;1;0;16275.0;2026-08-06
IRIS FROM;6;0;0;16075.0;2026-07-19
KISMETE DES BRUMES;4;0;0;10700.0;2026-06-15
KOKA RIGHT;7;0;0;18950.0;2026-07-19
KIMMAJO;5;2;0;14600.0;2026-08-05
JOLIE CLAIRE;3;0;0;8300.0;2026-05-29
KIR ROYAL;5;1;0;13650.0;2026-07-17
ICARE DU FAOUET;3;0;0;8025.0;2026-08-13
INKERMAN DE PLAY;9;3;0;23600.0;2026-08-10
INCOGNITO;9;1;0;23825.0;2026-08-15
JACKPOT DE VIETTE;8;0;0;21250.0;2026-07-26
KINGMAN DELO;3;0;0;8675.0;2026-05-21
KANELLE D'OUVILLE;7;2;0;18125.0;2026-08-04
KALINE D'ERPION;8;1;0;21075.0;2026-07-31
KISS ME DUTOLLEM;5;2;0;12150.0;2026-08-13
KASANE DU BISET;5;0;0;13550.0;2026-07-09
KUEEN DE TILLARD;4;0;0;10575.0;2026-07-05
NILIPPE MAUZUN;4;0;0;9750.0;2026-07-18
NOT SO BAD;2;0;0;4800.0;2026-04-11
NAVAKI PLANCHETTE;5;2;0;12625.0;2026-06-23
NEW YORK AVEC TOI;2;0;0;4800.0;2026-06-27
NUSTANG JOLY;6;0;0;14150.0;2026-08-12
LERWICK PERRINE;1;0;0;2400.0;2026-03-04
LILY ROSE MYSTIC;1;0;0;2400.0;2026-03-04
LULU DES CARREAUX;5;3;0;12675.0;2026-08-08
LIFOU IRIS'EYES;5;0;0;13650.0;2026-05-03
LUSANIO DE WARNOC;7;2;0;17050.0;2026-07-11
IL PLEUT BERGERE;5;1;0;13650.0;2026-07-25
HAPPY ATOUT;8;0;0;21950.0;2026-08-12
ME AND YOU;5;2;0;12950.0;2026-05-31
MADISHA JOSSELYN;5;0;0;12350.0;2026-06-18
MIKONOS DE MAHEY;6;0;0;14600.0;2026-08-13
MEDELLIN ELLIS;7;1;0;18625.0;2026-07-20
LYRIDE ORLOVE;2;0;0;4350.0;2026-07-23
NO ONE DE SOUVELLE;9;0;0;22225.0;2026-07-14
NINA PRIMO;2;0;0;5325.0;2026-05-28
NIKITA DES ILES;5;0;0;11400.0;2026-07-29
MOMINETTE;3;0;0;7350.0;2026-05-27
MYCENES D'ELA;2;0;0;5000.0;2026-04-05
MUSE D'EURVAD;3;0;0;7650.0;2026-04-19
MELISSA MATCH;4;2;0;9700.0;2026-04-03
JOCASTE DAIRPET;6;0;0;16150.0;2026-08-15
KAPELLA VET;8;0;0;21775.0;2026-08-14
KLASSICA BLEUE;9;2;0;22950.0;2026-08-03
JAZERANE;4;2;0;9500.0;2026-08-07
MITSUKI DU BOURG;8;0;0;21525.0;2026-08-04
MUSCAT DES EPINES;8;0;0;20750.0;2026-07-31
MACCAMBO;1;0;0;2650.0;2026-03-05
MAX MESLOIS;7;0;0;19050.0;2026-07-28
MAMBO MESLOIS;6;0;0;16700.0;2026-06-13
MISIDORE;2;0;0;5500.0;2026-03-14
LUTIN DES ARRIS;7;1;0;19650.0;2026-08-15
KALISCA DE LA LEUE;4;0;0;11200.0;2026-06-21
KANGAE DE GUEZ;6;1;0;15584.0;2026-08-11
KINGDOM DE CHENU;4;1;0;10825.0;2026-07-18
KILOU D'YMER;2;0;0;5675.0;2026-04-15
KONDOR;4;0;0;11125.0;2026-05-19
MANTILLE VRIE;6;0;0;16550.0;2026-08-15
MAMAMIA DES ARRIS;7;2;0;17100.0;2026-07-21
MAMMA MIA LANDELA;1;0;0;2650.0;2026-03-05
MESANGE DE VAL;8;1;0;21950.0;2026-07-27
LISA DE PERVENCHE;1;0;0;2650.0;2026-03-05
LOREZZA ERA;6;2;0;16350.0;2026-07-03
LADY ANGELE;4;1;0;9650.0;2026-05-13
NO NAME BLUE;2;0;0;5700.0;2026-03-28
NEVER WOOD;5;0;0;12725.0;2026-04-29
NICE DREAM MESLOIS;1;0;0;2850.0;2026-03-05
MARIEKE'S BOY;4;0;0;11250.0;2026-08-10
MAMBO DE LA VALLEE;2;0;0;5600.0;2026-06-07
MURPHY DU PONCELET;7;0;0;18725.0;2026-07-04
MAJON;9;0;0;23300.0;2026-08-12
KIPHYLE DESBOIS;3;0;0;7825.0;2026-05-09
KRYSTAL PIYA;6;1;0;14950.0;2026-08-06
FUOCO DEGLI DEI;1;0;0;2150.0;2026-03-06
KLAUS VON HERTEN;2;0;0;3759.0;2026-08-08
ROCKY OASIS;3;0;0;7125.0;2026-06-27
ORANGE CRUSH;3;0;0;6950.0;2026-05-15
NGANNOU;1;0;0;2150.0;2026-03-06
NOVO SUPREME;8;1;0;20825.0;2026-08-07
NOVATO BELLO;3;1;0;6525.0;2026-05-09
NIX SPEED;2;0;0;4850.0;2026-03-31
IRON JET;9;0;0;23325.0;2026-08-08
JOS MAZA;4;0;0;9825.0;2026-06-14
HEAR DESTIN;2;0;0;5600.0;2026-04-12
GAVROCHE ANABA;4;0;0;10850.0;2026-06-22
ILLICO D'AMOUR;3;0;0;8400.0;2026-08-02
ILLICO PHEDO;3;0;0;8800.0;2026-07-05
MY DREAM MESLOIS;9;1;0;24125.0;2026-07-25
MUZE MAKER;6;3;0;16375.0;2026-08-06
LOOK MESLOIS;5;0;0;14125.0;2026-07-24
LADY D'ECAJEUL;1;0;0;2800.0;2026-03-06
KNOW EVER;7;2;0;19025.0;2026-08-01
KILLER FOR LOVA;5;1;0;13525.0;2026-08-10
DOMINGO BAR;1;0;0;2800.0;2026-03-06
IVOIRE DAIRPET;6;1;0;16700.0;2026-07-31
GRAND SOURIRE;1;0;0;2800.0;2026-03-06
HOLDING GIRL;4;0;0;11275.0;2026-05-04
LYNX DES TOUCHES;3;0;0;8375.0;2026-08-04
KADENCE CENSERIE;2;0;0;5400.0;2026-03-20
KANDY VENESI;3;2;0;8025.0;2026-04-30
KINAYA D'OCCAGNES;1;0;0;2650.0;2026-03-07
KARINE DE BRETAGNE;2;0;0;5200.0;2026-04-13
KALIN DEROZES;2;0;0;5225.0;2026-04-12
KING GATE;2;0;0;5275.0;2026-03-22
KOUROU LATIN;4;3;0;11725.0;2026-06-07
KIKO DU VIGNAC;1;0;0;2650.0;2026-03-07
KSAR BLUE BOCAIN;5;0;0;13475.0;2026-06-28
MOODY DE VIVE;5;0;0;12625.0;2026-06-20
MAURICIEN;6;3;0;16600.0;2026-06-05
LORDIUS;6;0;0;15000.0;2026-06-16
L'AMIRAL DIGEO;3;0;0;8550.0;2026-05-04
MUSIKO CAUVELLIERE;4;0;0;10900.0;2026-05-06
MARIE OH FREDLAU;6;0;0;16275.0;2026-08-14
MARQUISE DE MAGNY;2;0;0;5525.0;2026-08-06
LOUSTIC DELAURIERE;2;0;0;5500.0;2026-03-31
JADE DE PAME;7;1;0;19425.0;2026-06-23
INSTANT DU BOIS;5;0;0;13775.0;2026-07-05
KEY TO SUCCESS;5;1;0;13625.0;2026-04-17
KIRCIE DE GUEZ;2;0;0;5000.0;2026-04-01
IALKO JENILAT;4;0;0;10975.0;2026-07-30
HOLD UP DU DIGEON;6;0;0;17425.0;2026-07-29
IVO SIVED;6;0;0;15975.0;2026-06-06
IMPACT DE L'ITON;5;0;0;13150.0;2026-08-04
HORS BORD;6;0;0;14025.0;2026-07-09
FEEL GOOD DESBOIS;4;0;0;10275.0;2026-04-26
TOTO BAROSSO;1;0;0;2825.0;2026-03-07
JULIE DU NORD;8;0;0;22550.0;2026-08-02
KALYPSO DU CAUX;3;0;0;8400.0;2026-07-20
JAZZY MAKER;6;0;0;15300.0;2026-07-24
LIPINSKA;8;2;0;20950.0;2026-07-20
LUTECE RINGEAT;7;0;0;18825.0;2026-07-30
LUTECE;6;0;0;15100.0;2026-07-30
LINAYA DU CHATELET;5;1;0;13250.0;2026-08-10
MARINO PONT ROYAL;3;0;0;7750.0;2026-05-25
MODEL DE JOUX;5;0;0;12400.0;2026-07-18
MORNING STAR;2;0;0;5400.0;2026-03-30
MAMBO DU VIVIER;2;0;0;5400.0;2026-04-20
MERGINIO;6;1;0;16150.0;2026-07-20
JALBA DU FER;7;0;0;17825.0;2026-07-10
INES DES FORETS;3;0;0;7900.0;2026-04-06
IROKO DU NORD;3;0;0;7650.0;2026-05-23
NATIVE DE CRENNES;1;0;0;2825.0;2026-03-07
NEW GIRL MELOC;3;0;0;7975.0;2026-06-27
NOBLESSE DU CHENE;6;0;0;15625.0;2026-07-24
NUAGEE MARANCOURT;7;0;0;19375.0;2026-06-06
NINA DU COJEUL;7;1;0;19150.0;2026-07-26
HECTOR DE CORDAY;7;1;0;17925.0;2026-07-26
JOKER MADRIK;3;0;0;8150.0;2026-07-18
HASHTAG DU LION;3;0;0;8100.0;2026-04-19
IKA JOSSELYN;6;1;0;14800.0;2026-08-13
HUGO FRATI;2;0;0;5300.0;2026-03-28
JOURNAC DIESCHOOT;3;0;0;8225.0;2026-06-01
LUPIN DOUZOU;9;0;0;24825.0;2026-08-07
IL PRESIDENTE;4;0;0;10625.0;2026-04-26
DUMA NEH D'ASTI;3;0;0;7500.0;2026-08-07
TOSCANA SOUTHWIND;6;1;0;14700.0;2026-08-12
DANA EK;1;0;0;2700.0;2026-03-08
DESDEMONA (ITY);1;0;0;2700.0;2026-03-08
GOLD VOICE;2;0;0;4459.0;2026-05-13
GLOBAL AGREEMENT;1;0;0;2925.0;2026-03-08
KALINDA SPOKEN;10;0;0;27225.0;2026-08-04
KAPRICE D'EVAILLES;2;1;0;5525.0;2026-05-01
KISS ME DE MADKER;7;1;0;19600.0;2026-07-09
NAXOS DU SKY;3;0;0;8225.0;2026-07-04
NEBULON HUB;3;0;0;8025.0;2026-04-01
NEWTON DE TILLARD;2;1;0;4825.0;2026-08-09
NIKITA WOOD;4;0;0;10125.0;2026-08-04
NIMBUS DU COUDOU;4;0;0;9500.0;2026-08-07
NUIT DE BOUERE;2;0;0;5450.0;2026-04-05
MYSTERE PERRINE;5;0;0;13650.0;2026-07-27
MEPHISTONS DIDJEAP;8;1;0;22450.0;2026-07-18
MAITIKA DE PEBRISY;6;2;0;15700.0;2026-07-11
MARTIN DU SOUND;4;0;0;11100.0;2026-05-09
LOUNABELLA;5;2;0;13875.0;2026-07-16
LAURETTE KINNEY;2;0;0;5625.0;2026-05-08
LORDWICH;5;0;0;13725.0;2026-08-06
L'ARCHANGE;3;3;0;7475.0;2026-04-16
LYNX DE BOMO;2;0;0;5525.0;2026-05-30
JOYAU D'EVER;5;1;0;13925.0;2026-08-06
JAG DE BAULON;4;0;0;11000.0;2026-07-23
ITTY D'AIMTE;1;0;0;2825.0;2026-03-08
JINGO;4;0;0;11050.0;2026-07-24
INDY DE TYROLE;4;0;0;10450.0;2026-07-02
HELLO DE LOIRON;4;0;0;10950.0;2026-07-11
JESS HOGUINIERE;2;0;0;5650.0;2026-04-15
JULIO DES LANDES;4;0;0;10925.0;2026-08-06
HARLEY DU CHERISAY;2;0;0;4925.0;2026-04-28
IVAN DE L'ERDRE;6;1;0;17375.0;2026-07-11
N'Y COMPTE MEMEPAS;3;0;0;7350.0;2026-04-22
NANDY COOL;7;0;0;18650.0;2026-07-12
NAY MADRIK;5;1;0;11950.0;2026-06-10
NEKO JOSSELYN;3;0;0;7925.0;2026-06-12
NEW ACE GIRL;7;0;0;16425.0;2026-07-31
NOEMIE DU CORTA;5;0;0;12200.0;2026-07-23
NUAGE DES LOUPS;1;0;0;2225.0;2026-03-08
NUTS MADRIK;2;2;0;5075.0;2026-06-16
NINO DEJUSSY;1;0;0;2225.0;2026-03-08
NUMEROBIS LOUANGES;3;0;0;6925.0;2026-08-08
NO LIMIT DREAM;4;2;0;9900.0;2026-06-18
MARION DE LAUMANCE;2;0;0;5425.0;2026-04-12
MUSTANG RENKA;4;0;0;10550.0;2026-08-09
MAYBE LOUANGES;3;0;0;8050.0;2026-06-09
MARYSE PIPOL;5;0;0;12100.0;2026-07-03
MOUNA D'OLIVERIE;2;0;0;5700.0;2026-05-09
MOGADOR DE LATZ;5;0;0;12450.0;2026-05-21
MOI AUSSI;3;0;0;8150.0;2026-05-10
MADE IN HEAVEN;1;0;0;2850.0;2026-03-08
MOVE SIXTY ONE;2;0;0;5700.0;2026-03-31
MOONLIGHT SHADOW;3;0;0;8400.0;2026-07-15
MELIA DE MONGOCHY;8;1;0;20450.0;2026-07-28
LITCHI DU RABUTIN;5;0;0;13850.0;2026-07-30
LIMBO DE BUSSET;4;0;0;11150.0;2026-06-20
LUTHIER;2;0;0;5550.0;2026-08-04
LEVIATHAN SANTMIXO;5;0;0;12400.0;2026-08-10
LOOPING GRIFF;5;0;0;12800.0;2026-08-02
KALYPSIA BOND;6;0;0;16525.0;2026-08-12
JOHN RIVER;7;1;0;18025.0;2026-07-28
JET ME FREE;4;0;0;11050.0;2026-06-19
KALINE DES RIOULTS;4;0;0;10300.0;2026-07-28
HYPERVISOR LE FOL;2;0;0;4950.0;2026-04-20
IMPHY;5;0;0;13900.0;2026-08-01
HAFCOCK;10;0;0;27775.0;2026-08-08
IBANQUI;3;0;0;8500.0;2026-05-28
JASMIN DE VINDECY;5;0;0;13150.0;2026-08-08
IALTA DE BERTRANGE;2;0;0;5700.0;2026-06-20
IDRA DESBOIS;6;0;0;16000.0;2026-08-04
ISCO DE JOUDES;6;0;0;16325.0;2026-05-10
LE DOCTOR;3;0;0;7350.0;2026-07-26
LORIDAN;1;0;0;2750.0;2026-03-08
LUPIN DE CHIMAY;1;0;0;2750.0;2026-03-08
LANCELOT DU NORD;5;0;0;13000.0;2026-05-13
LEGOLAS PAULOIS;4;0;0;10200.0;2026-04-23
LUBERON;2;0;0;5650.0;2026-07-18
LOZANO;3;0;0;8350.0;2026-07-18
MIMI DU MESNIL;6;3;0;16650.0;2026-07-04
MUSANIA DE WARNOC;4;2;0;10350.0;2026-04-27
MINIE DE TOUCHYVON;5;0;0;13050.0;2026-07-18
MAXINE FAYS;3;0;0;8350.0;2026-07-23
MAEVA DES PRES;6;2;0;15775.0;2026-08-09
MAJESTE DESBOIS;2;0;0;5500.0;2026-03-22
MALDIVES JEWEL;2;0;0;5700.0;2026-08-11
MYRTILLE DES ECUS;1;0;0;2750.0;2026-03-08
JAZZ DU HOULET;6;0;0;16425.0;2026-08-05
IBERNATUS;5;1;0;13675.0;2026-06-01
JOHNNY QUICK;5;1;0;13300.0;2026-05-25
JARODE PAULOIS;5;0;0;13050.0;2026-05-01
KERRIADARCHE;1;0;0;2750.0;2026-03-08
KLASSICAL WAY ACE;2;0;0;5550.0;2026-03-22
KALINA DE LAURIERE;6;0;0;16325.0;2026-06-23
KINA DE WALLIS;2;0;0;5575.0;2026-03-30
KARA DU FER;2;0;0;5500.0;2026-04-06
KALYPSO MI AMOR;4;0;0;10650.0;2026-07-20
MAMBO FIVE OKINA;5;1;0;12425.0;2026-08-08
MOCHE ET MECHANT;2;0;0;5500.0;2026-06-07
MASTER CHEF;4;0;0;11000.0;2026-06-07
MY WAY ROBSEN;3;0;0;8000.0;2026-04-06
MOONSHINER JOLY;5;0;0;13975.0;2026-06-22
MOOSE BLUE;2;0;0;5500.0;2026-03-22
MOJITO CUT;1;0;0;2750.0;2026-03-08
MALTESE KNIGHT;2;0;0;5600.0;2026-03-14
MAESTRO DU VAL;2;0;0;5500.0;2026-06-07
NANOU DES LANDIERS;4;1;0;10400.0;2026-07-11
NANTES PARIS;2;1;0;5525.0;2026-04-02
NIKITA DRY;2;0;0;5375.0;2026-03-18
NINA DAIDOU;7;0;0;18750.0;2026-08-13
NO LIMIT;1;0;0;2675.0;2026-03-08
NUNZIA SPERANZA;4;0;0;10475.0;2026-06-08
NAYA AU CROSNIER;1;0;0;2675.0;2026-03-08
LADY DES ECUS;1;0;0;2675.0;2026-03-08
L'ILIADE FAC;1;0;0;2675.0;2026-03-08
LIVINGSTONE DU HAC;1;0;0;2675.0;2026-03-08
LOLA DU MESNIL;6;0;0;16375.0;2026-08-08
LUMIERE VENESI;2;0;0;5500.0;2026-04-13
LOVE STORY GARDEN;1;0;0;2675.0;2026-03-08
LEMMING;3;0;0;7325.0;2026-05-27
LA VERITE;3;0;0;7975.0;2026-08-04
LUTINE CASTELETS;2;0;0;5475.0;2026-05-08
LUTIN DU GUINOUX;3;0;0;8175.0;2026-06-20
LAURE DE LORIOL;4;0;0;10925.0;2026-08-08
LURISTAN;1;0;0;2675.0;2026-03-08
LOOK DE FOUQUE;1;0;0;2675.0;2026-03-08
MANDARINE TIVO;5;1;0;13625.0;2026-05-01
MUDDY WATERS;5;0;0;13550.0;2026-08-11
MARINE VASANI;2;0;0;5300.0;2026-06-24
MAITRE D'ATTAQUE;1;0;0;2675.0;2026-03-08
MELODY CHANTEREINE;2;0;0;5625.0;2026-08-11
MON DISCOURS;2;0;0;5525.0;2026-05-23
MISTER MORO;7;1;0;18000.0;2026-08-08
MISTER MARTIN;6;1;0;14875.0;2026-08-07
MELOPE DU GOUTIER;7;3;0;16650.0;2026-08-07
MELINE DU VIVIER;3;1;0;7325.0;2026-04-25
MARGUERITE BECO;4;0;0;10650.0;2026-07-16
MIKA DE TOUCHYVON;1;0;0;2675.0;2026-03-08
MAT DES CHARRONS;6;0;0;16525.0;2026-07-09
MILONGA DE LOU;7;0;0;18750.0;2026-07-23
MOUNTAIN;5;3;0;13525.0;2026-07-18
MANON ORANGE;2;0;0;5475.0;2026-03-22
LE COQUIN;4;0;0;11075.0;2026-07-04
LIVRE BLANC;5;0;0;13050.0;2026-05-28
LEADER;5;3;0;14225.0;2026-06-07
LOOKY HEULINOIS;3;0;0;8025.0;2026-07-23
LOUNA STAR;2;1;0;5250.0;2026-03-15
KING NICOIS;1;0;0;2675.0;2026-03-08
KIARA DE ZIETTE;1;0;0;2675.0;2026-03-08
KAPRI PAULO;1;0;0;2675.0;2026-03-08
KONSPIRATOR GAME;6;0;0;16425.0;2026-07-29
KARL LEWIS;1;0;0;2675.0;2026-03-08
KANTOUTSTART;1;1;0;2675.0;2026-03-08
KERLAZ D'AVE;9;1;0;24175.0;2026-06-30
NICE BOY BOURBON;5;2;0;13025.0;2026-05-11
NIGER DU VIVIER;5;3;0;13300.0;2026-08-08
NISKO D'ELCE;4;0;0;11000.0;2026-07-24
NOBEL DU RIB;6;3;0;15200.0;2026-08-08
NORDIK;3;1;0;7375.0;2026-04-14
NOVI DAN;4;0;0;11050.0;2026-07-31
NUTELLA JELOCA;1;0;0;2675.0;2026-03-08
NARITA EXPRESS;3;0;0;7850.0;2026-07-30
NICKY JIEL;2;0;0;4400.0;2026-04-06
NOBLE SAUTONNE;3;1;0;7750.0;2026-08-01
NOUVELLE AVENTURE;4;1;0;9800.0;2026-05-25
NERON ERGEE;2;0;0;5150.0;2026-06-18
NYMPHE DE COLMINE;3;0;0;7400.0;2026-06-28
NARVIK VLETERHOF;5;0;0;12450.0;2026-07-18
NINA CHARENTAISE;5;0;0;11500.0;2026-06-09
NUMBER ONE D'ALDOM;3;0;0;7575.0;2026-05-31
MASTER DES ANDIERS;2;0;0;5600.0;2026-04-06
MOZART DAB;3;0;0;8400.0;2026-06-07
MAD MAX D'ARBAZ;1;0;0;2800.0;2026-03-08
MERCURY JIEL;9;1;0;23950.0;2026-07-30
MONSTER DU MONCEL;3;0;0;8375.0;2026-04-13
MAXIMUS DECIMUS;5;0;0;13800.0;2026-07-04
MEC DES RACQUES;2;0;0;5600.0;2026-05-14
LA LILLOISE;2;0;0;5600.0;2026-04-06
LAHRANA DU HAUTY;4;0;0;11000.0;2026-05-13
LEGENDE DU BERRE;3;0;0;8200.0;2026-04-19
LILAS DES RIOULTS;1;0;0;2800.0;2026-03-08
LOKI ERGEE;1;0;0;2800.0;2026-03-08
LOLITA CLUB;4;0;0;10600.0;2026-06-20
L'HEMENCOURT;2;0;0;5500.0;2026-04-06
LIAISON MESLOISE;3;0;0;8150.0;2026-06-06
LADY D'AGEN;2;0;0;5600.0;2026-04-06
KANOPEE D'ARNHEM;1;0;0;2825.0;2026-03-08
KHEOPS DE L'EST;6;0;0;15850.0;2026-07-26
KALEZIA POTERIE;2;0;0;5375.0;2026-04-05
KAZAR DE BLEHOU;2;0;0;5425.0;2026-04-19
KIKLOVE ATOUT;5;1;0;13700.0;2026-07-20
KALA DES RACQUES;2;0;0;5525.0;2026-04-20
KASH ELEVEN;6;0;0;16000.0;2026-07-20
KABAYA DE REVE;4;0;0;10875.0;2026-05-13
KHA ETOILE;2;0;0;5425.0;2026-03-28
KARLA DE PAGERIE;3;0;0;8375.0;2026-07-20
KRAC DE GUIBRAY;1;0;0;2825.0;2026-03-08
MYRTILLE DE L'EST;2;0;0;5550.0;2026-06-07
MAHARANI D'ESPOIR;2;0;0;5200.0;2026-04-25
MADELEINE RENKA;4;0;0;11050.0;2026-06-01
MOON DES RIOULTS;3;0;0;8300.0;2026-05-08
MOON D'AVRIL;3;0;0;7800.0;2026-04-05
MACHA DU VIVIER;2;0;0;5500.0;2026-06-01
MANGUE;5;2;0;13525.0;2026-06-25
ICARINO DU CHOQUEL;4;0;0;11000.0;2026-06-07
IDYLLE TURGOT;1;0;0;2800.0;2026-03-08
JUVISY GEMA;4;0;0;10650.0;2026-07-12
JASPE IMPERIAL;1;0;0;2800.0;2026-03-08
JERIMOW;5;0;0;13175.0;2026-06-18
JAILLIR;3;0;0;8200.0;2026-05-13
KOKO D'ARNHEM;2;0;0;5400.0;2026-03-28
JORDAENS ATALANTE;1;0;0;2800.0;2026-03-08
KANZA DE NAVARY;5;1;0;13550.0;2026-06-07
JERRY PONT VAUTIER;2;0;0;5200.0;2026-04-11
HALLO DE MANCHE;7;0;0;19100.0;2026-07-26
JUST LOVE D'ALSACE;6;1;0;16150.0;2026-06-20
IDEAL D'AUCHY;4;0;0;10800.0;2026-06-07
NEMESIA FLEURY;2;0;0;5150.0;2026-03-18
NETIE DE TOUCHYVON;3;0;0;8025.0;2026-08-08
NIEBLITA;3;0;0;7850.0;2026-04-28
NINES DE LA ROCHE;2;0;0;5075.0;2026-04-05
NAHIA DIBAH;4;1;0;9450.0;2026-08-13
KELLY CHARLY ERA;5;1;0;12950.0;2026-06-19
KIARA DE LA FYE;1;0;0;2200.0;2026-03-09
KHARA DRY;9;2;0;24850.0;2026-08-09
FEUDALE DEGLI DEI;2;0;0;5325.0;2026-04-18
LYZIA DES AGETS;1;0;0;2450.0;2026-03-09
HOTESSE NAY;3;0;0;8125.0;2026-08-09
INDIEN D'HERIPRE;5;0;0;13100.0;2026-06-11
IDYLLE COPAISE;1;0;0;2200.0;2026-03-09
JE VIENS DU SUD;5;3;0;12975.0;2026-07-13
HOPE YOU CAN;4;0;0;9900.0;2026-06-30
IXTREM D'OURVILLE;1;0;0;2200.0;2026-03-09
ILARIA KILY;3;1;0;7000.0;2026-04-30
MYTHIQUE RENKA;7;0;0;17550.0;2026-07-28
MIKI DU POMMEREUX;5;0;0;12875.0;2026-08-07
MONTANA KALOUMA;7;3;0;18400.0;2026-07-22
MARQUIS SOMOLLI;7;1;0;18650.0;2026-08-01
MAESTRO BILOU;9;0;0;22925.0;2026-07-14
MISTRAL POURPRIX;7;1;0;15900.0;2026-07-25
MIGHTY DREAM;6;0;0;15600.0;2026-06-26
LUANA SPORT;4;0;0;10725.0;2026-08-04
LAURO FLIGNY;1;0;0;2450.0;2026-03-09
LEO DES MALBERAUX;11;0;0;30525.0;2026-08-03
IDEO JOSSELYN;2;0;0;5325.0;2026-03-29
JOIA DU CITRUS;3;0;0;8100.0;2026-05-02
HESPERANCE ELTE;5;0;0;12000.0;2026-07-23
JALDO D'OCQUE;7;2;0;17600.0;2026-06-26
IXELLE BLEUE;6;1;0;15975.0;2026-08-12
GARD;1;0;0;2450.0;2026-03-09
INDIEN DE FONTAINE;6;0;0;15750.0;2026-06-06
LEOPOLD;6;0;0;16225.0;2026-05-15
IVANOVITCH EST LA;9;0;0;21175.0;2026-07-17
JUST BEAUTIFUL;6;0;0;14200.0;2026-06-30
JIM JULRY;7;1;0;18750.0;2026-08-04
JEFF BOLERO;2;0;0;4700.0;2026-07-19
HADDOCK DU CLOS;1;0;0;2050.0;2026-03-09
FLASH MONEY;5;0;0;13075.0;2026-08-13
MADISON ATALANTE;4;0;0;10900.0;2026-05-30
MAESTRO DE LOU;7;0;0;17350.0;2026-07-07
GRANIT DU MONT;5;0;0;12425.0;2026-07-01
MAMZELL L'AVENTURE;1;0;0;2700.0;2026-03-09
NORMA DU BOCAGE;8;0;0;18150.0;2026-08-09
NANA DE CURRAIZE;4;0;0;8600.0;2026-06-20
NIXON DE BLARY;4;1;0;9750.0;2026-06-03
MERVEILLEUSE;6;1;0;16200.0;2026-07-23
MAYA D'AUBRIERE;7;0;0;18400.0;2026-08-11
MARISA DU CHATELET;7;0;0;17450.0;2026-07-01
MARAVIGLIA;6;0;0;16100.0;2026-07-18
KELLE HAUFOR;5;0;0;12050.0;2026-06-06
KWARTZ SIBEY;1;0;0;2875.0;2026-03-10
KRAK D'AZUR;8;0;0;20925.0;2026-08-15
LAST QUEEN;3;0;0;7125.0;2026-04-14
FOTOFINISH GIOVI;3;0;0;6950.0;2026-05-22
MOSCANTIDA PEAL;8;0;0;20425.0;2026-08-08
MAMBO THORIS;5;0;0;12450.0;2026-06-22
MAYA DES GENETS;2;0;0;5825.0;2026-08-05
L'ARC EN CIEL;4;0;0;11100.0;2026-06-26
LEVIOSA;8;1;0;22000.0;2026-08-11
LUSSABEAU;2;0;0;5025.0;2026-04-16
NUIT D'IVRESSE JAF;7;0;0;17900.0;2026-08-13
NEWZIRA JOSSELYN;3;1;0;6525.0;2026-05-09
LASCAUX;4;4;0;10350.0;2026-06-24
L'ECU DALAMEDA;4;0;0;11425.0;2026-07-31
KHALEESI SMART;8;0;0;21850.0;2026-08-02
KARCIMONT;5;0;0;13175.0;2026-07-11
KANADA DES RACQUES;1;0;0;2150.0;2026-03-10
KSAR DU CORTA;3;0;0;7025.0;2026-04-24
LOLITA DE L'ETOILE;5;0;0;14425.0;2026-08-07
INITIALE BLEUE;4;1;0;10350.0;2026-05-01
ILLICO RIVOIS;7;0;0;15725.0;2026-08-13
INDIAN PACIFIC;4;0;0;11650.0;2026-06-01
JERRY DE BELLANDE;5;1;0;13775.0;2026-06-16
JUGOR;1;0;0;2850.0;2026-03-11
JALANSKI;2;0;0;5675.0;2026-04-26
JEDI;1;0;0;2850.0;2026-03-11
JAZZ MELODY;8;0;0;20400.0;2026-07-28
HORDAGO D'ELA;1;0;0;2850.0;2026-03-11
JADE VENESI;1;0;0;2850.0;2026-03-11
HOCCO DARCHE;2;0;0;5725.0;2026-03-24
NEFERTITI EMGE;1;0;0;2850.0;2026-03-11
NOBLESSE GRANDVAL;1;0;0;2850.0;2026-03-11
NOSTALGIQUE JAYF;5;0;0;12100.0;2026-05-30
NEW YORK CITY;6;1;0;15900.0;2026-04-30
NAMBALADA;3;0;0;8425.0;2026-04-28
NOTRE HISTOIRE;7;1;0;19525.0;2026-08-12
NIKKI BEACH JISCE;4;4;0;11100.0;2026-06-05
EDGAR SABA;7;0;0;19650.0;2026-07-29
FILOU D'ANJOU;1;0;0;2850.0;2026-03-11
JABALPUR;5;0;0;12634.0;2026-07-25
MADRAGUE DAIRPET;7;0;0;18450.0;2026-06-13
MANY DREAMS;6;0;0;16125.0;2026-07-16
MISTER MOUROTAIS;6;1;0;16150.0;2026-08-12
MACBETH;8;2;0;20325.0;2026-08-12
MAZAL DES GLENAN;1;0;0;2850.0;2026-03-11
MERITE;4;0;0;10600.0;2026-08-01
LAMATTA;6;0;0;16400.0;2026-07-25
NEBRASKA FLEURY;4;2;0;10775.0;2026-08-02
NEVERMIND DAY;3;0;0;7325.0;2026-04-13
NEWTON KING;2;0;0;4450.0;2026-04-12
NOBEL DE LA VALLEE;1;0;0;2450.0;2026-03-12
NUMBER ONE GAGOU;3;2;0;7650.0;2026-07-10
NAOS DREAM;2;0;0;5175.0;2026-05-17
NAPOLEON RANAIS;3;0;0;7325.0;2026-04-13
MINDIE DES PRES;8;0;0;20325.0;2026-08-02
MUSE DU VIVIER;3;1;0;7300.0;2026-08-11
MERRY DE MALABRY;6;0;0;16150.0;2026-07-14
MANILLE SOMOLLI;7;0;0;17475.0;2026-08-12
MIYAJIMA VET;7;0;0;17825.0;2026-07-29
KRONOS DE TROIS;3;0;0;7550.0;2026-07-19
JOYEUX DE BOLERO;1;0;0;2450.0;2026-03-12
JADOR JOSSELYN;4;1;0;10900.0;2026-08-11
JUMPING DU RIB;1;0;0;2450.0;2026-03-12
KIWI DE L'OISON;3;0;0;7700.0;2026-05-30
LUCKY PIYA;2;0;0;4650.0;2026-03-25
LARGO DE LA BESSE;2;0;0;5325.0;2026-04-01
LE PRINCE;6;0;0;14875.0;2026-07-19
LAMPARO;3;0;0;7675.0;2026-07-28
HERADAMES;1;0;0;2200.0;2026-03-12
IDAO DE TILLARD;7;4;0;15418.0;2026-08-08
ILLICO PRESTO FAC;3;0;0;7925.0;2026-07-08
LANCIER DU GOUTIER;6;1;0;14225.0;2026-08-14
LOVE GLYCINES;5;0;0;12375.0;2026-07-01
GUEVARA DU PONT;2;0;0;4900.0;2026-03-31
INDY DARK;6;0;0;14975.0;2026-08-06
JAKARTAS DES PRES;3;0;0;7425.0;2026-05-10
JIMI'S BLUES;3;0;0;7675.0;2026-07-14
JACO LE GRAND;3;1;0;8200.0;2026-05-13
JUST THE GREEN;3;0;0;8100.0;2026-04-14
JYSKO DE GODREL;4;0;0;10975.0;2026-08-02
JOKAI;7;0;0;19300.0;2026-07-21
JUSTIFY MY LOVE;6;0;0;16675.0;2026-08-04
JAMBEROO;7;0;0;18475.0;2026-08-08
INVICTUS ELLIS;7;2;0;19400.0;2026-08-09
IZIA NINI;1;0;0;2650.0;2026-03-12
L'AMIRAL TURGOT;6;1;0;16900.0;2026-08-05
LOTTA ROSIE;4;1;0;10475.0;2026-07-11
LE MAGNIFIQUE DJOC;10;0;0;27325.0;2026-08-09
LA SPEZIA DE LOU;5;1;0;13250.0;2026-07-25
KAOLIK DE GUEZ;3;0;0;7800.0;2026-07-11
KILLER CRUZ;5;0;0;12009.0;2026-07-21
KEY OF MEMORIES;5;0;0;13550.0;2026-07-31
KALINA LOVE;7;0;0;18450.0;2026-07-12
KELINA SUPREME;5;0;0;12950.0;2026-07-17
MALMO DE PUCH;5;0;0;13400.0;2026-06-12
MUSE DE MONTCEAU;7;0;0;17925.0;2026-07-29
MOJITO CASTELETS;3;0;0;7450.0;2026-04-05
MOONLIGHT DU RHIN;6;0;0;16700.0;2026-08-12
MOKY BERRY;5;1;0;14350.0;2026-06-01
MISS DU CHASTANG;5;0;0;12850.0;2026-08-12
MACUMBA DU VIVIER;6;0;0;15375.0;2026-08-11
IDAYA SOMOLLI;2;0;0;5200.0;2026-03-29
ITXASSOU;5;0;0;13150.0;2026-07-05
ICARE DU DOUET;4;0;0;10575.0;2026-06-22
IDAO NAY;6;2;0;16325.0;2026-06-11
GUAPITA LAUMAX;2;0;0;5550.0;2026-04-01
IZIA DE MONGIVAL;6;0;0;16050.0;2026-08-08
JULIANA DE RETZ;2;0;0;5675.0;2026-04-27
HEAVEN STAR;6;0;0;15700.0;2026-08-08
KIDAM DU METZ;7;1;0;19500.0;2026-07-11
KATINA DE TOUSSAC;9;0;0;20675.0;2026-08-10
LAKARA;1;0;0;2150.0;2026-03-13
MALIDA;8;0;0;22600.0;2026-08-12
MIDLAND D'OYSE;3;0;0;8650.0;2026-06-16
LUCKY MAJYC;5;0;0;12825.0;2026-08-07
LORENZO PAULOIS;3;0;0;7150.0;2026-08-04
LAGON BLEU;4;0;0;11300.0;2026-06-19
KAMARO DUEM;6;0;0;13825.0;2026-07-29
NAYA D'HAVAROCHE;2;0;0;6025.0;2026-03-27
NOUMEA DE NIMES;2;0;0;6025.0;2026-03-27
NAIKA MAXENTAISE;1;0;0;3025.0;2026-03-13
KIRIKOU DU JAYLE;1;0;0;2950.0;2026-03-13
KASTEL LOVE;5;1;0;13700.0;2026-07-14
KING CRIMSON;7;3;0;18900.0;2026-08-05
KOOPLES ERA;6;0;0;16825.0;2026-08-01
HELIOS PIERJI;1;0;0;2750.0;2026-03-13
JAFLO GEMA;5;0;0;12950.0;2026-06-20
ICARIOS GEMINI;4;0;0;10900.0;2026-07-31
LAMPEDUSA;3;0;0;7850.0;2026-06-05
LITTLE QUEEN JISCE;5;0;0;13350.0;2026-06-01
LOOPING AR;3;0;0;7825.0;2026-06-01
LINDY HOP;3;0;0;7825.0;2026-04-24
NEW STAR RIDER;4;0;0;9850.0;2026-06-01
NOSOTROS GABINLEA;4;1;0;10525.0;2026-07-14
NUAGEUSE;4;0;0;10475.0;2026-07-12
LICORNE DU VAAL;1;0;0;2750.0;2026-03-13
LORD DE JADE;2;0;0;5375.0;2026-04-02
ICARE ELJI;4;0;0;10700.0;2026-06-01
JAMAICA SPORT;1;0;0;2950.0;2026-03-13
JASMIN D'AVENIR;4;0;0;11250.0;2026-07-14
NEVERS;2;1;0;5575.0;2026-04-07
NASHVILLE BLUE;4;1;0;9875.0;2026-06-05
NIEHKU;7;1;0;19400.0;2026-08-08
MAJOR DU MAINE;3;0;0;8275.0;2026-07-13
MOTS BLEUS;5;1;0;13125.0;2026-08-10
MICK DES PENDANTS;3;0;0;8175.0;2026-06-06
MIRAGE DE KARMEL;1;0;0;2675.0;2026-03-14
LOLITA DU STADE;5;0;0;13025.0;2026-07-24
LAMTARA BUISSONAY;7;1;0;18850.0;2026-08-11
LADYDARCHE;1;0;0;2675.0;2026-03-14
LIBELLA DU HOULBET;3;0;0;7275.0;2026-05-11
LOUVE RANAISE;2;0;0;5525.0;2026-03-28
LYDDITE D'EMI;2;0;0;4875.0;2026-05-16
LADY PETTEVINIERE;7;0;0;20025.0;2026-08-15
LICORNE DE L'AVRE;4;0;0;10600.0;2026-05-30
LAMA DE CORDAY;5;2;0;12950.0;2026-05-23
LUCKY DELADOU;5;0;0;12975.0;2026-07-14
LIBRIUM;4;0;0;10800.0;2026-06-01
L'OPEN BAR;2;0;0;5375.0;2026-04-04
LYNX DU RIB;6;0;0;15900.0;2026-07-12
JIM CADE;2;0;0;4825.0;2026-04-16
INJECTABLE;2;0;0;5400.0;2026-05-17
JACOBSON;7;0;0;18300.0;2026-07-13
JUMPER MATIDY;1;0;0;2675.0;2026-03-14
KATKO DES CHAMPS;2;0;0;5350.0;2026-07-02
JOYAU DU RIB;6;0;0;14759.0;2026-08-15
JALMAROSA;8;1;0;20000.0;2026-08-10
JONQUILLETE CREPIN;4;0;0;10300.0;2026-08-04
JAZZA PRIOR;1;0;0;2675.0;2026-03-14
ISA DES LANDES;3;0;0;7525.0;2026-05-11
KRAKANTE;1;0;0;2675.0;2026-03-14
ISA DU PRESSOIR;5;0;0;11375.0;2026-06-04
KALIPETTE JELOCA;6;1;0;15675.0;2026-08-04
KOUREAS D'ELA;8;6;0;21575.0;2026-08-01
ITHENA DE GAJUEL;2;0;0;5375.0;2026-04-04
LET'S GO SAUTREUIL;6;2;0;13800.0;2026-06-29
KOOL DE CRAON;3;0;0;8000.0;2026-08-08
KAISER DES CHAMPS;1;0;0;2500.0;2026-03-14
KISS MAKER;5;0;0;13500.0;2026-07-20
KALOU DE TESS;1;0;0;2500.0;2026-03-14
KARLISSIME ATOUT;2;0;0;5200.0;2026-04-27
LENNY DU PONT;9;0;0;21900.0;2026-07-30
LE CAP DU ROEN;3;0;0;8100.0;2026-05-13
KIRSCH VRIE;3;0;0;7800.0;2026-04-19
HUGO THE BOSS;5;0;0;12500.0;2026-06-23
JACK SURPRISE;2;0;0;5350.0;2026-06-17
KITTEN'S JOY;2;0;0;5250.0;2026-04-06
KIRUNA DU PONCELET;7;1;0;18550.0;2026-07-20
KALIE PIQUENARD;2;0;0;5100.0;2026-03-28
MARQUIS D'ARM;6;1;0;14400.0;2026-07-03
MYSTERIOUS LOVE;7;0;0;17700.0;2026-08-13
MONEY DI MALAVITA;6;2;0;15175.0;2026-06-14
MIRAGE DE BRAY;7;0;0;17875.0;2026-08-05
MA BIMBO;10;0;0;27700.0;2026-08-02
MAMOON;2;0;0;5250.0;2026-03-30
MEXICA BELLA;5;0;0;13150.0;2026-07-21
MANHATTAN TWIST;1;0;0;2550.0;2026-03-14
JOKER DU BOIROND;3;0;0;8350.0;2026-08-15
HELLO DU JAGUY;6;0;0;14975.0;2026-08-08
NEW LOOK DANICA;2;0;0;5250.0;2026-06-19
NERON DE BEAULIEU;3;1;0;6900.0;2026-04-27
MOI C'EST PHYT'S;1;0;0;2850.0;2026-03-14
MARCO DU RIB;2;0;0;5650.0;2026-05-01
MASSIEL SANTMIXO;3;0;0;7975.0;2026-06-01
MOJITO PRIOR;2;0;0;5725.0;2026-04-04
MYRINA MARY;2;0;0;5250.0;2026-06-01
HAPUNA BEACH;4;1;0;11400.0;2026-05-22
HOUBLON BLEU;1;0;0;2875.0;2026-03-14
HAMOUR DE SISSI;4;0;0;10000.0;2026-04-26
HIGUAIN DE LOU;1;0;0;2875.0;2026-03-14
GALION DES PRES;1;0;0;2875.0;2026-03-14
HARDY DES LANDES;2;0;0;5750.0;2026-05-04
MAYA HERBLINAIE;2;0;0;5650.0;2026-05-01
MARVA KILY;5;0;0;13975.0;2026-07-24
MILDRED DU MANOLET;6;0;0;15950.0;2026-07-24
MEXXIT CALENDES;5;1;0;14000.0;2026-07-27
MILLENIUM JOSSELYN;5;0;0;13400.0;2026-07-23
MY BOY NOBLESS;1;0;0;2850.0;2026-03-14
MARKI DE MIENNAIS;3;0;0;8400.0;2026-05-14
MERCURE DU ROEN;2;0;0;5725.0;2026-04-04
MERVEILLE MIKA;4;1;0;11250.0;2026-06-04
MILLESIME VIVROT;7;1;0;19600.0;2026-08-05
MA PERLE;7;0;0;18575.0;2026-05-30
JASPER DES PRES;5;0;0;14250.0;2026-08-05
ISCO DU MONCEL;1;0;0;2875.0;2026-03-14
IBIS DU LYS;5;1;0;14050.0;2026-07-30
JUNIOR DE PLAY;1;0;0;2875.0;2026-03-14
IDEAL DE REVAT;5;0;0;13975.0;2026-06-04
JOULYO VITA;1;0;0;2875.0;2026-03-14
IDEAL DE CHAHAINS;2;0;0;5775.0;2026-04-04
KUZCO DU BOSSU;1;0;0;2850.0;2026-03-14
JETON;2;0;0;5575.0;2026-08-06
JUST ONE FLASH;1;0;0;2850.0;2026-03-14
JET SIXTY ONE;1;0;0;2850.0;2026-03-14
JANGO ANGELE;2;1;0;5600.0;2026-07-20
JULIOS DE DINGE;2;0;0;5550.0;2026-06-06
MARQUIS DE MALAC;5;2;0;13600.0;2026-07-23
MAESTRO TEJY;10;1;0;27925.0;2026-07-29
MARIE LOU DE LARRE;7;1;0;18250.0;2026-08-03
L'AS DES ISLES;5;1;0;14675.0;2026-06-11
LOVELY TRIP;5;1;0;13575.0;2026-07-18
LUCKY MAN;1;0;0;3300.0;2026-03-15
LARABELLO DE LOU;7;0;0;20275.0;2026-07-30
LYRA DU METZ;3;0;0;8675.0;2026-06-22
KAZAK ROYAL;1;0;0;2825.0;2026-03-15
KINCI DU SOLEIL;3;0;0;8275.0;2026-07-11
KIRMANE DE LAVAU;3;0;0;8350.0;2026-05-24
KENDO DU CHERISAY;1;0;0;2825.0;2026-03-15
KALYPSO D'URSIN;2;0;0;5475.0;2026-07-15
KALINKA MOYA;5;0;0;13450.0;2026-08-15
KENISA;4;0;0;11125.0;2026-07-08
KISS COOL MIJACK;4;0;0;10400.0;2026-06-19
KATSUKI;9;0;0;24925.0;2026-08-03
KIF DU BIEF;3;0;0;7775.0;2026-05-03
JUST CALITY;1;0;0;2825.0;2026-03-15
JASMINE DU BOCAGE;2;0;0;5550.0;2026-05-17
JACADI DE PEBRAC;2;0;0;5775.0;2026-05-08
JIM DU PALAIS;4;0;0;11075.0;2026-07-18
JASMIN DAIRPET;3;1;0;8600.0;2026-05-08
JORPHEA D'ESPOIR;6;0;0;16550.0;2026-08-06
JENNA DAIRPET;4;0;0;11175.0;2026-05-24
JILBOUR DEFONTAINE;5;0;0;13975.0;2026-08-06
JUNIOR DU CHATELET;3;0;0;7750.0;2026-06-21
JOYAU DARLING;5;0;0;13600.0;2026-06-06
IT'S PAT;1;0;0;2825.0;2026-03-15
JOYEUX DU LANDRET;4;0;0;10525.0;2026-06-26
NASH ROYAL;1;0;0;2300.0;2026-03-15
NINO DE TIMBOEUF;3;0;0;6600.0;2026-04-12
NO SECRET;9;0;0;22625.0;2026-08-14
NATALIA MELODY;6;1;0;14600.0;2026-07-29
NIKITA DU CLOSEAU;1;0;0;2300.0;2026-03-15
NOCCIOLINA;7;0;0;18950.0;2026-08-07
NOCHE BELLA GRIFF;4;0;0;10875.0;2026-07-16
NUTTY DREAM;5;1;0;13825.0;2026-08-12
NIGHT ERCA;10;0;0;24475.0;2026-07-21
LUCY DU RILER;2;0;0;5525.0;2026-06-07
IOHANNA THIEBEN;3;0;0;8550.0;2026-04-22
INFINITIF D'ERABLE;1;1;0;2725.0;2026-03-15
LEADER ATOUT;6;1;0;14550.0;2026-06-12
MYRIO PLENNERIE;7;1;0;18850.0;2026-08-08
MISTER TROT;2;0;0;5000.0;2026-08-07
MILORD DU CHATAULT;3;0;0;7650.0;2026-05-11
MAJESTE ROYALE;8;0;0;20750.0;2026-07-28
MUTINE DE L'ITON;6;0;0;15250.0;2026-08-10
MA BRISE TIME;5;0;0;13600.0;2026-07-28
NIGHTMARE;3;0;0;7925.0;2026-07-29
NO NAME;2;0;0;5375.0;2026-05-10
NEWTON NOIR;1;0;0;2725.0;2026-03-15
NAPOLEON DE GAGOU;5;1;0;13500.0;2026-06-14
NAVAL DE BOUERE;2;0;0;5225.0;2026-08-03
MAKISAR DES TORONS;1;0;0;2575.0;2026-03-15
MILLENIUM PIYA;1;0;0;2575.0;2026-03-15
MONIE EFJI;7;0;0;18225.0;2026-08-15
MILORD DU PERCHE;2;0;0;5150.0;2026-04-19
MAGNUS FEELING;3;0;0;7725.0;2026-06-20
MAPIC BIHAN;2;0;0;5150.0;2026-04-12
MILOR DE LA CRIERE;4;1;0;10450.0;2026-07-27
MINERVA;2;0;0;5150.0;2026-04-12
MARAVILLA MENDO;2;0;0;5150.0;2026-04-12
MARTHURZY DE FARS;2;0;0;5150.0;2026-04-12
MILO DU HOULBET;1;0;0;2575.0;2026-03-15
MAESTRO DU GUELIER;2;0;0;5150.0;2026-04-19
MIGUEL;1;0;0;2575.0;2026-03-15
LOLITA ROLAU;2;0;0;4975.0;2026-03-29
LIPHITOS DE MESLAY;1;0;0;2575.0;2026-03-15
LESCOUBIAC;2;0;0;5525.0;2026-03-26
LANGUEDOC;3;0;0;8475.0;2026-06-13
LIMONETTA;2;0;0;5075.0;2026-07-12
LEANA DU CHATELET;2;0;0;5525.0;2026-03-26
LINK D'ERONVILLE;3;0;0;7775.0;2026-04-12
KARIMA DU PARC;4;0;0;10625.0;2026-06-01
KAPARKA;3;0;0;7450.0;2026-06-01
KORIGANO;2;0;0;5125.0;2026-04-13
KANDIA QUICK;2;0;0;4975.0;2026-04-06
INVADER AM;3;1;0;8175.0;2026-05-14
JENY DES MALBERAUX;5;0;0;12775.0;2026-06-01
INOPINE;5;0;0;12975.0;2026-04-24
LLAMP DE LLEVANT;1;0;0;2575.0;2026-03-15
MISS BLAUGRANA MAR;1;0;0;2575.0;2026-03-15
HARMAKHIS;3;0;0;7525.0;2026-04-13
KUMBI DE PHYT'S;3;0;0;7525.0;2026-06-01
KELLY QUEEN;2;0;0;4975.0;2026-04-06
KOKIN DE ROUAISSE;5;0;0;13025.0;2026-06-01
NEMESIA;3;1;0;7000.0;2026-07-07
NEBULA DANICA;6;0;0;16250.0;2026-07-21
NENA NINETY NINE;6;0;0;15175.0;2026-06-07
NIKITA DE PAYNS;1;0;0;2400.0;2026-03-15
NOVENA D'OURVILLE;8;1;0;20750.0;2026-08-11
NOBLESSE ACE;2;0;0;4975.0;2026-04-12
NEMESIS DES CHAMPS;1;0;0;2400.0;2026-03-15
JAMBAVAN;4;0;0;10050.0;2026-07-10
KALISTO DU BOURDON;5;0;0;12425.0;2026-08-13
JASMINA DES PRES;2;0;0;5250.0;2026-05-09
JUBEO VEDAQUAIS;4;0;0;10250.0;2026-07-07
JIBILIE DU DAMIER;1;0;0;2400.0;2026-03-15
KAPORAL DE VIETTE;9;0;0;23900.0;2026-07-29
KRACK TER BLEKTE;8;1;0;21200.0;2026-07-20
KING DU VIVIER;1;0;0;2900.0;2026-03-15
KAPITAN TER BLEKTE;3;0;0;8550.0;2026-04-13
KOBE BEJI;7;1;0;19725.0;2026-06-14
KRACK FOULONIERE;1;0;0;2900.0;2026-03-15
KENNEDY TEXAN;5;3;0;13650.0;2026-06-23
KIRSCH DES PRES;4;1;0;10675.0;2026-07-11
HIPSTER;2;0;0;5000.0;2026-04-28
HERCULE DE BEA;6;0;0;15900.0;2026-06-23
KENTUCKY WOOD;5;0;0;13500.0;2026-07-27
JOUEUSE DU MIREL;3;0;0;8575.0;2026-06-07
LEIPZIG TEK;5;0;0;13100.0;2026-07-28
LABORANTIN;7;1;0;18975.0;2026-07-15
L'AMIRAL STREET;4;0;0;10375.0;2026-06-28
LEWISIA DE LATOM;6;0;0;15075.0;2026-08-15
L'AS DES AS;3;0;0;7775.0;2026-05-31
LOCAL HERO;2;2;0;5000.0;2026-03-28
MADAME DE PLAY;3;0;0;8025.0;2026-06-27
MELODY DE BENOISE;3;1;0;8700.0;2026-05-21
MAJESTE VIVROT;3;0;0;7975.0;2026-06-30
MORA DREAM;5;0;0;13350.0;2026-08-13
MOON KUKY;1;0;0;2900.0;2026-03-15
MAGIC MAESTRO;1;0;0;2900.0;2026-03-15
MONEY TIME DARBY;1;0;0;2900.0;2026-03-15
MOZART DU CAPRE;2;0;0;5500.0;2026-04-19
MARKY DE LARA;3;0;0;7825.0;2026-05-30
MINOS DES RACQUES;3;0;0;8250.0;2026-06-26
MUCHO BELLO;6;0;0;16850.0;2026-07-23
NAGOYA DE LOU;5;0;0;14000.0;2026-07-30
NAIADE ZEN;2;0;0;5075.0;2026-03-29
NANIVA;2;0;0;5775.0;2026-05-16
NEMANIA;3;1;0;8300.0;2026-04-30
NICE JENILOU;2;0;0;5825.0;2026-04-04
NIKE SUPREME;3;0;0;7825.0;2026-04-26
NIKITA QUICK;4;0;0;10825.0;2026-07-13
NINETEEN SOMOLLI;2;0;0;5750.0;2026-03-29
NINON DES ILES;4;0;0;10700.0;2026-08-15
NOCTURNE DE BUSSET;2;0;0;5625.0;2026-04-06
NOUBA DE CHINE;6;0;0;17275.0;2026-07-25
NOVA D'URZY;2;0;0;5750.0;2026-03-29
NYMPHE DES LANDES;4;0;0;10775.0;2026-06-16
NYMPHETTE;1;0;0;2875.0;2026-03-15
NUSCH NOVA;8;0;0;19900.0;2026-07-26
MARINA DU VERGER;1;0;0;2875.0;2026-03-15
MILAN DE FAEL;1;0;0;2875.0;2026-03-15
MOON FOUR;5;0;0;13025.0;2026-07-09
MIMINE DE PERRAN;1;0;0;2875.0;2026-03-15
MYSTERIEUSE REVAT;2;0;0;5825.0;2026-05-02
MISS COQUINE;1;0;0;2875.0;2026-03-15
MIC MAC LOUANGES;2;2;0;5600.0;2026-07-02
MA JOLIE BECO;4;0;0;11200.0;2026-07-02
MERVEILLE DES PRES;1;0;0;2875.0;2026-03-15
MISTIGRI JIBE;1;0;0;2875.0;2026-03-15
MYRTILLE DE SEE;6;1;0;16000.0;2026-07-24
MARTIN SOMOLLI;1;0;0;2875.0;2026-03-15
MINETTE;2;0;0;5825.0;2026-08-15
MAKE A WISH;5;0;0;13300.0;2026-06-18
MELEUC DU DOUAROU;4;1;0;11275.0;2026-06-04
MASSILIA DANICA;1;0;0;2875.0;2026-03-15
MOANA DE L'AUMANCE;6;0;0;16825.0;2026-07-29
MYTHIQUE GEMA;5;0;0;13825.0;2026-07-17
LILY BECO;7;1;0;17925.0;2026-07-12
LUCIA DES CAILLONS;3;0;0;8475.0;2026-07-19
LEELOO MATCH;2;0;0;5025.0;2026-05-28
LORD DE LA NOE;2;0;0;5425.0;2026-04-13
LIZAO DU GUESCLIN;6;1;0;16675.0;2026-07-30
LA TERRE DU BANNEY;3;0;0;8075.0;2026-05-23
LAVEZZI PEJI;6;0;0;16050.0;2026-08-07
LADY CLASSIC;1;0;0;2875.0;2026-03-15
IDAHO D'ACADIE;2;0;0;5725.0;2026-03-28
HORIZON JASMA;2;0;0;5675.0;2026-03-29
ILEA D'IRATY;3;0;0;8525.0;2026-06-08
INSKA DE GUEZ;1;0;0;2875.0;2026-03-15
JAMAIQUE DE MONE;1;0;0;2875.0;2026-03-15
NOAH DES MALBERAUX;7;1;0;19500.0;2026-06-27
NOBLE SUPREME;4;1;0;10775.0;2026-06-07
NEW DESTIN;1;0;0;2450.0;2026-03-16
NEMO DU BOCAGE;5;1;0;13225.0;2026-06-09
NINJA DU PLESSIS;7;2;0;19250.0;2026-08-08
MAFIOSO DREAM;7;1;0;17025.0;2026-07-13
MAGNUS MAXIMUS;2;0;0;4375.0;2026-05-05
MILLENIUM;3;1;0;8000.0;2026-08-01
MAZEPPA DU VIVIER;1;0;0;2200.0;2026-03-16
MISTRAL DU PORET;5;0;0;13900.0;2026-06-30
MILTON BROWN;3;0;0;7900.0;2026-04-03
MILLE SOUS GEKA;6;0;0;14125.0;2026-07-14
LAETITIA MONTVASON;2;0;0;4650.0;2026-03-30
LA BELLE MIKA;6;0;0;14625.0;2026-07-07
LINA DU RIB;4;0;0;10350.0;2026-05-18
LADY D'HELIOS;5;0;0;12725.0;2026-07-29
KSARYA DE CHENU;5;0;0;13875.0;2026-06-28
JADE DU BILLARD;3;0;0;7975.0;2026-07-02
JABOROSA BLUE;2;0;0;4850.0;2026-04-25
KALAMA DE BEYLEV;1;0;0;2450.0;2026-03-16
JOIE GIBUS;4;0;0;11075.0;2026-07-09
JULIE DU PERCHE;1;0;0;2450.0;2026-03-16
KOMINA;5;0;0;12825.0;2026-07-14
JADE THORIS;6;0;0;15775.0;2026-07-21
LUCIFER MELOC;4;0;0;11125.0;2026-07-13
LOYAL DOL;3;0;0;8375.0;2026-05-07
LORD DU BUHOT;6;0;0;16625.0;2026-08-04
KINO DE LAUMIERE;5;0;0;13950.0;2026-08-07
KAPRICE D'AVRIL;1;0;0;2850.0;2026-03-16
KING DE FOURCHES;6;0;0;16675.0;2026-06-22
KALEO DE BANVILLE;3;0;0;8375.0;2026-06-20
DONIZETTI (SWE);4;0;0;9225.0;2026-05-20
HATE YOU BEYLEV;3;0;0;7900.0;2026-08-12
INFIEL;9;0;0;23050.0;2026-08-06
ADAMO DIPA;6;0;0;14925.0;2026-08-06
MY LADY DE CAHOT;8;2;0;21325.0;2026-08-05
MAESTRO DES CLAIRS;1;0;0;2150.0;2026-03-16
NEVADA SMITH;2;0;0;4950.0;2026-04-12
IRAFARA;5;0;0;12950.0;2026-08-15
GIORGIO DU VIVIER;5;1;0;11850.0;2026-06-20
GOLDEN LORD MIJACK;9;0;0;24250.0;2026-07-05
JET DE CANVILLE;7;0;0;15925.0;2026-08-10
JOLIE GRAVURE;1;0;0;2675.0;2026-03-16
MOZART DES BORDES;5;0;0;13850.0;2026-06-02
MAESTRO DE RETZ;5;1;0;14075.0;2026-07-07
MAKITA BERRY;8;2;0;20850.0;2026-08-13
MILTON DU CHATELET;7;0;0;19450.0;2026-07-28
MY FAIR LADY;3;0;0;8575.0;2026-06-12
MAGIK DE PIERRAIS;4;0;0;10375.0;2026-05-15
MALIKA DU SURF;5;0;0;14000.0;2026-07-21
KANELLE DE TILLARD;6;0;0;15975.0;2026-08-05
KAHIRA DES MARES;7;0;0;18700.0;2026-07-23
KEJAIME DE HOUELLE;6;3;0;16900.0;2026-07-16
LEWIS D'ESPOIR;5;0;0;13650.0;2026-06-27
LOCTON DE KERYANN;7;0;0;19950.0;2026-08-06
LULU QUICK;4;0;0;11375.0;2026-08-04
LE CAPORAL;4;2;0;11500.0;2026-07-24
LEMILIE SAINT BAR;2;0;0;5875.0;2026-06-07
LOVELY DEVOL;6;0;0;16650.0;2026-08-04
LIBERTY FRECA;2;0;0;5725.0;2026-07-05
LIFE IS BEAUTIFUL;2;0;0;5575.0;2026-04-07
LA TRINITE NEMO;3;0;0;8425.0;2026-05-26
LOLLIPOP MIJACK;6;0;0;16950.0;2026-07-28
KYMJO DE BELFOND;6;0;0;17150.0;2026-08-11
KAZAN DE VANDEL;5;0;0;12675.0;2026-07-28
KENDALL;4;0;0;11125.0;2026-08-03
KOZIELLO DE LOU;2;0;0;5675.0;2026-04-06
KOKO DU CANTER;3;0;0;8400.0;2026-08-04
KAYNE RICHER;3;1;0;8525.0;2026-07-05
KING FROMENTRO;6;2;0;16575.0;2026-08-14
MADONE DU TRIEUX;4;0;0;10325.0;2026-06-28
MAESTRO CASH;6;1;0;15275.0;2026-07-29
MAJOR DU RUISSEAU;6;1;0;16650.0;2026-07-09
LA SCUPICCIA;2;0;0;5575.0;2026-04-04
LUNA PARK;3;0;0;7825.0;2026-08-10
LISSANDRA JIEL;7;0;0;17075.0;2026-07-07
KAPI D'ARPENT;5;2;0;13525.0;2026-08-03
JULIANO STILE;9;0;0;24225.0;2026-08-08
HECTOR DU MINON;6;0;0;16600.0;2026-07-10
JAMAIQUE DAIRPET;2;0;0;5675.0;2026-05-07
JUST A BOY D'ALESA;1;0;0;2800.0;2026-03-18
INTOUCHABLE;3;0;0;8175.0;2026-08-10
HARDI CROWN;4;0;0;10925.0;2026-06-06
GYS;9;0;0;24075.0;2026-08-10
NATION DOREE;7;0;0;18425.0;2026-08-11
NEW FAIRY;2;1;0;5650.0;2026-05-21
NINA DES TOUCHES;1;0;0;2700.0;2026-03-18
NAOUSSA;4;0;0;11200.0;2026-05-06
NO CHANCE DE MUZE;1;0;0;2700.0;2026-03-18
MAMAORA DE LOU;1;0;0;2150.0;2026-03-18
MY LOVELY EBONY;4;1;0;9200.0;2026-06-05
MY LUCK;3;1;0;6950.0;2026-05-06
MIRZA DU BOUILLON;8;1;0;18350.0;2026-07-22
MEWTWO;5;0;0;13750.0;2026-06-19
MANONEGRA;2;0;0;4950.0;2026-08-08
MY LOVE ALWAYS;6;1;0;16100.0;2026-07-22
MAESTRO;5;0;0;13725.0;2026-08-11
MAGIE MESLOISE;2;1;0;5500.0;2026-03-31
LORD DE JAFA;6;0;0;17350.0;2026-07-13
LOBAYE;2;1;0;5750.0;2026-07-09
LEADER STREET;4;0;0;11400.0;2026-07-21
LABEL MAGIC;3;0;0;8250.0;2026-05-07
LICORNVERASPERANZA;8;0;0;21350.0;2026-08-02
LUXOR D'AUVILLIER;4;0;0;11025.0;2026-07-27
DEE GODFATHER;1;0;0;2700.0;2026-03-18
ELEONORA GRIF;3;0;0;7675.0;2026-04-24
JUDGE DREDD SISU;5;0;0;12459.0;2026-08-08
NERON DES LOYAUX;5;0;0;11700.0;2026-06-20
NYMERIA DU PONT;2;0;0;4175.0;2026-04-13
MAY BE JULRY;5;1;0;12325.0;2026-08-09
MUST DES LOYAUX;5;0;0;12925.0;2026-06-20
MISTER DES LOYAUX;4;2;0;9075.0;2026-05-28
MARMANDE QUESNOT;1;0;0;2025.0;2026-03-18
MUSE JULRY;3;1;0;6725.0;2026-08-08
MILORD D'ECOTAY;5;1;0;11875.0;2026-06-24
MARA D'ATOUT;3;0;0;7725.0;2026-06-27
MODIANO MAY;6;1;0;16175.0;2026-06-20
LORD SIXTEEN;3;0;0;8225.0;2026-07-02
LUCY GIBUS;2;0;0;5200.0;2026-04-05
LEA D'EP;5;1;0;13750.0;2026-07-17
LINOTTE MANAZIF;1;0;0;2600.0;2026-03-18
LEXKI DU GERS;5;2;0;13500.0;2026-07-03
LINDSEY DE NICE;4;0;0;10009.0;2026-07-04
LUTIN D'OCCAGNES;1;0;0;2600.0;2026-03-18
LENA DOUZOU;1;0;0;2600.0;2026-03-18
LADY DES GRAVELS;6;0;0;14759.0;2026-07-04
LUPIN DE SIOULE;4;0;0;10150.0;2026-08-08
L'UNICITE TIT;2;0;0;5200.0;2026-04-05
LATINO LOVER;2;0;0;5600.0;2026-03-27
LOVE D'URZY;4;0;0;10975.0;2026-07-31
LORENZO DU SERAN;4;0;0;11000.0;2026-08-08
LADY HEART;4;0;0;10500.0;2026-08-04
LORD DE BUCHATIERE;3;0;0;8250.0;2026-08-04
LEWIS DAMACA;1;0;0;2600.0;2026-03-18
LOBSTER CLUB;5;0;0;13150.0;2026-07-13
LINGOT;3;0;0;7300.0;2026-08-04
HOMMAGE DE TILLARD;6;1;0;16250.0;2026-07-12
HELMA DE BUSSET;4;0;0;10475.0;2026-05-21
JUDYRA BOISSIERE;7;0;0;16975.0;2026-08-04
INDIGO;5;0;0;13175.0;2026-08-08
JANGO;1;0;0;2600.0;2026-03-18
ITALIO DE LA ROQUE;3;0;0;8000.0;2026-06-14
ISKILIPIPY BRIAIRE;2;0;0;5225.0;2026-04-12
HADRIEN MERITE;6;0;0;15275.0;2026-05-17
HARKANSAS DE L'OZE;5;0;0;13350.0;2026-07-03
JUSTIFY LOVE;3;0;0;8250.0;2026-06-28
JUDEX DE CUY;1;0;0;2600.0;2026-03-18
JADE FOR EVER;7;0;0;18325.0;2026-07-24
HYGNUS PRIOR;2;0;0;4925.0;2026-07-02
MOONDANCE OKINA;7;0;0;16500.0;2026-06-16
MI FA SOL;5;1;0;11875.0;2026-06-12
MAVIS AULNAIES;5;0;0;12325.0;2026-06-14
NICOTINE DE LA FYE;2;0;0;5250.0;2026-05-01
NESSY D'AR;6;0;0;15375.0;2026-06-27
MISTRAL DU REGENCY;5;0;0;13200.0;2026-08-11
MANDARINO CUT;5;0;0;13225.0;2026-08-11
MERANO BLEU;3;0;0;7550.0;2026-06-20
MANGO KALOUMA;6;0;0;14550.0;2026-07-13
MAMBO NAY;1;0;0;2500.0;2026-03-19
MEDOC;1;0;0;2500.0;2026-03-19
MIKY DE VANDEL;1;0;0;2500.0;2026-03-19
MA CHOUCHOU;5;0;0;12950.0;2026-06-20
MERVEILLE DU JOUR;4;0;0;10975.0;2026-08-11
MYSTIQUE DU NORD;1;0;0;2500.0;2026-03-19
MIA DU BLEQUIN;7;0;0;17950.0;2026-07-18
LE MAGNIFIQUE;6;3;0;15975.0;2026-07-12
LUCAS D'AVRIL;4;0;0;10500.0;2026-08-08
L'AMIRAL DU SAPTEL;5;0;0;11850.0;2026-06-04
JUDOPOCK;9;1;0;24375.0;2026-08-12
HORSE DE GRAMMONT;8;0;0;21025.0;2026-08-02
GREFFIERS FLINOIS;3;0;0;8125.0;2026-08-02
NIRVANA BLUE;2;1;0;5000.0;2026-06-15
NAVY MADRIK;5;2;0;13400.0;2026-05-22
NACRE JADOR;6;0;0;16200.0;2026-06-13
KOCO PEEL;3;0;0;8275.0;2026-04-25
INCISO BELLO;1;0;0;2550.0;2026-03-19
JOLENCIO DE WARNOC;2;0;0;5350.0;2026-04-06
KARYNNDO ROBSEN;6;0;0;15900.0;2026-08-05
JIVAGO DU VIVIER;4;4;0;10700.0;2026-05-31
KIARHA DE NAPPES;8;0;0;21400.0;2026-07-26
MELANCHOLY MAN;2;0;0;4800.0;2026-04-03
MISTER ROYAL;7;0;0;18425.0;2026-07-07
KORIGANE D'ERABLE;6;0;0;15950.0;2026-07-08
IMPERIAL DE FORGAN;4;0;0;10425.0;2026-07-05
LANSKY VALLEE;3;1;0;8350.0;2026-05-07
LE MAC;5;0;0;13200.0;2026-08-01
MAGDALENA;3;0;0;8850.0;2026-04-06
MORANE;1;0;0;3000.0;2026-03-20
MONTPELLIER;6;0;0;15850.0;2026-07-31
MONT VENTOUX;6;0;0;17500.0;2026-07-21
MILANAIS VRIE;3;0;0;7950.0;2026-04-25
MICKEY MICHETTUDE;2;0;0;5650.0;2026-07-12
LECTURE PRIVEE;4;0;0;9900.0;2026-07-05
LA SAMBA DE LOU;2;0;0;4950.0;2026-04-25
LAVINIA DES ILES;2;0;0;4300.0;2026-07-28
LAZZARO DREAM;1;0;0;2300.0;2026-03-20
KANTARELLINA CHIC;4;0;0;10750.0;2026-06-27
KALOUGA;1;0;0;2300.0;2026-03-20
KALINE D'ATOUT;1;0;0;2300.0;2026-03-20
KASHMIR DU GERS;6;1;0;16300.0;2026-06-28
KOSMOS DE SOCERY;7;0;0;17700.0;2026-08-12
JEUX DE L'ETRE;1;0;0;3000.0;2026-03-20
IPOTEK;2;0;0;5400.0;2026-04-24
JACK FLAC;6;2;0;16325.0;2026-08-15
J'ADORE CE MEC;4;0;0;11025.0;2026-08-04
GIRLY VICTORY;5;0;0;12175.0;2026-08-15
NAOMIE DUEM;3;1;0;7100.0;2026-06-17
NARCODOLLARS;1;0;0;2325.0;2026-03-20
NEPTUNE DE KACY;4;0;0;10175.0;2026-07-29
NIGLO DU COUDREAU;1;0;0;2325.0;2026-03-20
NUIT ETOILEE;2;0;0;4475.0;2026-05-15
NUVOLA BARAKA;3;0;0;7300.0;2026-05-17
NAOS D'AURALIE;2;0;0;4900.0;2026-04-12
LICORNE D'OURVILLE;1;0;0;2750.0;2026-03-20
LLORET GRANDBOIS;2;0;0;5375.0;2026-04-02
LUCKY BOY;6;0;0;15000.0;2026-07-30
L'ARTISTE CHOISI;1;0;0;2750.0;2026-03-20
L'OEIL D'OR CHOISI;3;0;0;7950.0;2026-04-12
LEONIDAS DE GUELLE;3;0;0;8500.0;2026-04-27
MERIDA STAR;1;0;0;2750.0;2026-03-20
MALIKA DU GUESCLIN;5;0;0;13100.0;2026-06-01
MIMI JELOCA;5;0;0;14225.0;2026-07-22
MORIANO DE HOUELLE;4;0;0;10450.0;2026-06-01
MELISSA DE FAEL;2;0;0;5325.0;2026-04-12
KALOU D'ALDOM;1;0;0;2750.0;2026-03-20
KERDYNA MATCH;4;0;0;9634.0;2026-07-01
JEANBAT DUEM;4;1;0;10875.0;2026-05-30
HULK CHANTEREINE;2;0;0;5350.0;2026-04-06
ICARE D'ASNOIS;3;0;0;7050.0;2026-06-01
KOENING DE LA COUR;1;0;0;2750.0;2026-03-20
KILIM DE MEAUTIS;2;0;0;5300.0;2026-04-06
KALINKA D'AURALIE;1;1;0;2750.0;2026-03-20
KANANN;1;0;0;2750.0;2026-03-20
JACK MATH;2;0;0;5150.0;2026-04-06
JAVARI GEMA;2;0;0;5150.0;2026-04-06
NACRE DU MOUTHIEUX;5;1;0;12450.0;2026-06-21
MARILOU;5;0;0;12400.0;2026-07-09
INSTRUMENTALISTE;3;0;0;7850.0;2026-05-10
HANNAH;1;0;0;2700.0;2026-03-21
FOSTER WOOD;5;0;0;13575.0;2026-07-31
MAHARAJA ATOUT;6;2;0;16700.0;2026-08-01
GILLES GRIF;2;0;0;5400.0;2026-05-22
MESSI PASS;1;0;0;2700.0;2026-03-21
MIRAKALU MANAZIF;4;0;0;10950.0;2026-05-02
MISTRAL CASTELLE;1;0;0;2700.0;2026-03-21
INEXESS BLEU;4;3;0;10875.0;2026-07-25
FOREVER JIEL;3;0;0;7675.0;2026-06-25
ODANA VRIJTHOUT;3;1;0;7500.0;2026-05-15
GENERAL DU NORD;6;0;0;16600.0;2026-08-02
INFINIMENT CITRON;2;0;0;4850.0;2026-04-03
LEONARDO VICI;2;1;0;5725.0;2026-04-18
JUSTICE BRICKELL;3;0;0;8725.0;2026-05-14
INGLORIOUS;2;0;0;5150.0;2026-04-12
IPANO STAR;5;0;0;12725.0;2026-06-10
JADIS PRIOR;2;0;0;5125.0;2026-03-29
JAGUAR D'AIMTE;2;0;0;5200.0;2026-06-17
NOBLE AVENUE;6;0;0;14800.0;2026-08-13
NICOS DE JANEIRO;3;0;0;7550.0;2026-05-30
MOZART TURGOT;1;0;0;2575.0;2026-03-22
MARIUS DES TOURS;4;0;0;9775.0;2026-08-03
MALICE D'ATOUT;8;3;0;22975.0;2026-08-03
MICKEY DE VIVOIN;2;0;0;5200.0;2026-04-02
MAVERICK DE VIETTE;4;0;0;10600.0;2026-05-15
LOUXOR BOCAIN;6;0;0;15575.0;2026-07-29
KIWI D'AUVRECY;5;0;0;13575.0;2026-06-26
KANSAS LEMAN;1;0;0;2625.0;2026-03-22
KILLY D'IRATY;5;0;0;13575.0;2026-07-11
KILLER DE MILLAC;6;0;0;15134.0;2026-07-16
KINAYA DU CHATELET;2;0;0;4775.0;2026-04-10
IMHOTEP BUROIS;1;0;0;2575.0;2026-03-22
HO MEDOCAIN;3;0;0;7825.0;2026-04-15
DUBLIN FI;1;0;0;2625.0;2026-03-22
ENJOY (HUN);3;1;0;8175.0;2026-05-06
ILLYTRASS;6;1;0;16150.0;2026-07-22
NADOU KAYZ;1;0;0;2750.0;2026-03-22
NALLA DE BEYLEV;1;0;0;2750.0;2026-03-22
NEYTIRI JIEL;1;0;0;2750.0;2026-03-22
NISSA LA BELLA;9;2;0;22300.0;2026-08-14
NORIA DU GUELIER;2;1;0;5500.0;2026-04-06
NOTE PIMOUSSE;2;0;0;5500.0;2026-04-06
NOVA STYLE;1;0;0;2750.0;2026-03-22
NORWEGIAN ISLAND;6;0;0;15700.0;2026-06-27
MAYBE YOURS;2;0;0;5575.0;2026-04-13
MY HERO;4;0;0;10975.0;2026-07-30
MYSTERE D'ERPION;2;0;0;5575.0;2026-04-13
MAY BLUE;3;0;0;8225.0;2026-07-16
MOUNE VERDERIE;3;0;0;8275.0;2026-06-01
MURANO DU GANEP;5;0;0;12975.0;2026-08-09
MAURICE D'ATOM;3;1;0;7850.0;2026-05-23
MISSIS DARK;1;0;0;2750.0;2026-03-22
MISS TRAFO;1;0;0;2750.0;2026-03-22
MASTER DU NORD;3;0;0;8300.0;2026-07-30
MOLLY DE L'ODEON;3;0;0;7975.0;2026-06-27
MORRIS DE REUX;8;1;0;21600.0;2026-07-24
MY WAY SKY;2;0;0;5550.0;2026-04-12
MAYA VIP;2;0;0;5500.0;2026-05-24
MELROSE BOND;4;0;0;11150.0;2026-08-05
KAZACHOK D'ETANG;2;0;0;5300.0;2026-05-31
JUST BE GOOD;2;0;0;5350.0;2026-06-26
KADECOLE DE GUERRE;4;0;0;11150.0;2026-08-13
JUTLAND;7;1;0;17600.0;2026-08-13
JETLAG HOPE;2;0;0;5450.0;2026-04-19
JADORE D'ISQUES;7;1;0;18450.0;2026-07-18
NELSON TAL;2;0;0;5300.0;2026-06-20
NEVADA JIEL;5;0;0;12975.0;2026-07-29
NEVADA QUICK;3;0;0;7700.0;2026-07-18
NICO DU CAIEU;3;2;0;8150.0;2026-05-29
NICO DU COJEUL;1;0;0;2750.0;2026-03-22
NIKO D'AZUR;2;0;0;5500.0;2026-05-24
NINJA DE BEYLEV;1;0;0;2750.0;2026-03-22
NOTED MAN;4;0;0;10450.0;2026-06-08
LIBELLULE BLEUE;1;0;0;2750.0;2026-03-22
LA TEMPETE;2;0;0;4900.0;2026-04-02
LEONE MAGNIFIQUE;4;0;0;10350.0;2026-07-30
LOLA RONVILLAIS;2;0;0;5575.0;2026-04-13
LOVE WITH YOU;8;2;0;21100.0;2026-08-13
LIBRA SUPREME;4;0;0;10850.0;2026-07-24
HIBISCUS DU BREU;1;0;0;2700.0;2026-03-22
JUST A DOLLAR;5;0;0;13775.0;2026-07-30
ICAM;6;0;0;15600.0;2026-07-18
ITOU DES GENIEVRES;4;0;0;11025.0;2026-06-01
JARABELO DE GLANE;2;0;0;5175.0;2026-04-05
ILEX DE CABERT;1;0;0;2625.0;2026-03-22
HAMILTON FOUTEAU;3;0;0;8050.0;2026-08-08
NATCHELLO GLYCINES;1;0;0;2800.0;2026-03-22
NELSON DES DAMES;2;0;0;5500.0;2026-06-20
NERAC HERINIERE;3;0;0;8225.0;2026-05-03
NERZH D'OLIVERIE;3;0;0;7400.0;2026-04-26
NEWTON DE BANVILLE;4;3;0;11125.0;2026-08-10
NO LIMIT JIJI;3;0;0;7625.0;2026-05-17
NUEVO AMIGO;3;0;0;7600.0;2026-05-14
NARCOTIC THRUST;4;0;0;11125.0;2026-07-23
NIGHT KNIGHT;2;0;0;5650.0;2026-04-02
MAZURKA DE L'AUMOY;2;0;0;5600.0;2026-04-12
MA BELLE MOIRE;1;0;0;2800.0;2026-03-22
MONA DES APRES;1;0;0;2800.0;2026-03-22
MELI NATHE BONNE;1;0;0;2800.0;2026-03-22
MAYA DU CHEVREL;1;0;0;2800.0;2026-03-22
MISS TO GIS;1;0;0;2800.0;2026-03-22
MADEMOISELLE;1;0;0;2800.0;2026-03-22
MYRTILLE DU NOYER;4;0;0;10325.0;2026-05-10
MISS DE LARCHAMP;1;0;0;2800.0;2026-03-22
MUSE DES SABLES;1;0;0;2800.0;2026-03-22
MUSIQUE DU TRESOR;1;0;0;2800.0;2026-03-22
MALAVITA ROSA;7;1;0;18750.0;2026-07-16
MAEVA;4;0;0;10975.0;2026-07-30
MY LADY CHOISEL;5;1;0;13900.0;2026-06-10
MISS CHANCE;4;0;0;11550.0;2026-08-11
MANZANA BOUMBOUM;4;0;0;10950.0;2026-07-24
MALINE D'ARPENT;2;0;0;5600.0;2026-05-01
MAJESTE DAIRPET;2;0;0;5300.0;2026-04-05
MERVEILLEUSE BEY;4;1;0;10000.0;2026-08-08
MIRIANA DE BRAYE;2;0;0;5800.0;2026-06-03
MAYENNE COMMAYENNE;2;0;0;5525.0;2026-05-17
MAMZELLE BLANCHE;2;0;0;5450.0;2026-07-24
MELODIE RAPID;3;1;0;8150.0;2026-07-16
MAYA NAY;2;0;0;5525.0;2026-06-20
KRISTIANO BELLO;6;1;0;15975.0;2026-08-09
KELLY PRETTY;1;0;0;2800.0;2026-03-22
KING DE DUFA;4;0;0;11150.0;2026-08-15
KELBELLE MOIRE;3;0;0;8500.0;2026-07-12
KOITRO DE QUERY;2;0;0;5525.0;2026-06-20
KALIFA MESLOISE;1;0;0;2800.0;2026-03-22
LOUSTIC HERBLINAIE;1;0;0;2800.0;2026-03-22
LADY DE GUEHAM;1;0;0;2800.0;2026-03-22
L'UNIQUE DE GINAI;1;0;0;2800.0;2026-03-22
LA PRINCESSE DATAC;1;0;0;2800.0;2026-03-22
L'ARGENTIN;1;0;0;2800.0;2026-03-22
LUTECE D'AVIGNERE;5;1;0;14025.0;2026-08-04
LIGHT FEELING;3;0;0;8400.0;2026-06-08
L'EXCELLENT;4;0;0;10925.0;2026-07-04
L'ETOILE FILANTE;2;0;0;5700.0;2026-07-19
LASCA PRIOR;2;0;0;5600.0;2026-05-01
LANNA DE MAI;1;0;0;2800.0;2026-03-22
LOVELY FEELING;2;0;0;5425.0;2026-04-05
LE GEANT D'ATTAQUE;1;0;0;2800.0;2026-03-22
LAMBADA MOIRE;3;0;0;8500.0;2026-07-07
LADY MESLOISE;2;0;0;5750.0;2026-06-18
LAZARE DU VIF;1;0;0;2800.0;2026-03-22
LORD DE FONTAINE;6;1;0;16050.0;2026-07-10
INFLUENCE;2;0;0;5625.0;2026-04-26
ISO DE KERYANN;1;0;0;2800.0;2026-03-22
JIPEBE;2;0;0;5600.0;2026-05-01
ICEMAN CASTELETS;2;0;0;5625.0;2026-04-15
IMPRESSION HAUFOR;1;0;0;2800.0;2026-03-22
JAGUAR DU DOLLAR;7;1;0;19700.0;2026-07-16
HOULENN DU PILET;2;0;0;5650.0;2026-05-09
JEU SET ET SMILE;3;0;0;8875.0;2026-05-12
NEON DU PARC;7;0;0;19025.0;2026-08-07
NON STOP DU WALLON;7;0;0;17750.0;2026-07-23
NORELLO;5;0;0;12400.0;2026-06-04
NICO DE SAINT NOM;7;0;0;18475.0;2026-07-25
NEGOCIABLE;5;2;0;12750.0;2026-07-11
MALAVITA;2;0;0;5600.0;2026-07-19
MAZARINE CREPIN;5;2;0;13650.0;2026-07-31
MALDIVES FLIGNY;3;0;0;8050.0;2026-07-24
MARIA;1;0;0;2700.0;2026-03-22
MINA DU VIVIER;4;1;0;11200.0;2026-07-25
MONA DE MONTI;5;0;0;13775.0;2026-08-11
MADONE D'OCCAGNES;2;0;0;5500.0;2026-05-03
MOON SIXTEEN;1;0;0;2700.0;2026-03-22
MENTION BIEN;1;0;0;2700.0;2026-03-22
MILADY;4;1;0;11225.0;2026-07-02
MISS FRANCE PIYA;3;2;0;8350.0;2026-04-23
MUSIC DE BERTRANGE;7;2;0;19050.0;2026-07-26
MAIN D'OR;3;0;0;7825.0;2026-07-10
MARQUIS DE PLOMB;1;0;0;2700.0;2026-03-22
MYSTERE NONANTAIS;6;0;0;16525.0;2026-06-27
MEMPHIS DE DALINE;6;0;0;15825.0;2026-07-12
LIBERTE D'ATOUT;1;0;0;2700.0;2026-03-22
LANKA DE GINAI;3;0;0;8200.0;2026-06-28
LADY DES RUETTES;2;0;0;5400.0;2026-08-08
LISBA DU VIVIER;3;0;0;8325.0;2026-07-19
L'ETOILE D'ETE;7;3;0;19375.0;2026-08-15
LESPANA DU BOCAGE;7;2;0;18750.0;2026-07-22
LOLITA CHARMEUSE;4;2;0;10850.0;2026-06-07
LUCKY LADY D'AMOUR;10;0;0;25525.0;2026-07-29
IO DOMENICO;3;0;0;7750.0;2026-06-08
IVO LE COUP;2;0;0;5525.0;2026-05-17
KALINE DU LEVANT;3;0;0;8125.0;2026-07-18
KIONA DU SKY;3;0;0;8025.0;2026-06-20
KANA DE SUCE;1;0;0;2700.0;2026-03-22
KENZA D'OURVILLE;4;0;0;10775.0;2026-06-08
KULTA;7;0;0;18725.0;2026-07-26
KOSMOPOLITAINE;3;0;0;7700.0;2026-05-14
LITTLE STAR JIEL;7;0;0;17000.0;2026-07-30
LARISSA DU VIVIER;3;0;0;8000.0;2026-06-26
LADY SAINT CHARLES;2;0;0;5500.0;2026-04-06
LOVE ET CASH RENKA;4;0;0;10800.0;2026-05-11
LOYAL DU CHENE;5;0;0;13175.0;2026-06-07
LE VENT DU HOULET;1;0;0;2700.0;2026-03-23
LE GOLDEN PHYT'S;3;0;0;8425.0;2026-06-12
L'AMI LUC;4;0;0;9850.0;2026-07-28
LUTIN DU VAUTOUR;4;0;0;10225.0;2026-08-08
JOVIAL DE ROCK;3;0;0;8375.0;2026-05-30
JACKPOT DE GAPI;1;0;0;2825.0;2026-03-23
KAP NORMAND;5;0;0;13725.0;2026-06-17
KEL PRESTANCE;2;0;0;5550.0;2026-04-28
IDOLE STAR;7;0;0;17950.0;2026-07-13
JACKPOT JOMUNA;2;0;0;5400.0;2026-04-13
ICARE DES FORGES;6;0;0;16000.0;2026-07-04
MILORD DU COJEUL;2;0;0;4800.0;2026-04-03
MELBA DES VAUX;3;0;0;7600.0;2026-05-31
MYSTERE CERIZE;7;1;0;17525.0;2026-07-25
MAKE FOR JUMP;5;1;0;13850.0;2026-06-19
MELIUS AVIS;7;0;0;19325.0;2026-07-29
NORTH OF GOLD;1;0;0;2700.0;2026-03-23
NOWAK DE BUSSET;5;1;0;14250.0;2026-06-18
NEVER ALONE VERTAC;2;0;0;5525.0;2026-04-20
NON STOP;4;1;0;10700.0;2026-08-15
NASH;2;1;0;5550.0;2026-04-14
NORMAN HAPPY;3;0;0;7800.0;2026-05-14
NOUQUILEO;3;2;0;8700.0;2026-04-17
METEORA DE NILREM;2;0;0;5650.0;2026-04-26
MARIO DU VIEUXCOUR;4;0;0;11175.0;2026-07-30
MADE IN FIVE;1;0;0;2850.0;2026-03-24
MISS SCARLET;3;0;0;8500.0;2026-05-07
L'AVIS DU CHAILLOU;2;0;0;5675.0;2026-04-26
LOHENGRIN;1;0;0;2850.0;2026-03-24
LUTIN DU BUST;1;0;0;2850.0;2026-03-24
LATHOS DE VIVOIN;4;0;0;10500.0;2026-04-30
MY PRINCESS HAUFOR;7;0;0;19225.0;2026-07-25
KIWI DES MALBERAUX;3;0;0;7550.0;2026-07-04
KING FLY;2;0;0;4850.0;2026-06-13
KARAMEL TENDRE;5;0;0;13000.0;2026-07-09
KYRIELLE JOMUNA;6;1;0;16500.0;2026-07-24
KALAO TOURNIBOIS;3;0;0;8350.0;2026-07-17
HURRICANE STEED;7;1;0;18525.0;2026-08-15
JE TE CHERCHE;4;3;0;10725.0;2026-07-22
INGRID TURGOT;4;0;0;11150.0;2026-06-03
IZZIE PONCELET;4;0;0;11300.0;2026-07-31
GLADIATOR DE NIMES;7;0;0;19700.0;2026-08-02
GO AWAY BIRD;7;0;0;18900.0;2026-07-26
HADORABLE MEC;7;0;0;18125.0;2026-08-08
IBRA TEJY;9;1;0;23700.0;2026-07-19
JAZZISSIME;3;0;0;8225.0;2026-07-10
LOVER ADEMMA;1;0;0;2450.0;2026-03-25
LIPTON TONIC;4;0;0;10750.0;2026-07-13
LAGON DU POMMEREUX;6;0;0;15175.0;2026-06-28
LEFORT FLIGNY;6;0;0;15475.0;2026-06-15
LORIQUET;10;1;0;25175.0;2026-08-08
LANDSMAN;5;0;0;13475.0;2026-07-28
MISTRAL DE CERISY;2;0;0;5075.0;2026-07-27
MISTER FRIPOUILLE;7;0;0;17775.0;2026-08-08
JOKER DE L'EPINE;1;0;0;2450.0;2026-03-25
JUNE DE FLORANGE;2;0;0;5000.0;2026-04-23
JAGUAR DE ROZEVIC;3;0;0;7450.0;2026-06-26
JOUR DES RACQUES;4;0;0;10275.0;2026-07-15
JUST DE LA MORTRIE;4;0;0;10775.0;2026-07-23
JAVA FAST;8;2;0;20725.0;2026-08-15
NIL DAIRPET;5;0;0;13450.0;2026-07-08
NASH PERRINE;5;2;0;12975.0;2026-07-24
MITSY DU NOYER;6;2;0;15250.0;2026-08-13
MARA DU SAPHIR;7;2;0;16450.0;2026-08-07
MALICIA;1;0;0;2100.0;2026-03-26
MAYA DE KACY;6;1;0;15275.0;2026-06-07
IROCKO STRYCK;3;0;0;6775.0;2026-04-30
ICE TEA;1;0;0;2100.0;2026-03-26
IDEALE DE LA COMTE;3;0;0;7000.0;2026-04-15
HELIOS D'EURVAD;8;0;0;20400.0;2026-08-02
MINOS DES CHARRONS;5;0;0;12700.0;2026-07-12
JAVANAISE DE FARS;4;0;0;10175.0;2026-07-14
ILTON DE BELLANDE;3;1;0;8550.0;2026-06-15
IBIS DE CHAHAINS;1;0;0;2750.0;2026-03-26
HERMES DELUSS;2;0;0;5200.0;2026-04-26
LASKA TURGOT;2;0;0;5450.0;2026-07-12
LOVELY GAZELLE;3;0;0;8450.0;2026-06-05
LISON DES GLENAN;2;0;0;5800.0;2026-04-29
KUEEN KEP;1;0;0;2950.0;2026-03-26
KOURANE LA CHENAIE;1;0;0;2950.0;2026-03-26
JOYEUX DES SOURCES;3;0;0;8700.0;2026-05-28
KEEPYOURSELFALIVE;1;0;0;2950.0;2026-03-26
KASH DE TAGOR;2;0;0;5750.0;2026-07-05
JAVADA DU MONT;5;0;0;14100.0;2026-08-15
MISSING DUEM;3;0;0;8050.0;2026-07-13
MOSCATO DUEM;1;0;0;2950.0;2026-03-26
MENTION GRAVE;2;0;0;5500.0;2026-05-23
MIRABEAU;4;0;0;10200.0;2026-05-17
MARVELOUS SPORT;6;1;0;15825.0;2026-07-13
MAXOU DIGEO;2;0;0;4850.0;2026-08-08
MIKA DE LA VALLEE;6;0;0;14200.0;2026-08-01
MAROLY;6;1;0;16075.0;2026-07-16
LEVRETTE;3;0;0;7000.0;2026-06-02
LE GENTLEMAN;7;3;0;17550.0;2026-08-06
L'AMOUR SUPREME;2;2;0;5400.0;2026-04-24
EBANO D'ARC;5;0;0;13275.0;2026-07-29
ERNESTO ROC;2;0;0;4950.0;2026-04-24
NORA D'ELCE;2;0;0;4325.0;2026-05-11
NIKITA DU MOUTHIEU;6;1;0;15300.0;2026-08-14
NIKAIA PORT;1;0;0;2175.0;2026-03-27
MA POUPEE D'AMOUR;3;0;0;7300.0;2026-04-26
MY LADY GREEN;4;1;0;10950.0;2026-05-11
MUSE DE TERRAIL;7;0;0;18250.0;2026-07-21
MISTER DE L'ETOILE;9;0;0;24800.0;2026-08-07
MERLIN DE MALAC;5;0;0;13850.0;2026-08-07
MAFIOSO DRY;7;0;0;18450.0;2026-07-12
MARSHALL GALAA;3;0;0;8200.0;2026-05-03
MIEUXQUERIEN;1;0;0;3000.0;2026-03-27
MADE IN BELLAY;1;0;0;3000.0;2026-03-27
IALKO VASANI;3;0;0;8250.0;2026-05-10
JEOFFREY;4;0;0;11425.0;2026-08-12
LLUC DES BOSC;5;0;0;13925.0;2026-08-15
LINGFIELD;5;0;0;13925.0;2026-08-07
NIZONNE;10;0;0;28000.0;2026-08-13
NO LIMIT WELL;4;0;0;11075.0;2026-07-15
NOVELTY;3;1;0;8850.0;2026-05-27
INDRA DE FORGES;1;0;0;2600.0;2026-03-28
NATSUMI QUEEN;1;0;0;2600.0;2026-03-28
NEYLIA DU CYFLO;1;0;0;2600.0;2026-03-28
NOVAK;5;0;0;12975.0;2026-06-19
NAUSICAA JIEL;2;0;0;5150.0;2026-04-05
NOUMEA BUROISE;1;0;0;2600.0;2026-03-28
MISS FINE;9;1;0;22200.0;2026-08-10
MANADE;3;0;0;7900.0;2026-06-07
MURCIELAGO MIJO;4;2;0;10800.0;2026-08-11
MONA VILI;5;0;0;11975.0;2026-06-30
MAMOUR DU CHENE;4;0;0;10500.0;2026-05-29
LUMIERE DAIRPET;6;1;0;16750.0;2026-08-05
LOKI DE BEAUCAMPS;4;1;0;10875.0;2026-07-20
KEEP CONTROL;2;0;0;5300.0;2026-06-22
KAKI DE VAL;6;0;0;16225.0;2026-06-07
KEEP TOUCH;5;0;0;13250.0;2026-05-29
KATITZI;5;0;0;13600.0;2026-07-24
JEROME PICOULERIE;6;0;0;16050.0;2026-07-26
JAMIN DE BRY;2;0;0;5000.0;2026-04-11
KINGLY DREAMS;6;0;0;15284.0;2026-07-04
HELLO CAUVELLIERE;4;0;0;10600.0;2026-06-26
JOUTEUR D'AUGE;2;0;0;4950.0;2026-04-07
IFF LOUZEEN;5;0;0;13950.0;2026-06-01
IXCES BUROIS;2;0;0;5500.0;2026-05-27
INCONTOURNABLE;3;0;0;8525.0;2026-08-15
JAGERBOMB;5;2;0;14100.0;2026-08-04
JOURNAL INTIME;7;0;0;18600.0;2026-08-07
LATIFA OASIS;5;0;0;13825.0;2026-06-16
LOVE PROFUSION;2;0;0;5575.0;2026-08-06
LADY DE L'ELLE;1;0;0;2850.0;2026-03-28
MONEY DU CORTA;3;1;0;8175.0;2026-04-17
MAESTRO KADESH;5;0;0;13800.0;2026-08-10
MADRAS;5;1;0;14300.0;2026-06-27
NINA MINIGNA;4;0;0;10950.0;2026-06-25
NYAKA;6;1;0;15725.0;2026-08-08
NABAD DU ROCHER;6;2;0;16850.0;2026-07-23
NANA DU LEVANT;4;0;0;10950.0;2026-08-07
NALISMA;8;2;0;21025.0;2026-08-14
JOUR DE BRUME;2;0;0;5675.0;2026-06-08
JENNY DAIRPET;1;0;0;2850.0;2026-03-28
JOYCE MIKA;4;0;0;10650.0;2026-06-13
JONAS;6;0;0;17075.0;2026-08-15
IVOLI ZEUS;2;0;0;5000.0;2026-04-13
JOYEUX DU VIVIEN;6;2;0;16700.0;2026-08-15
JUST A WINNER;5;0;0;13575.0;2026-07-10
NINJA D'AIMTE;3;0;0;7550.0;2026-06-09
NOUVELLE DU JOUR;1;0;0;2500.0;2026-03-29
NEYMAR DU POTO;2;0;0;5075.0;2026-04-30
NINAMYS;7;0;0;17425.0;2026-08-13
NARCUS DE PLAY;3;0;0;8025.0;2026-05-15
MOONLIGHT GABY;2;0;0;5425.0;2026-05-01
MEDAILLER DE BOMO;1;0;0;2625.0;2026-03-29
MAGIC D'AIMTE;6;0;0;15175.0;2026-07-15
MAHORA D'OURVILLE;4;0;0;10325.0;2026-06-20
MAESTRO DE FORGAN;9;1;0;23425.0;2026-08-13
LEONIE DE L'ECLAIR;3;0;0;8125.0;2026-07-12
LEZIRA SPORT;2;0;0;5000.0;2026-05-01
LYNX GRIFF;6;0;0;15600.0;2026-07-29
KERBEROS;2;0;0;5400.0;2026-08-08
KARTOON DU FER;1;0;0;2625.0;2026-03-29
KALONEK JEWEL;2;0;0;5450.0;2026-04-13
KEVINA DE VITRAY;2;0;0;5575.0;2026-05-10
KEEPER BAY;3;0;0;8125.0;2026-08-06
KLYDE GALAA;5;2;0;13775.0;2026-08-13
KORTEX;2;0;0;5350.0;2026-08-06
JOLLITY GABY;1;0;0;2625.0;2026-03-29
HANACK DE VIVOIN;4;0;0;10925.0;2026-05-04
KISS ME JIHEM;2;0;0;4650.0;2026-06-05
KIVAOA DU PERCHE;3;0;0;8300.0;2026-07-19
KEPLER D'AUVILLIER;3;0;0;8450.0;2026-05-30
JAZZ DE MONGOCHY;2;0;0;5300.0;2026-05-08
KANTICO LOULOU;3;0;0;8450.0;2026-06-19
JEAN D'HOLLENBOURG;6;1;0;15350.0;2026-07-05
JACKPOT DE MAHEY;3;0;0;8000.0;2026-06-14
KATIA MON NEVEU;3;0;0;8100.0;2026-07-12
JALMINE VERDERIE;3;0;0;8100.0;2026-05-08
KACY AND GEPE;8;1;0;22325.0;2026-08-01
JUVANIA;4;0;0;10450.0;2026-06-28
IPSO SIMARDIERE;6;0;0;15700.0;2026-08-12
HAMILTON D'ALB;6;0;0;15650.0;2026-06-24
JIOSCO DE SAUZETTE;2;0;0;5600.0;2026-05-30
JOKER DES CHAMPS;6;0;0;16275.0;2026-08-02
KEN QUICK;6;0;0;15625.0;2026-07-27
JORDANA;10;0;0;26850.0;2026-08-12
HARMONICA;4;0;0;10550.0;2026-07-31
NEED YOU FOR MONEY;1;0;0;2200.0;2026-03-29
NEVADA PHEDO;1;0;0;2200.0;2026-03-29
NEVERS DE BELLANDE;5;0;0;13525.0;2026-07-11
NICOLO DE FELLIERE;5;1;0;12600.0;2026-07-09
NINA DE JOINVILLE;2;0;0;5050.0;2026-06-03
NIRVANA D'ERABLE;4;0;0;10725.0;2026-07-25
NORAH DE JOUDES;1;0;0;2200.0;2026-03-29
NORMA DES CHARMES;3;0;0;7350.0;2026-08-11
NUEVO MANNETOT;4;1;0;10350.0;2026-06-27
NO LIMIT PIYA;2;0;0;4475.0;2026-06-21
NAIADE JAYF;5;1;0;11375.0;2026-08-13
NIKYTA CIBEL;7;1;0;18025.0;2026-08-01
NATCHO UP STAR;4;0;0;10750.0;2026-07-13
MALRO DU PORTUGAL;7;0;0;18625.0;2026-07-31
MISTRAL D'URSIN;1;0;0;2800.0;2026-03-29
MAGIC GARLINOIS;4;0;0;11125.0;2026-07-07
MARCELLO;2;0;0;5600.0;2026-06-10
MAJOR DES ROSEAUX;2;0;0;5500.0;2026-04-27
MAGICIEN LUDOIS;6;0;0;16125.0;2026-07-13
MONNAI HENNEDET;1;0;0;2800.0;2026-03-29
MADONA DE MONGOCHY;4;0;0;10600.0;2026-08-07
MAJESTIK D'AMOUR;5;1;0;13725.0;2026-06-09
MORGANE DE TOI;2;0;0;5750.0;2026-08-11
IMPULSE;1;0;0;2800.0;2026-03-29
IRIS DES MAUPI;2;0;0;5750.0;2026-05-23
IMEO DU BOULAY;1;0;0;2800.0;2026-03-29
HADREUS;4;0;0;10525.0;2026-04-30
HORUS DE VAL;5;0;0;12650.0;2026-08-07
LIBERTE HERBLINAIE;1;0;0;2800.0;2026-03-29
LE SAPHIR;3;0;0;8375.0;2026-08-07
LUCIE;3;0;0;8300.0;2026-08-06
LUIGI DELAROUE;1;0;0;2800.0;2026-03-29
LUCIOLE DES ARRIS;7;0;0;19225.0;2026-08-08
L'AMIRAL DE CHANGE;1;0;0;2800.0;2026-03-29
LAUREL;3;0;0;7825.0;2026-08-07
LIPA STAR;5;2;0;12975.0;2026-06-06
LIKE A ROLLING JYL;4;0;0;11300.0;2026-06-07
LUCIFER D'ARLINE;1;0;0;2800.0;2026-03-29
LADY DE MAI;6;0;0;17100.0;2026-07-19
JULIETTE D'ELLE;3;0;0;8375.0;2026-08-06
JIPSIE DU LAYON;3;0;0;8425.0;2026-06-22
JUSTE SAMBA;3;0;0;8325.0;2026-05-15
JAZZ IN JEEP;4;0;0;10850.0;2026-07-24
HARLEM LOCA;2;0;0;5500.0;2026-05-30
JALNA DU GERS;3;2;0;8400.0;2026-05-14
IAKIM;1;0;0;2800.0;2026-03-29
IF DE LA COUDRE;3;1;0;7575.0;2026-06-17
NASSFELD;3;1;0;7825.0;2026-06-29
NELSON JENILOU;5;1;0;12675.0;2026-06-23
NEPTUNE DE BLARY;7;2;0;18150.0;2026-08-02
NEW CREATION;2;0;0;4850.0;2026-04-23
NEW GIRL;2;0;0;4000.0;2026-07-05
NIRVANA DU CHENE;3;0;0;7550.0;2026-05-07
NOE SIBEY;2;1;0;4575.0;2026-04-30
NOTORIOUSMACGREGOR;1;0;0;2000.0;2026-03-29
NINA FOX;2;0;0;4800.0;2026-04-05
LEADER DE LARA;1;0;0;2800.0;2026-03-29
LYFISANO;3;0;0;8400.0;2026-07-05
LEUK DU CHATAULT;1;0;0;2800.0;2026-03-29
LOVER D'AVE;3;0;0;8550.0;2026-05-21
LA NUIT JE MENS;6;1;0;15900.0;2026-07-19
LOTUS DE BEYLEV;5;0;0;12375.0;2026-07-22
LONG LEGEND;1;0;0;2800.0;2026-03-29
LION SUR MER;2;0;0;5375.0;2026-04-30
LYRA POTERIE;7;1;0;19025.0;2026-07-31
LATINO THE BEST;2;0;0;5700.0;2026-07-13
LASCO DE L'ITON;2;0;0;5625.0;2026-04-13
LEO VIVA;4;0;0;11125.0;2026-06-27
KALKO D'OURVILLE;1;0;0;2800.0;2026-03-29
KAID DES BOSC;2;0;0;5600.0;2026-07-05
KADOR DE LA COUR;1;0;0;2800.0;2026-03-29
KOUREION D'ELA;4;0;0;10850.0;2026-07-08
KABOBBY SANT;3;0;0;8300.0;2026-05-14
J'ARRIVE WELL;2;0;0;5525.0;2026-08-06
JANINA DES TOUCHES;1;0;0;2800.0;2026-03-29
IN ROCK DE PLAY;7;0;0;18950.0;2026-07-30
JAGUAR DE BELLANDE;2;0;0;5600.0;2026-06-07
KOBA D'HILAIRE;3;0;0;8200.0;2026-04-19
IZAAK DE NAPPES;1;0;0;2800.0;2026-03-29
JUSTY DU OLPASI;1;1;0;2800.0;2026-03-29
NARCOS DES LANDES;5;0;0;13425.0;2026-08-08
NEAL DE PERVENCHE;2;0;0;5825.0;2026-05-02
NELSON DU RIB;8;1;0;22400.0;2026-08-11
NEW DOLLAR;2;2;0;5375.0;2026-04-23
NO LIMIT D'AIRZA;1;0;0;2875.0;2026-03-29
NORMANDY DANCER;3;0;0;8325.0;2026-06-07
NASH PAULCA;2;0;0;5275.0;2026-04-11
NEVERSOIS;1;0;0;2875.0;2026-03-29
NABOKOV JUBAC;2;0;0;5750.0;2026-04-04
NARKOS DU PAIN;6;1;0;16925.0;2026-08-06
NECTAR DE MELLERAY;2;0;0;5675.0;2026-06-09
NEO DRY;3;0;0;7750.0;2026-08-07
NIOSCO RED;4;2;0;9825.0;2026-06-09
NOBLE DIABLE MEF;6;0;0;16400.0;2026-08-07
NUMBER ONE MADRIK;8;0;0;21550.0;2026-08-14
NEGOCIATEUR MAGIC;2;0;0;5575.0;2026-07-04
NADIA DU PARC;1;0;0;2875.0;2026-03-29
NE ME QUITTE PAS;1;0;0;2875.0;2026-03-29
NEIGE DES LANDES;8;0;0;20800.0;2026-07-23
NICEEDOR DU VINOIS;1;0;0;2875.0;2026-03-29
NOHOLITA MAY;3;1;0;7725.0;2026-07-10
NATURE VRIE;8;0;0;19450.0;2026-08-11
NECTARINE HUB;1;0;0;2875.0;2026-03-29
NEWBELL DE HOUELLE;3;0;0;7725.0;2026-05-03
NIKITA JHEQ;2;0;0;5075.0;2026-05-08
NYMPHE DE ZIETTE;1;0;0;2875.0;2026-03-29
LUCKY LOVE THANA;5;1;0;14250.0;2026-07-09
LINDA DE FOURCADE;2;0;0;5750.0;2026-05-19
LUNOA D'ECHAL;2;1;0;5675.0;2026-04-12
LEGION SMART;3;1;0;7975.0;2026-05-23
LENEK MICHE;2;0;0;5575.0;2026-06-20
LIBERTY LOVE;2;0;0;5600.0;2026-04-12
KINGSTON DU MINON;8;0;0;22275.0;2026-08-07
KORLEON;7;0;0;19600.0;2026-07-18
KOCAINE BOND;2;0;0;5675.0;2026-05-03
KICK DES LANDES;1;0;0;2875.0;2026-03-29
KAMELIE DU PLESSIS;1;0;0;2875.0;2026-03-29
JALIDA DE LA ROQUE;2;0;0;5575.0;2026-05-25
INTACT DES LANDES;2;0;0;5200.0;2026-04-24
KASA DJANGA;4;0;0;10575.0;2026-05-30
IDYLLE JULINO;2;0;0;6000.0;2026-05-12
HONEY DE GINAI;1;0;0;2875.0;2026-03-29
INTOUCHABLE AR;4;0;0;10575.0;2026-08-07
LOUVE D'ENFER;5;1;0;11675.0;2026-06-29
LIANG DU PATURAL;4;0;0;10400.0;2026-07-14
LAORA DE BIRAC;2;0;0;4975.0;2026-04-12
LISA SOYER;2;0;0;4550.0;2026-05-11
JEZABEL DE BEYLEV;1;0;0;2550.0;2026-03-29
JOHAR DES CHARMES;3;0;0;7575.0;2026-04-19
JAGUAR RANAIS;2;0;0;4950.0;2026-04-06
ISIDORE DU PLANTIS;4;0;0;10300.0;2026-05-30
IERONTO;3;0;0;7700.0;2026-05-30
JETHAN DE MONGOCHY;3;0;0;7725.0;2026-05-17
IVY DE BENAC;4;0;0;9825.0;2026-05-17
MAESTRO PYLA;5;2;0;12475.0;2026-06-17
MINI DU PADOUENG;1;0;0;2400.0;2026-03-29
MARIANNE NAY;3;0;0;7550.0;2026-06-01
MILADY DU PADOUENG;3;0;0;7600.0;2026-06-20
MEHO DU BUC;1;0;0;2400.0;2026-03-29
MAKAO DE LA BESVRE;2;0;0;4800.0;2026-07-13
MAJOR DE LA NOE;4;0;0;10175.0;2026-06-20
HOUSTON D'ECAJEUL;5;0;0;12750.0;2026-07-13
JUPPY UP;3;0;0;8100.0;2026-06-05
JOKER DE L'ETRE;5;0;0;12500.0;2026-05-30
HEROS DE BEAUCAMP;3;0;0;6950.0;2026-06-04
JUST MARRIED;2;0;0;4975.0;2026-04-19
HICOKO DU SOLEIL;3;1;0;7425.0;2026-04-19
JALISCA ROBSONS;1;0;0;2400.0;2026-03-29
NUIT DE MAI;4;0;0;9925.0;2026-08-13
NOVA TURGOT;3;0;0;7275.0;2026-05-11
MISS LADY DU DAN;4;0;0;10075.0;2026-05-30
MISS ROC;1;0;0;2450.0;2026-03-30
MADAME D'ERABLE;5;0;0;12775.0;2026-07-02
MIST NIGHT QUICK;2;0;0;4900.0;2026-05-03
MADONE DES RACQUES;3;0;0;7875.0;2026-05-31
KARO DU BELET;5;1;0;13650.0;2026-06-23
LUEUR MAJYC;1;0;0;2450.0;2026-03-30
KRONOS DE BRION;1;0;0;2825.0;2026-03-30
KLASSIC D'ERIQUE;2;0;0;5650.0;2026-04-13
KELLE BLEUE;2;0;0;5275.0;2026-06-10
KAPITANO DE LOU;7;1;0;19575.0;2026-06-19
LOUPIAC;8;0;0;21075.0;2026-07-24
LATINA JENILOU;3;0;0;7850.0;2026-05-02
LEONTINE CASH;4;1;0;11250.0;2026-07-11
GERONIMO MATICA;5;0;0;13450.0;2026-08-01
HIPPOCRATE DU TRIO;5;0;0;12675.0;2026-08-08
HARRY DU LYS;2;0;0;5450.0;2026-06-14
HUGO D'HERTALS;2;0;0;5550.0;2026-05-02
MYROS DE PALMA AR;7;0;0;17975.0;2026-07-29
MARIO DU CAIEU;5;1;0;13050.0;2026-07-07
MILO DE NAPPES;6;0;0;15850.0;2026-08-05
MEYDAN VOIRONS;7;3;0;18375.0;2026-08-06
MAYOTTE;2;0;0;5400.0;2026-07-24
KRONOS DU KLAU;5;0;0;13525.0;2026-08-09
INO PURPLE;5;1;0;12075.0;2026-08-07
INVERSION JULRY;1;0;0;2675.0;2026-03-30
MADISON DE JOUDES;5;1;0;13775.0;2026-07-08
MAM'ZELLE LARZIZ;4;1;0;10600.0;2026-07-26
MAKEMYDAY;5;0;0;14550.0;2026-06-12
MISTRAL WIND;1;0;0;2850.0;2026-03-31
NILO BRAZIL;1;0;0;2000.0;2026-03-31
NITAI SANTMIXO;5;0;0;11250.0;2026-07-29
NEW BOSS;3;0;0;6050.0;2026-07-28
LIKE A JULRY;5;2;0;11550.0;2026-07-28
LA MOME D'ATALANTE;2;0;0;4850.0;2026-04-08
LA BELLE AFFAIRE;8;1;0;21800.0;2026-07-21
LE BOLIDE;3;0;0;8600.0;2026-07-17
LOVING DREAM;6;0;0;16700.0;2026-08-06
LAGUNE PIYA;4;0;0;10000.0;2026-07-09
LUXOR D'ECAJEUL;4;1;0;8759.0;2026-07-04
LABEL MARANCOURT;1;0;0;2000.0;2026-03-31
LOFTEUR;6;0;0;14650.0;2026-08-02
KINESIE DE VINDECY;4;0;0;11250.0;2026-06-20
KOUBA THE BEST;1;0;0;2850.0;2026-03-31
KATIA DE ROMAZ;1;0;0;2850.0;2026-03-31
KOH SAMUI BOND;1;0;0;2850.0;2026-03-31
KISMIE GRIFF;3;0;0;6950.0;2026-04-26
JENY LOVE JEPHI;2;0;0;4850.0;2026-04-20
ILUX DU CAUX;1;0;0;2000.0;2026-03-31
KENJY DE LA VALLEE;3;0;0;7450.0;2026-04-20
NEMO DU VARLET;4;0;0;11300.0;2026-07-22
NARCO DU CHATELET;5;1;0;13775.0;2026-08-11
NAUTILIO BELLO;3;0;0;8275.0;2026-06-05
MYGIRL DES FORGES;4;0;0;10975.0;2026-07-11
HORSY ROYAL;2;0;0;5525.0;2026-06-01
GUAPO MARBOULA;3;0;0;8300.0;2026-07-15
JULIUS ECUS;9;1;0;25075.0;2026-08-15
IMZARA VALIERE;2;0;0;5250.0;2026-04-25
HALFA;1;0;0;3100.0;2026-04-01
IMPALA DE VAL;1;0;0;3100.0;2026-04-01
IDEALE DU CHENE;1;0;0;3100.0;2026-04-01
HISCO DE PARNIERE;1;0;0;2350.0;2026-04-01
HASARD BLOND;1;0;0;2350.0;2026-04-01
HEZA DE L'ERDRE;2;0;0;4975.0;2026-07-12
HIDALGO DAIRPET;1;0;0;2350.0;2026-04-01
NECTAR DRY;2;0;0;5175.0;2026-04-27
NICE ATOUT;4;1;0;10050.0;2026-05-22
NICOLAS;3;0;0;7075.0;2026-07-08
NAPOLEON BONAPARTE;2;0;0;4450.0;2026-04-06
MADONE PIYA;7;1;0;17675.0;2026-07-29
MIA FELICIA;1;0;0;2350.0;2026-04-01
MISS D'HERMES;5;0;0;12600.0;2026-08-10
LUCKY LUC FOSSAVIE;1;0;0;3125.0;2026-04-01
LEVITE;5;1;0;13775.0;2026-08-04
LEADER DU RIB;2;0;0;5875.0;2026-07-28
LILIAN DU PARADIS;5;1;0;14150.0;2026-08-15
JAVOTTE MADRIK;4;0;0;10775.0;2026-06-21
JOLIE DE L'AUMANCE;3;0;0;7725.0;2026-06-27
LOULOU D'ETANG;1;0;0;2625.0;2026-04-02
LUCIFER PACTOLE;3;0;0;7600.0;2026-05-17
LE GRAND BORNAND;1;0;0;2625.0;2026-04-02
IDOLE DE BEYLEV;1;0;0;2575.0;2026-04-02
ISSU DE CORTEM;4;0;0;10250.0;2026-06-17
JOHN STEED;4;1;0;10900.0;2026-06-17
MINI FORTUNE;4;0;0;10500.0;2026-06-01
MADISON GABY;3;0;0;7925.0;2026-06-01
MERCEDES PAN;4;0;0;10575.0;2026-07-15
MYRA MARIVALOISE;2;0;0;5375.0;2026-05-15
NICKEL D'ARBAZ;2;0;0;5225.0;2026-04-13
NINO DU PLESSIS;7;1;0;16100.0;2026-07-20
NASTY MAN;2;0;0;5150.0;2026-04-12
NIRVANA PLAYA;2;1;0;5525.0;2026-04-10
NOCTAMBULE SEVEN;2;0;0;5150.0;2026-04-12
NATIVE DU GILET;1;0;0;2575.0;2026-04-02
NIKALY D'EOLE;2;0;0;5450.0;2026-08-15
LORD DE L'AVRE;3;0;0;7025.0;2026-06-04
LYNKO DE REM;2;0;0;4550.0;2026-04-11
LADY MORNING STAR;7;0;0;17975.0;2026-07-23
KOZMIC BLUES;6;1;0;16150.0;2026-06-24
KHALEESI D'ALESA;2;0;0;4975.0;2026-06-08
KENZA D'AMOUR;1;0;0;2150.0;2026-04-02
KAID DEL GREEN;4;2;0;9300.0;2026-06-18
KADEAU DE L'AVRE;5;0;0;13325.0;2026-06-17
IBIS D'AUVRECY;6;0;0;14550.0;2026-07-23
KING OF JIEL;2;0;0;4700.0;2026-04-23
IAGO CAYENNAIS;3;1;0;6700.0;2026-07-23
MARIBELLA;6;2;0;15475.0;2026-07-11
MARINA SOMOLLI;4;0;0;11375.0;2026-07-04
MYSTIC PARKER;2;0;0;5600.0;2026-07-07
MILTON DU NOYER;6;5;0;15600.0;2026-08-14
MELICIANA;5;1;0;12625.0;2026-07-18
MAGUEN DAIRPET;2;0;0;5700.0;2026-06-02
NEREIDE SIBEY;4;0;0;11200.0;2026-06-19
NEW HAVEN WOOD;8;0;0;20200.0;2026-07-24
MY NAME IS BOND;7;0;0;15500.0;2026-08-08
MAKIAVEL DE BUSSET;2;0;0;4850.0;2026-04-18
MOWGLY FRECA;5;0;0;12600.0;2026-06-12
LINARO;1;0;0;2700.0;2026-04-03
L'INTOUCHABLE;7;0;0;18975.0;2026-08-14
KRAFEN;5;0;0;14450.0;2026-06-25
JACK DES ASS;4;1;0;11400.0;2026-07-31
ICHIRO OKINA;4;0;0;9250.0;2026-06-01
HIDALGO PLANCHETTE;3;0;0;7875.0;2026-05-23
MOON STAR;4;0;0;10475.0;2026-06-17
JAPAN GIRL;1;0;0;2950.0;2026-04-03
JOKER CARISAIE;1;0;0;2950.0;2026-04-03
JUST A SONG;5;0;0;13675.0;2026-06-17
JOY DU RIF;4;0;0;11475.0;2026-07-30
JUVENTUS;2;0;0;5700.0;2026-04-17
FOX PAPA TANGO;7;0;0;19400.0;2026-08-08
IDEFIX DE CENTULE;2;0;0;5300.0;2026-04-29
HERMES EXPRESS;2;0;0;5550.0;2026-04-27
HERMES ANGEL;2;0;0;5300.0;2026-04-29
HEYDAY;10;2;0;26500.0;2026-08-10
LATINA TOURNIBOIS;6;0;0;15700.0;2026-08-10
EROS ZOLA;1;0;0;2700.0;2026-04-04
HAUTE COTE DE NUIT;2;0;0;4800.0;2026-04-11
SCHAMPUS;3;0;0;6950.0;2026-07-09
JUST A LADY (DEN);2;0;0;4200.0;2026-05-02
LIZY JOSSELYN;8;0;0;19400.0;2026-08-07
L'AMIRAL GAGNANT;6;0;0;14850.0;2026-07-31
EK DEL RONCO;1;0;0;2100.0;2026-04-04
ECLISSI DI RE DR;1;0;0;2100.0;2026-04-04
LODESTAR;3;0;0;7100.0;2026-08-08
NACRE DU PERCHE;3;0;0;8150.0;2026-04-26
NARDO LATAL;1;0;0;2875.0;2026-04-04
NECTARINE PIERJI;3;0;0;8175.0;2026-07-30
NEVA LUCERNAISE;1;0;0;2875.0;2026-04-04
NICO DE L'AUMANCE;1;0;0;2875.0;2026-04-04
NICOLETTE D'EMI;1;0;0;2875.0;2026-04-04
MAGIQUE;2;0;0;5575.0;2026-06-13
MOROSAGLIA;2;0;0;5625.0;2026-04-24
MARSHALL DES PRES;2;0;0;5625.0;2026-08-11
MILOU DE TOUCHYVON;5;1;0;13625.0;2026-08-05
MONT SAINT ELOI;4;0;0;10900.0;2026-07-19
MAHORA QUEEN;3;0;0;8275.0;2026-05-06
MADISON DE TILLARD;1;0;0;2875.0;2026-04-04
MANADE PRIOR;1;0;0;2875.0;2026-04-04
MARTINO BELLO;1;0;0;2875.0;2026-04-04
MASSA DAIRPET;2;0;0;5375.0;2026-07-27
MON MARQUIS;3;0;0;8450.0;2026-06-19
MUSE D'ECOUVES;7;1;0;18800.0;2026-08-11
MACAME DU CAUX;7;1;0;19075.0;2026-08-14
MELMETAL;2;0;0;5750.0;2026-05-04
MISTRAL EXPRESS;4;2;0;10850.0;2026-08-11
MADISON HUB;2;0;0;5175.0;2026-06-07
MISS DAM LORRAINE;4;0;0;10925.0;2026-05-28
MOUFLETTE D'ATOUT;2;0;0;5675.0;2026-06-28
MINOS DE LA VALLEE;4;0;0;11225.0;2026-06-07
MAGIC DE VILLODON;4;0;0;11250.0;2026-07-16
MYMAZAL;2;0;0;5275.0;2026-04-25
MIGNON DES MACE;7;0;0;18925.0;2026-08-13
MESSALINE;5;0;0;14025.0;2026-06-27
MELODY DU DIGEON;5;2;0;14625.0;2026-08-15
JAG DES MONTIERS;4;2;0;11275.0;2026-05-24
IRRESISTIBLE LOMIG;2;0;0;5900.0;2026-06-07
IDEAL FLEURI;4;0;0;10975.0;2026-05-30
JE REVE DE BOUERE;2;0;0;5700.0;2026-05-08
ILLICO PRIOR;3;0;0;8575.0;2026-07-28
IMPACT MAGIC;1;0;0;2900.0;2026-04-04
NI DIEU NI MAITRE;2;0;0;5775.0;2026-04-15
NINA ROSE;4;2;0;11000.0;2026-08-08
NO LIMIT CHARMES;3;0;0;8350.0;2026-05-01
NONOLETTO;2;0;0;5450.0;2026-04-23
NUIT CLASSIC;2;0;0;5675.0;2026-07-18
MATITINE BEY;1;0;0;2950.0;2026-04-04
MAGIC STOLA;4;0;0;11225.0;2026-07-15
MAGNUM DU LEVANT;5;1;0;14375.0;2026-07-19
MARQUISE DEHEL;1;0;0;2950.0;2026-04-04
MOULIN DU VAL;4;0;0;11200.0;2026-05-17
MOMO DE MIENNAIS;3;0;0;8425.0;2026-05-25
MEETING GEMA;3;2;0;7650.0;2026-06-13
MY STORY;3;0;0;8575.0;2026-08-05
JOSS GRAND PRE;1;0;0;2950.0;2026-04-04
JAKA DU RUEL;2;0;0;5100.0;2026-06-18
JUSTICIER DAIRPET;2;0;0;5900.0;2026-08-15
JAG ROYAL;5;0;0;13425.0;2026-08-15
JEWEL DE LA COTE;5;2;0;13250.0;2026-08-09
GIRL DE L'ETOILE;1;0;0;2950.0;2026-04-04
LOKO DJOB;1;0;0;2950.0;2026-04-04
LEWIS PARIS;3;1;0;8725.0;2026-06-27
LARIA DU BELLAY;4;0;0;11325.0;2026-06-14
LIVERPOOL DU TAY;4;0;0;11625.0;2026-07-23
JAGUAR D'ANAMA;2;0;0;5650.0;2026-06-13
JOKER DU DOLLAR;5;2;0;14200.0;2026-08-06
JOY MARANCOURT;1;0;0;2950.0;2026-04-04
HOLD UP IDEF;1;0;0;2950.0;2026-04-04
HIMADOR D'AVRAN;1;0;0;2950.0;2026-04-04
JACKPOT DU WALLON;4;2;0;11450.0;2026-08-15
MAGICIEN DU SABLE;4;1;0;11175.0;2026-07-30
MILLESIME D'EOLE;1;0;0;2700.0;2026-04-04
MON TWIST;2;1;0;5400.0;2026-06-13
MY SPIRIT ERA;4;0;0;10775.0;2026-06-27
MASCARET DEFF;6;1;0;16475.0;2026-07-28
MEDINA DU RIB;2;0;0;5325.0;2026-05-10
MUSCATE;2;0;0;5400.0;2026-07-04
MARVELA DU DUDY;4;0;0;10775.0;2026-07-23
MI CASA;8;2;0;19125.0;2026-07-29
MARA DU DERBY;3;0;0;7825.0;2026-05-16
MELIA SOMOLLI;1;0;0;2700.0;2026-04-04
IVORY DU CHERISAY;2;0;0;4800.0;2026-05-12
INOUR DU VIVIER;1;0;0;2700.0;2026-04-04
IZI D'OR DU VINOIS;2;1;0;5350.0;2026-07-08
JAMAIS;8;2;0;22400.0;2026-08-15
IZIO DU POMMEREUX;4;0;0;11125.0;2026-06-22
GITANO JACK;7;0;0;17625.0;2026-07-25
GIFTOVER;1;0;0;2700.0;2026-04-04
L'OURAGAN D'AVEL;2;0;0;5350.0;2026-05-10
L'ELDORADO;4;0;0;10850.0;2026-07-15
LOOK DE GINAI;4;1;0;10750.0;2026-07-05
NAYADE DES SOURCES;2;0;0;5400.0;2026-06-27
NEMESIS JULMA;3;0;0;7700.0;2026-05-08
NEVA SOMOLLI;4;0;0;11000.0;2026-07-19
NICE GRIFF;6;2;0;15475.0;2026-08-12
NOTE REBELLE;5;3;0;13600.0;2026-08-10
NIKITA DE CALVI;1;0;0;2700.0;2026-04-04
JOYAU D'INFREVILLE;3;0;0;8325.0;2026-06-08
KHADIDJA CASTELETS;4;0;0;10875.0;2026-07-19
KADEOS SI;4;0;0;10950.0;2026-07-16
JUST DO IT FOR ME;2;0;0;5400.0;2026-06-27
JET COMMANDERIE;1;1;0;2700.0;2026-04-04
LOLITA DU RHIN;3;0;0;7975.0;2026-05-16
L'ANGELUS;2;0;0;5575.0;2026-07-02
L'HAVANA D'ELMA;6;1;0;16500.0;2026-08-09
JOSIE NONANTAISE;3;0;0;8350.0;2026-06-27
KELVALSE CASTELETS;1;0;0;2825.0;2026-04-05
MILAN BENOIS;1;0;0;2800.0;2026-04-05
MYSTIC DE BLARY;4;1;0;10575.0;2026-07-23
MAGIC DE BELLA;7;0;0;19175.0;2026-08-04
MAGE DE L'ITON;2;0;0;5600.0;2026-04-26
MERVEILLE DE JIEL;3;0;0;8225.0;2026-08-08
MUSE DE L'AVRE;5;1;0;13500.0;2026-07-25
MA PIECE D'OR;2;0;0;5550.0;2026-04-19
MASCOTT DU CHOQUEL;7;2;0;17600.0;2026-08-08
MACOUMBA DAIRPET;4;0;0;10450.0;2026-07-14
NAYA REINA;3;2;0;8550.0;2026-06-17
NIRVANA PIYA;1;0;0;2800.0;2026-04-05
NOE DES MONTS;3;0;0;8300.0;2026-06-28
KAMILLE DU MESNIL;1;0;0;2825.0;2026-04-05
KYRIELLE PRINCESSE;2;0;0;5525.0;2026-04-20
IRIS DE MEMARTIN;2;0;0;5625.0;2026-05-14
IKKO JOSSELYN;3;0;0;8350.0;2026-06-06
HARMONIE CLEFOISE;1;0;0;2825.0;2026-04-05
ILOULOU JASMA;4;0;0;11075.0;2026-07-30
NAUTILUS;5;0;0;13000.0;2026-08-08
NARUTO UNAKITE;1;0;0;2400.0;2026-04-05
NEW BOOST;1;0;0;2400.0;2026-04-05
NATAELCO DU PELUT;4;1;0;9150.0;2026-06-05
LORD MERITE;1;0;0;2550.0;2026-04-05
MADAGASCAR YAMM;3;0;0;7525.0;2026-07-13
MOSPEL DU VERGER;5;1;0;12875.0;2026-07-29
MELODIE DU CORTA;2;0;0;4975.0;2026-04-19
NIWAY;3;1;0;7900.0;2026-07-28
NOHTAGA GOUDIG;1;0;0;2400.0;2026-04-05
NORWAY DES MONTS;1;0;0;2400.0;2026-04-05
NINA DE BENAC;1;0;0;2400.0;2026-04-05
NOVA MIX;4;0;0;10000.0;2026-07-14
NASTREE DU VINOIS;2;0;0;5350.0;2026-07-25
JASON DE L'ISOP;1;0;0;2550.0;2026-04-05
JULIANI DE LALOSSE;2;0;0;5100.0;2026-06-01
JEANNE D'AUTHISE;4;0;0;10250.0;2026-05-21
JURA;4;1;0;10025.0;2026-06-20
L'AMIE JOSSELYN;2;0;0;5500.0;2026-04-10
HERMOSO;5;0;0;12900.0;2026-07-04
NAUSICAA DES MERS;3;0;0;7050.0;2026-07-17
NEIGE DE CORMATIN;5;0;0;10525.0;2026-07-21
NINA DES VALLEES;3;0;0;7150.0;2026-05-18
NIOBE;2;0;0;4250.0;2026-06-23
NOBLESKA;4;1;0;10550.0;2026-05-23
NACRE DU VALLON;5;1;0;11200.0;2026-08-12
NORA LOULOU;3;0;0;6425.0;2026-06-20
NEED YOU SAMAC;5;1;0;10525.0;2026-07-03
MANECH HIGHLAND;3;0;0;7500.0;2026-05-03
MUSIKER;4;0;0;9525.0;2026-07-28
MIRAGE QUICK;3;0;0;7350.0;2026-07-04
MEDIA BLEU;5;1;0;12300.0;2026-07-10
MAYA GRIFF;3;1;0;8050.0;2026-05-21
MAESTRO GRIFF;3;0;0;6700.0;2026-08-09
MUST DES RIOULTS;4;0;0;10550.0;2026-06-19
LOTUS DE CHANTEINS;3;0;0;7450.0;2026-07-26
LIBRE D'EMOTION;5;0;0;13750.0;2026-07-21
LOOSER ROMO;2;0;0;5475.0;2026-05-21
LIPSTICK BOND;1;0;0;2600.0;2026-04-05
HIDE AND SEEK;1;0;0;2600.0;2026-04-05
LILY JAC;3;0;0;7450.0;2026-07-26
LOLA DE CHANLECY;5;0;0;13150.0;2026-07-26
LADY DU FOREZ;4;0;0;11150.0;2026-06-20
IN LOVE DE VINDECY;5;0;0;13100.0;2026-06-30
JOMIZIO;1;0;0;2600.0;2026-04-05
KOOPER DU CHOQUEL;2;0;0;5200.0;2026-04-14
JESSIE RITAL;7;0;0;18475.0;2026-08-02
JESCO DE LA VALLEE;8;0;0;21450.0;2026-07-21
NABUCA;5;0;0;11750.0;2026-07-29
NAO D'OR DU VINOIS;1;0;0;2625.0;2026-04-05
NARVAL PIERJI;4;0;0;10625.0;2026-08-05
NEWTON TUILERIE;5;1;0;13900.0;2026-06-23
NORALIE;2;0;0;4900.0;2026-06-22
NUMBER DU GERS;3;1;0;8275.0;2026-06-16
MAG DU ROUEZO;1;0;0;2500.0;2026-04-05
MILORD DE CALI;3;0;0;7925.0;2026-06-20
MADE IN PIERJI;3;0;0;8100.0;2026-07-24
MELCHIOR DU RUAH;1;0;0;2500.0;2026-04-05
MYFELLITO;4;0;0;10725.0;2026-07-24
MANCHEGO LANDING;1;0;0;2500.0;2026-04-05
MUFASA ACE;6;0;0;16050.0;2026-07-01
MASTERO BELLO;4;1;0;10950.0;2026-07-27
MAESTRO LIMOUSIN;1;0;0;2500.0;2026-04-05
MESSIRE JOSSELYN;2;0;0;5350.0;2026-05-23
MIRAGE MAGIC;6;0;0;15750.0;2026-08-08
MOKO DE BOUERE;4;0;0;11075.0;2026-06-02
MARVEL OF RIVRAY;3;0;0;7900.0;2026-04-24
MARACANA BEACH;3;0;0;7775.0;2026-07-12
MISS CAUVELLIERE;5;0;0;12975.0;2026-08-13
MA BELLE AVENTURE;6;1;0;15225.0;2026-08-09
MAJESTE DEMALIGUE;1;0;0;2500.0;2026-04-05
MERIBEL D'EOLE;1;0;0;2500.0;2026-04-05
MARQUISE DE MONE;2;0;0;5300.0;2026-05-01
MAGICAL TOUCH;2;0;0;5200.0;2026-06-20
MIRZA DE BRAYE;4;1;0;10875.0;2026-07-16
KISS ME SMART;1;0;0;2625.0;2026-04-05
KISS ME JIVE;1;0;0;2625.0;2026-04-05
KAID DES CHAMPS;2;0;0;5250.0;2026-04-26
KISSIOKO SEVEN;3;0;0;7750.0;2026-08-03
KAMELIA VIVANCIERE;2;0;0;5425.0;2026-07-14
KAKOU CAYENNAIS;5;0;0;14100.0;2026-07-28
KYRIA BELLA;4;2;0;11475.0;2026-06-01
LUEUR PAT;1;0;0;2625.0;2026-04-05
LA FALINE;2;0;0;5125.0;2026-04-26
JEWEL OF SEBHA;4;1;0;11000.0;2026-05-30
JULIETTA VICI;2;0;0;5250.0;2026-05-10
JALONA;5;3;0;13675.0;2026-07-11
HAMLET DE CALVI;1;0;0;2500.0;2026-04-05
GIRLY D'HUON;1;0;0;2500.0;2026-04-05
NATURAL MINE;2;2;0;5450.0;2026-05-11
JADE DE NAVARY;5;0;0;12225.0;2026-07-18
DOMENIK JET;6;3;0;14725.0;2026-07-29
KISS ME DE NAVARY;4;0;0;9550.0;2026-06-14
HAPAX;4;0;0;10700.0;2026-06-02
MASTER OF ZON;1;0;0;2500.0;2026-04-05
OH CEAN;5;0;0;12175.0;2026-07-22
NAPOLI DEL PHEDO;2;0;0;4550.0;2026-06-07
NEW D'URZY;1;0;0;2550.0;2026-04-05
NIOSCO DE CONROS;3;0;0;6550.0;2026-08-04
NO DOUBT DU SAPTEL;3;0;0;8100.0;2026-05-13
NOBEL DANCER;5;0;0;13150.0;2026-07-10
NOIR C'EST BLACK;1;0;0;2550.0;2026-04-05
NUAGE DIVIN;4;1;0;11325.0;2026-08-05
NEVER KATCH ME;2;0;0;5150.0;2026-04-19
NANA DE L'ISLE;6;1;0;15125.0;2026-08-13
NAYA PIYA;3;2;0;7500.0;2026-06-09
NEMESIS MELOC;1;0;0;2550.0;2026-04-05
NICEGIRL DE TAVIET;4;0;0;10350.0;2026-07-10
NIGHT EXPRESS;2;0;0;5475.0;2026-07-17
NIOUTE DU PONCELET;2;0;0;5100.0;2026-06-06
NOBODY ELSE;1;0;0;2550.0;2026-04-05
NINA D'EOL;2;0;0;5100.0;2026-04-15
KEBELLO GRAUX;2;0;0;5350.0;2026-05-13
KALIE CHOUM;2;0;0;5500.0;2026-05-02
MEDIEVALE;8;1;0;20900.0;2026-07-23
MONCOEUR DE DYPP;6;1;0;16075.0;2026-08-01
MENELAS D'HEL;4;0;0;10450.0;2026-07-01
LUIGI SALICE;1;0;0;2500.0;2026-04-05
LEOGNAN;3;0;0;7925.0;2026-06-06
L'AS ATOUT;2;0;0;5200.0;2026-04-27
LAWRENCE;1;0;0;2500.0;2026-04-05
KNOWING;1;0;0;2800.0;2026-04-05
KAMARI LOVE;1;0;0;2800.0;2026-04-05
KITO DU BOUILLON;1;0;0;2800.0;2026-04-05
KOOKER;1;0;0;2800.0;2026-04-05
KIRIK DE SEG;1;0;0;2800.0;2026-04-05
KORO DE LA COUR;5;1;0;13975.0;2026-07-04
MISS COCO;5;0;0;13100.0;2026-08-11
MOUMBA DE MIENNAIS;7;0;0;19950.0;2026-08-05
MELODIE DE FAEL;1;0;0;2800.0;2026-04-05
MUST SPORT;6;1;0;17200.0;2026-08-11
MONALISA CELO;1;0;0;2800.0;2026-04-05
MINOUCHE ERCA;5;0;0;13225.0;2026-08-11
MADEIRA;5;2;0;14000.0;2026-07-14
MAXIMUS DU FAOUET;3;0;0;8525.0;2026-08-10
MAYTIKA DU VAL;1;0;0;2800.0;2026-04-05
MELROSE DES VAUX;2;0;0;5250.0;2026-05-27
NAIADE D'OSCINE;4;0;0;10600.0;2026-06-20
NEVALE VET;6;4;0;15475.0;2026-07-27
NIKA LEGACY;1;0;0;2625.0;2026-04-06
NIKITA WIT;1;0;0;2625.0;2026-04-06
NONNE D'ERABLE;3;1;0;8200.0;2026-05-23
NOT ALLOWED;7;0;0;18225.0;2026-08-04
MANUELLA BELLA;5;2;0;13400.0;2026-06-24
MAGNUM TEK;1;0;0;2625.0;2026-04-06
MIRAGE DU CAIEU;7;2;0;17525.0;2026-08-03
MARVIN D'ALGOT;5;2;0;13600.0;2026-07-07
MEDITH DE VALAILLE;4;0;0;10725.0;2026-06-27
METAVERS ERA;2;1;0;4825.0;2026-04-25
MILLESIME DI VIN;5;0;0;13275.0;2026-07-25
MOJITO DE BANVILLE;7;0;0;15775.0;2026-08-01
MARQUIS D'ENFER;6;1;0;14800.0;2026-08-08
LATINA DU PARC;3;0;0;8375.0;2026-05-23
LIPTON DU VIVIER;2;2;0;5325.0;2026-04-27
LUCIANO VET;4;0;0;10500.0;2026-07-30
LOUSTIC D'YVEL;4;0;0;9400.0;2026-06-02
LADY QUEEN;6;1;0;16225.0;2026-07-31
JAB DE MYE;5;0;0;13325.0;2026-07-13
IDEFIX DHELPA;4;0;0;10900.0;2026-07-24
JOMA OV;8;0;0;22350.0;2026-08-05
JOCEANO BELLO;2;0;0;5025.0;2026-04-19
JIROKO;1;0;0;2400.0;2026-04-06
KAMILA ARMA;2;0;0;5100.0;2026-06-01
KAMILLA DU LUPIN;3;0;0;7900.0;2026-06-01
KAMI DU BOURG;1;0;0;2550.0;2026-04-06
ILLUSTRE JULRY;3;0;0;7275.0;2026-06-20
IHOARA TILOU;3;0;0;7550.0;2026-05-30
JIBUS DE GODREL;1;0;0;2400.0;2026-04-06
JACARI;4;0;0;9975.0;2026-06-01
GRANADOS;5;0;0;13325.0;2026-07-28
GARIFAN DE CASTROU;1;0;0;2400.0;2026-04-06
GAPACHE DE HOUELLE;5;0;0;13100.0;2026-06-20
IDEAL WIC;3;0;0;7550.0;2026-05-30
IS GOOD DU JAYLE;1;0;0;2400.0;2026-04-06
HAPPY BEJI;1;0;0;2400.0;2026-04-06
ISARIA DU GUELIER;3;0;0;7575.0;2026-06-17
ISALYS MESLOISE;2;0;0;4975.0;2026-04-19
JE REVE;2;0;0;5025.0;2026-04-19
KANAYOU;2;0;0;5025.0;2026-04-19
KARMA DE BANVILLE;2;0;0;5025.0;2026-04-19
KYRIELLE DU FORT;2;0;0;5025.0;2026-04-19
KOSAK PIEMONT;2;0;0;5025.0;2026-04-19
JAKARTA D'ALOUETTE;2;0;0;4975.0;2026-04-19
NYMPHE GUILLERVIL;2;0;0;4950.0;2026-05-07
NUMBER ONE DEHEL;3;0;0;7350.0;2026-04-24
NOBLESS ANGEL;6;0;0;14500.0;2026-07-03
NORTHON BERRY;3;0;0;7550.0;2026-07-12
NOUMA ROSA;5;0;0;12850.0;2026-07-26
IMUVRINI;9;2;0;24150.0;2026-07-14
IRMOSA BELLA;5;0;0;14075.0;2026-08-01
HEROS DU REYNARD;3;0;0;7550.0;2026-07-19
JUSTE CHOIX;4;0;0;10350.0;2026-06-28
KENNY PEARL;2;0;0;4900.0;2026-04-25
JAPON DAIRPET;7;0;0;18150.0;2026-08-12
NINA DES MONTS;3;0;0;8250.0;2026-06-28
NOBLESSE DE JANY;3;0;0;8050.0;2026-07-10
NUROSEDA DE WARNOC;4;1;0;10925.0;2026-06-26
LOKI DU PONT;1;0;0;2700.0;2026-04-06
L'AMIRAL SACHA;4;1;0;10650.0;2026-05-14
LOVER DIVIN;3;0;0;7200.0;2026-07-07
LONDON EYE;2;0;0;5200.0;2026-05-25
LOKI DU CARMA;2;0;0;5525.0;2026-06-22
KALICINE;4;0;0;10625.0;2026-05-30
KUTARA MICHE;4;0;0;10800.0;2026-08-11
JACK BARROW;1;0;0;2700.0;2026-04-06
JET DES BAUX;7;0;0;16550.0;2026-07-23
MIDNIGHT BLUE;1;0;0;2750.0;2026-04-06
MOUSUA KRAAILO;2;0;0;5675.0;2026-08-07
MIKOLYTO DE REM;1;0;0;2750.0;2026-04-06
MAD MAX BOND;6;0;0;16700.0;2026-07-23
MELAINE DE LEPINE;3;0;0;8275.0;2026-06-01
MANHATTAN;3;0;0;8000.0;2026-06-27
MINT JULEP;6;0;0;16150.0;2026-07-18
MIA DE CHENU;3;0;0;8050.0;2026-06-26
MALINE DU PLESSIS;6;3;0;16925.0;2026-08-13
MILLEMIA IMPERIALE;3;0;0;7850.0;2026-06-27
MA BELLE TAL;2;0;0;5300.0;2026-05-25
INDIEN PASS;1;0;0;2700.0;2026-04-06
IMMATERIEL D'AM;3;0;0;7850.0;2026-07-18
HAPPY JAVANAIS;2;0;0;5100.0;2026-04-25
HOOKER DU PECH;2;0;0;5500.0;2026-05-20
IZAAC DE L'ODEON;1;0;0;2700.0;2026-04-06
JUST LIKE A DREAM;7;0;0;18275.0;2026-07-20
JUMBO D'AUVILLIER;9;0;0;22950.0;2026-08-08
HIGHWAY DE NAPPES;6;0;0;14675.0;2026-07-17
GOLDEN VIKING;6;0;0;17500.0;2026-07-03
NAKYRIE;1;0;0;2100.0;2026-04-06
NASH DU CAMPUS;4;3;0;10350.0;2026-07-01
NIAOULI DE WALLIS;1;0;0;2100.0;2026-04-06
NIKY DE CHINE;1;0;0;2100.0;2026-04-06
NIRVANA GRIFF;5;0;0;11175.0;2026-08-08
NUCIFER;2;0;0;4525.0;2026-05-12
NATACHA CASTEL;6;0;0;13850.0;2026-08-13
KANDIE DJOB;4;1;0;11000.0;2026-06-21
INCISIF VAUCEEN;3;0;0;8250.0;2026-08-13
KEEP YOUR DREAMS;5;0;0;13125.0;2026-07-15
GRILLE PAIN;4;0;0;11275.0;2026-08-08
IMPERIAL BEJI;3;1;0;8575.0;2026-08-01
KRONOS DU CHATELET;1;0;0;2800.0;2026-04-06
KING DE LA COUDRE;4;0;0;11050.0;2026-07-05
KAPTAIN FAFA;2;0;0;5375.0;2026-04-30
KILLER SUN DRALIAM;5;0;0;13675.0;2026-08-13
LOVER STILL;3;0;0;8525.0;2026-06-25
NICKELBACK;4;0;0;10650.0;2026-06-28
NUAGE DU RABUTIN;5;0;0;11700.0;2026-07-29
LONE RANGER;3;1;0;8425.0;2026-06-22
LENSIEN DI VIN;1;0;0;2800.0;2026-04-06
LOUIMOKO;4;0;0;11000.0;2026-07-13
LARGO DU PONT;7;3;0;19200.0;2026-08-12
L'ORIGINAL;2;0;0;5200.0;2026-04-11
LOOK D'AVRIL;2;0;0;5600.0;2026-05-03
LOUSTIC DU MIDI;3;0;0;7900.0;2026-06-20
LOVERGIRL POWER;3;0;0;8050.0;2026-08-08
LISETTE DE WATOU;3;0;0;8225.0;2026-06-22
LADY DU MIREL;2;0;0;5625.0;2026-06-22
LEIA HIGHLAND;7;2;0;18250.0;2026-08-07
LOVI CADENCE;7;1;0;19575.0;2026-08-05
KANDAR JIEL;5;0;0;13550.0;2026-06-20
KROKEUSE;3;0;0;7259.0;2026-07-01
MAYA DES COUPERIES;1;0;0;2800.0;2026-04-06
MALOIN D'ELMA;7;0;0;17950.0;2026-08-09
MAN IN THE MIRROR;3;0;0;7800.0;2026-07-10
MIA JACK;3;0;0;8150.0;2026-06-07
MUNDAKA;4;1;0;10800.0;2026-06-11
MAGIC FADO;4;0;0;11075.0;2026-08-08
MANO D'ELVINQUIERE;2;1;0;5600.0;2026-05-13
JE SUIS SPECIAL;3;0;0;8300.0;2026-06-07
KAFIA DE CERISY;5;1;0;13325.0;2026-08-15
GREAT GATSBY;2;2;0;5600.0;2026-06-07
HOLSTER;2;0;0;5500.0;2026-08-02
IRENO DES PLAINES;5;0;0;13900.0;2026-06-17
ISIA DU CHENE;6;0;0;16150.0;2026-07-29
JULKO D'OCQUE;2;0;0;5400.0;2026-05-29
JACK BELLI;2;0;0;5600.0;2026-06-07
JARDIN D'ERABLE;11;0;0;26225.0;2026-08-08
IDOCTRO DE HOUELLE;9;3;0;23900.0;2026-07-31
ITYA DE BOSSENS;12;2;0;31925.0;2026-08-12
NELSON DU DUDY;3;1;0;8225.0;2026-05-27
GAVROCHE DE L'ITON;9;3;0;21993.0;2026-07-31
GAUDI TIT;5;0;0;13050.0;2026-08-01
HARMONIE DE SITA;2;0;0;5125.0;2026-08-13
KILGORE;1;0;0;2525.0;2026-04-07
KASH D'URZY;5;0;0;13325.0;2026-07-05
INATO PIERJI;5;1;0;13825.0;2026-07-26
LION DU HOULBET;3;1;0;8150.0;2026-04-30
LUCKY DE CALVI;5;4;0;14025.0;2026-07-16
MALVINA MADRIK;6;0;0;16675.0;2026-07-18
MOON STAR FOR YOU;4;0;0;11000.0;2026-07-03
JOUR DE FETE;5;0;0;13800.0;2026-07-19
KING DE JOUDES;5;4;0;13775.0;2026-08-08
JABADAO;3;0;0;8250.0;2026-08-08
NEVER GIVE UP;4;0;0;9900.0;2026-06-12
NOVIALO;5;1;0;14025.0;2026-08-10
NEWTON CASTELETS;2;0;0;5250.0;2026-04-24
KISS YOU DU VERGER;3;0;0;8125.0;2026-07-16
KING MAKER;2;0;0;5850.0;2026-04-17
LORD DE VANDEL;4;0;0;11125.0;2026-07-16
LOGO DE BERTRANGE;3;1;0;8550.0;2026-07-17
MYSTERE DES MARES;6;0;0;16900.0;2026-07-21
CIENFUEGOS LAUMAR;1;0;0;2850.0;2026-04-08
IN THE AIR DELO;9;0;0;23325.0;2026-08-03
NUMBER ONE DU BOIS;1;0;0;2875.0;2026-04-09
NELSON FAFA;5;0;0;13625.0;2026-06-25
MIDEN DE FONTAINE;2;1;0;5625.0;2026-07-31
MILADY DREAM;7;1;0;17025.0;2026-07-29
MAYBE DAIRPET;2;0;0;5625.0;2026-08-11
MUST DE BANVILLE;5;1;0;13675.0;2026-08-01
LEGENDE DEL PHEDO;1;0;0;2875.0;2026-04-09
LIGNE BLANCHE;6;1;0;17150.0;2026-07-25
LALY DE JADE;3;1;0;7600.0;2026-04-30
LOIC BARON;1;0;0;2100.0;2026-04-10
HELIOS SOMOLLI;2;0;0;5800.0;2026-08-01
IBIS PETTEVINIERE;5;1;0;12775.0;2026-07-29
HAPPY FACE;4;0;0;11650.0;2026-08-01
LOVELY KOOL;5;0;0;12700.0;2026-07-15
GREAT PRIDE;2;0;0;5725.0;2026-04-27
JASMINE DES ETANGS;1;0;0;2150.0;2026-04-10
MI SUENO;3;0;0;7575.0;2026-05-01
LADY BEAUTIFUL;7;0;0;19125.0;2026-08-07
LITTLE CROWN;6;1;0;16300.0;2026-08-12
LATCHO DU CHAL;1;0;0;2950.0;2026-04-10
LYCAON DES VENTS;1;0;0;2950.0;2026-04-10
LEXINGTON DU BOURG;4;0;0;11150.0;2026-06-05
LANCELOT DE BEYLEV;1;0;0;2950.0;2026-04-10
LE TRESOR KRAAILO;1;0;0;2950.0;2026-04-10
NELSON GREENWOOD;5;0;0;13225.0;2026-07-29
GE DU MANOIR;5;0;0;13100.0;2026-06-30
HINDEN;5;0;0;13400.0;2026-08-08
HERODO BELLO;1;0;0;2325.0;2026-04-10
JEANNETTE PRIORY;5;1;0;11134.0;2026-08-08
LOUVE DE REVE D'OR;2;0;0;4850.0;2026-05-23
MARATHON MAN;2;0;0;5550.0;2026-06-02
MARS COBBA;6;0;0;16700.0;2026-08-06
MAMBO DU TAILLIS;2;1;0;5700.0;2026-05-07
LOULOU DE MYE;3;0;0;7725.0;2026-06-06
GIMS DU PLESSIS;4;1;0;9925.0;2026-08-06
GOLD MENCOURT;2;0;0;4975.0;2026-08-06
HELLO PANAME;6;0;0;15825.0;2026-07-25
IACYNTHE DIDJEAP;3;0;0;6350.0;2026-05-15
KHAL'S FELLA;2;0;0;5400.0;2026-05-02
NONONINO;4;1;0;10225.0;2026-08-13
NICKNAME;5;0;0;13325.0;2026-08-08
IVELTAL;1;0;0;2400.0;2026-04-11
KING JULMA;2;0;0;5100.0;2026-04-20
KALINE DE SIENNE;2;0;0;5225.0;2026-05-03
KIRIKOU STREET;3;1;0;7800.0;2026-06-22
IDEAL DE FOUQUE;3;0;0;7525.0;2026-06-20
JASMIN DU ROCHER;6;0;0;16350.0;2026-08-15
KARABOUDJAN;1;0;0;2400.0;2026-04-11
KING ROC;2;0;0;5300.0;2026-07-29
KARINE DU VIVIER;1;0;0;2400.0;2026-04-11
KRUSTY;2;0;0;5000.0;2026-04-19
KEZIA DES VENTS;3;0;0;7825.0;2026-05-30
NAPOLEON DIGEO;2;0;0;5350.0;2026-05-23
MAEVA DES BAUX;7;1;0;18325.0;2026-07-29
MACUMBA MESLOISE;4;0;0;10725.0;2026-07-19
MADISON DE MAHEY;6;0;0;15650.0;2026-06-26
MAPLE LEAF;3;0;0;7750.0;2026-05-10
MERRY DES VAUX;1;0;0;2400.0;2026-04-11
MILANDZIA DE REM;1;0;0;2400.0;2026-04-11
MIRETTE;3;0;0;7200.0;2026-06-08
MADE OF DREAMS;3;0;0;7800.0;2026-05-03
MALICE DU CHATAULT;6;1;0;14400.0;2026-08-10
MAGIE DE L'AVRE;1;0;0;2400.0;2026-04-11
MARMARA BLEUE;5;1;0;12300.0;2026-08-11
MARHABATH;7;1;0;18500.0;2026-07-28
MILORD WIND;2;0;0;5075.0;2026-05-15
MAGIC LULU;2;0;0;5100.0;2026-06-20
MONOGAME;4;0;0;10000.0;2026-07-24
MIVACHI;2;0;0;4900.0;2026-04-23
MACCHIATO ABSOLUTE;2;0;0;4900.0;2026-04-23
LOVE YOU DADDY;2;0;0;4900.0;2026-06-20
L'INCROYABLE HULK;1;0;0;2400.0;2026-04-11
LAMBADA SPORT;2;0;0;5200.0;2026-05-13
LOVELY DE TILLARD;3;0;0;7800.0;2026-06-26
LINO DU BIRKWALD;2;0;0;5100.0;2026-07-30
LIKE MENCOURT;1;0;0;2400.0;2026-04-11
HOKAIDO DE MONCHEL;3;0;0;8400.0;2026-07-26
ICARE DE MONTFORT;3;0;0;7525.0;2026-05-24
GROUPIE DU QUENNE;5;0;0;13600.0;2026-08-08
HIBISCUS DE LATOM;4;0;0;10625.0;2026-08-14
HAUGAIN;6;0;0;15650.0;2026-08-06
HERMINE SIMARDIERE;3;0;0;8225.0;2026-07-16
HANNAH DU BERYL;2;0;0;5650.0;2026-05-09
JOLYA DE POMMERAYE;2;0;0;5500.0;2026-05-30
INDIGO SIMARDIERE;4;0;0;10400.0;2026-08-06
JOKER GES;4;2;0;11625.0;2026-07-30
NANA DU MESNIL;1;0;0;2800.0;2026-04-12
NEW ORLEANS WIND;1;0;0;2800.0;2026-04-12
NISKA DES ARRIS;3;0;0;7500.0;2026-07-05
NACARA BELLA;5;0;0;13250.0;2026-08-04
MAGICIO BELLO;2;0;0;4800.0;2026-08-08
LUTECE DES BOIS;1;0;0;2800.0;2026-04-12
LERMINE D'OLIVERIE;2;0;0;5550.0;2026-07-07
LAUREATE SPEED;1;0;0;2800.0;2026-04-12
JASMIN PHIL;6;0;0;16550.0;2026-08-13
JILANZA DU MOULIN;5;0;0;12475.0;2026-07-30
JACK L'EVENTREUR;9;1;0;22700.0;2026-08-04
I LOVE YOU TEK;3;0;0;7575.0;2026-06-27
JOKER DES MOLLES;4;0;0;10600.0;2026-07-30
HATALANTE DE FLO;4;0;0;11175.0;2026-07-28
INDIANA TESS;4;0;0;11050.0;2026-08-08
LUCKY DU MINON;3;0;0;8000.0;2026-06-15
LAGOS;7;0;0;17659.0;2026-08-07
LEADER TURGOT;5;1;0;12175.0;2026-06-25
LET'S GO SMART;8;1;0;21125.0;2026-08-13
LYA DU VIVIER;4;0;0;10300.0;2026-06-15
LUTTE IMPERIALE;7;0;0;18300.0;2026-07-15
LAIKA LAND;1;0;0;2725.0;2026-04-12
MAGIC DE TILLARD;3;0;0;7875.0;2026-05-16
MICHIKO;6;0;0;15775.0;2026-07-28
MACHA D'OCCAGNES;7;0;0;19150.0;2026-07-26
NEBRASKA DE GINIER;7;7;0;17459.0;2026-08-01
NYNO DE TROUVILLE;6;0;0;16475.0;2026-07-31
NEXT BOND;1;0;0;2575.0;2026-04-12
NAGANO EN FLEUR;1;0;0;2575.0;2026-04-12
NUIT D'ORTUGE;1;0;0;2575.0;2026-04-12
NOISETTE DE QUERAY;1;1;0;2575.0;2026-04-12
NITRO D'ORTUGE;1;0;0;2575.0;2026-04-12
NANITA;1;0;0;2575.0;2026-04-12
NELSON D'ECOTAY;1;0;0;2575.0;2026-04-12
MY PRETTY JYV;2;0;0;4675.0;2026-04-22
MONALISA DE JYR;4;0;0;10175.0;2026-07-01
MANON DU LUPIN;1;0;0;2575.0;2026-04-12
MYRINA STAR;1;0;0;2575.0;2026-04-12
MISS DE NARMONT;2;0;0;5325.0;2026-04-24
MITCHEA CHOISIE;3;0;0;8075.0;2026-05-15
MATIN D'AUTOMNE;1;0;0;2575.0;2026-04-12
MOET D'HERFRAIE;2;0;0;5325.0;2026-04-24
MAJOR D'HAVAROCHE;2;0;0;4775.0;2026-06-23
MIKA DU LOISIR;2;0;0;4575.0;2026-08-02
MELODIE DU LILAS;7;2;0;19450.0;2026-07-09
MAVERICK CENSERIE;1;0;0;2575.0;2026-04-12
MUMBAY CHOISIE;4;1;0;10100.0;2026-07-04
MURENE;1;0;0;2575.0;2026-04-12
MAGIE TURGOT;1;0;0;2575.0;2026-04-12
MUSE DES PLAINES;1;0;0;2575.0;2026-04-12
MISTERJO DE LIGNY;1;0;0;2575.0;2026-04-12
MARA DES LOISES;1;0;0;2575.0;2026-04-12
MAYNA;1;0;0;2575.0;2026-04-12
LACANAU;1;0;0;2575.0;2026-04-12
LE FILS PRODIGUE;2;0;0;5525.0;2026-06-05
LENOR DE FEROL;3;0;0;8050.0;2026-05-15
LETY BOY DE CHOC;1;0;0;2575.0;2026-04-12
LANCELOT D'ISOP;1;0;0;2575.0;2026-04-12
LET IT BE LA NUIT;2;0;0;5150.0;2026-04-19
LYAM DE JOUDES;1;0;0;2575.0;2026-04-12
LASCO DE BERTRANGE;1;0;0;2575.0;2026-04-12
LADY OF HEAVEN;1;0;0;2575.0;2026-04-12
L'HISTOIRE D'EOLE;2;0;0;5525.0;2026-04-24
LUNA SAN LEANDRO;1;0;0;2575.0;2026-04-12
LALFA COFNA;1;0;0;2575.0;2026-04-12
IDYLLE DU DIGEON;3;0;0;7775.0;2026-08-03
HIMALAYA DU FORT;3;0;0;7550.0;2026-06-20
KARNAC DU VIVIER;1;0;0;2575.0;2026-04-12
IVANHOE PAULOIS;3;0;0;6875.0;2026-06-17
KUPIDON DE CORBERY;1;0;0;2575.0;2026-04-12
KININE DOLEMA;1;0;0;2575.0;2026-04-12
KOLBY DE GORGERE;1;0;0;2575.0;2026-04-12
KALINOE;1;0;0;2575.0;2026-04-12
KARNAC DU GLANON;3;0;0;7525.0;2026-08-07
KABASCO;2;0;0;5325.0;2026-05-17
JALBA DU CHAPT;1;0;0;2575.0;2026-04-12
ISA DE TOUCHYVON;7;0;0;18675.0;2026-08-08
JACKSON D'ARC;4;0;0;11000.0;2026-08-01
JEWEL DE MIRE;5;0;0;13075.0;2026-07-31
NALPACINO DREAM;2;0;0;5450.0;2026-05-17
NEMO HENNEDET;2;0;0;5475.0;2026-05-08
NEWTON DU CHATELET;1;0;0;2725.0;2026-04-12
NINO DE L'AVRE;4;1;0;10575.0;2026-07-25
NOUGAROU FAB;6;0;0;15675.0;2026-07-17
NINETY EIGHT;3;0;0;7125.0;2026-06-09
LIBERION D'ARJEANC;3;0;0;8075.0;2026-06-14
LE REGENT;3;0;0;8375.0;2026-07-21
LAMBRUSCO;3;0;0;8225.0;2026-07-04
LOOK DE CARA;5;0;0;13075.0;2026-07-23
MAESTRO DU COQ;4;0;0;10950.0;2026-06-01
MELISSIMO;2;0;0;5675.0;2026-05-02
MONDEO;1;0;0;2725.0;2026-04-12
MARACANA DU VIVIER;4;1;0;10600.0;2026-08-07
MIMI D'AMBRI;4;0;0;11225.0;2026-08-08
MY HOPE FLIGNY;4;0;0;10775.0;2026-07-04
MONACO DU LIVET;8;0;0;20650.0;2026-07-31
MISTY DES CRIERES;3;0;0;8300.0;2026-07-19
MAESTRO D'ELFE;7;0;0;19200.0;2026-08-10
MONKEY DY LUFFY;4;1;0;10575.0;2026-08-08
MAESTRO VET;8;1;0;22200.0;2026-08-10
NEMESIS VICI;7;0;0;18725.0;2026-07-02
NENIGMA;4;2;0;10425.0;2026-08-13
NINA DE JANEIRO;3;0;0;7125.0;2026-06-22
NO TIME TO JYL;4;0;0;11100.0;2026-08-13
NORTH LIFE;8;1;0;20375.0;2026-07-29
NOUMEA JENILOU;1;0;0;2725.0;2026-04-12
NAELLE DE MIELOUI;2;0;0;4925.0;2026-07-13
NIKITA SLY;4;1;0;10825.0;2026-07-29
IZ OF CAMARO;2;0;0;5125.0;2026-04-25
JACK RUSSELL;2;0;0;5125.0;2026-04-25
INDY DES PENDANTS;1;0;0;2725.0;2026-04-12
HAXO DE LA CHAULE;2;0;0;5525.0;2026-05-13
GILBERTO;5;0;0;13125.0;2026-07-29
GALION;4;0;0;10450.0;2026-07-01
IDOLE OF LOVE;6;0;0;17900.0;2026-07-25
NEGUS STEED;2;1;0;4300.0;2026-06-10
NORALIE TENSAU;4;0;0;9775.0;2026-07-02
NAUSICAA GEDE;1;0;0;2000.0;2026-04-12
NINO DE LUNA;3;0;0;7200.0;2026-08-14
NICKY DU VERGER;4;0;0;9925.0;2026-07-12
MALINE DES LANDES;1;0;0;2800.0;2026-04-12
MIRA DES ILES;2;0;0;5425.0;2026-05-10
MONICA DE LOU;2;0;0;5500.0;2026-06-13
MADONETTE;1;0;0;2800.0;2026-04-12
MASTERCLASS;1;0;0;2800.0;2026-04-12
MADEMOISELLE ROSE;4;1;0;11275.0;2026-06-10
MADONE ROCHEL;3;0;0;8200.0;2026-05-25
MELODIE D'AVEZE;2;0;0;5600.0;2026-05-01
MISS LUCERNAISE;1;0;0;2800.0;2026-04-12
MY LADY GEDE;1;0;0;2800.0;2026-04-12
MISS LOVE JAM;2;0;0;5525.0;2026-05-17
MACHA KNIGHT;2;0;0;5750.0;2026-05-08
MADELIA;4;0;0;10850.0;2026-07-30
MIRA DE PASSIEU;4;0;0;11000.0;2026-07-16
MALICIA STORY;2;0;0;5500.0;2026-07-04
MARIKA GEDE;1;0;0;2800.0;2026-04-12
MISS MORRISON;2;0;0;5300.0;2026-04-23
MADDY DES LANDIERS;2;0;0;5650.0;2026-06-19
MANUREVA NAY;4;0;0;11000.0;2026-07-30
MUSE D'OMBLAIS;1;0;0;2800.0;2026-04-12
MAGIE DES LANDES;2;0;0;5525.0;2026-05-17
METAPHORE DE GINAI;1;0;0;2800.0;2026-04-12
MAYUMI;3;1;0;8325.0;2026-07-24
MATHY DES YVETS;2;0;0;5425.0;2026-06-24
LANGELINA BLUE;1;0;0;2800.0;2026-04-12
LADY DU COUDOU;3;0;0;7400.0;2026-06-15
JOREK;3;0;0;8700.0;2026-07-29
IDEOS DU GOUTIER;1;0;0;2800.0;2026-04-12
KELIADE DE L'ITON;2;0;0;5600.0;2026-07-05
KARLESS DANICA;5;0;0;14075.0;2026-08-15
JUTLAND DE TILLARD;2;0;0;5650.0;2026-05-09
JOUJO DES CINTY;4;0;0;10275.0;2026-07-14
ISTRIA;3;0;0;7425.0;2026-06-17
KAMIKAZE DU CAMPUS;3;0;0;7300.0;2026-05-29
KEEP SECRET;2;0;0;5000.0;2026-04-29
NEFERT D'ALESA;5;1;0;12175.0;2026-07-17
NASHWA;4;0;0;9300.0;2026-06-15
NEPTUNE D'AUVRECY;1;0;0;2150.0;2026-04-13
KINNAIRD;4;0;0;9325.0;2026-08-13
GULLY D'ARGENVIERE;1;0;0;2150.0;2026-04-13
JOKER DU MATCH;7;1;0;19025.0;2026-08-07
JOUVENCE D'AVRIL;2;0;0;4900.0;2026-07-28
HASTA LUEGO PHEDO;1;0;0;2150.0;2026-04-13
JALHIA DU HANOY;5;1;0;13075.0;2026-07-28
NESTA DULYS;1;0;0;2650.0;2026-04-13
NIKELLORA;1;1;0;2650.0;2026-04-13
NAYA DU FER;2;0;0;4800.0;2026-05-15
NAPOULE;2;0;0;5050.0;2026-04-29
NORMAND KISS;3;0;0;7300.0;2026-06-15
LOUPIAC D'HERFRAIE;3;0;0;7775.0;2026-05-01
MON AMIRAL DU TAY;2;0;0;5050.0;2026-07-13
MYSTERE DE MAGNY;2;0;0;5400.0;2026-05-15
MONDIAL GEMA;1;0;0;2650.0;2026-04-13
MORPHEUS DE GUEZ;4;3;0;10950.0;2026-07-29
MAJOR DE LA CROU;1;0;0;2650.0;2026-04-13
MISS BLACK;1;1;0;2650.0;2026-04-13
MILADY DE FAY;1;0;0;2650.0;2026-04-13
MA ROBA DUEM;2;0;0;5200.0;2026-07-13
MACUMBA DES AJONCS;2;0;0;5200.0;2026-06-01
MA TIOTE VICTOIRE;2;0;0;5400.0;2026-04-24
KING KONG;4;0;0;9434.0;2026-07-29
IDEAL DE BEZILLAT;5;0;0;12875.0;2026-08-11
KENZA CHOISIE;1;0;0;2550.0;2026-04-13
KOALA DU DROPT;4;0;0;10125.0;2026-07-14
KALISTO FALINE;5;1;0;13500.0;2026-08-03
KHALEESI DE KACY;1;0;0;2550.0;2026-04-13
KATHY DU PERCHE;3;0;0;7275.0;2026-06-20
JUST ONE;1;0;0;2550.0;2026-04-13
KOCORICOTTE GARDEN;1;0;0;2550.0;2026-04-13
JOY DA VINCI;1;0;0;2550.0;2026-04-13
KUROSIO DES LOVES;2;0;0;5725.0;2026-04-25
KONG DODVILLE;3;0;0;8525.0;2026-05-03
KOMDAPI DIESCHOOT;3;1;0;7675.0;2026-06-12
KARAMBA KARACHO;3;0;0;8250.0;2026-08-01
HIRO MAGIS;3;0;0;7400.0;2026-06-20
JUPITER FRANCE;6;1;0;16775.0;2026-07-30
ISSY DE TILLARD;1;0;0;2700.0;2026-04-13
IVON DE LA MONERIE;7;0;0;17050.0;2026-07-30
IBRAHIM DU RIB;2;0;0;4500.0;2026-05-08
MANUREVA TEAM;3;0;0;8125.0;2026-08-08
MAD WAY;3;0;0;7725.0;2026-06-20
METALLICA CRISCANI;1;0;0;2825.0;2026-04-13
MY FRIEND AND ME;5;0;0;13825.0;2026-07-23
MIA CARA SMART;1;0;0;2825.0;2026-04-13
MONA LE LOUP;5;1;0;14000.0;2026-08-05
MOZART DE GIR;1;0;0;2825.0;2026-04-13
MERLIN DE MAHEY;4;0;0;10975.0;2026-06-09
MAGIC MOONLIGHT;2;0;0;5575.0;2026-06-07
LAUSANNEZ;1;0;0;2825.0;2026-04-13
LEPIDOPTERISTE;4;0;0;10925.0;2026-06-19
LE DIAMANT DE JAFA;1;0;0;2825.0;2026-04-13
JARSO BELLO;1;0;0;2700.0;2026-04-13
JASTAR;2;0;0;5550.0;2026-07-05
KALINE JAMINI;3;1;0;7975.0;2026-06-20
KURLY DE MONGOCHY;2;0;0;5250.0;2026-05-31
KAMARO DES LOVES;3;0;0;8225.0;2026-06-07
KOPIAD;2;0;0;5450.0;2026-06-14
KINGA DE KARMEL;3;0;0;8200.0;2026-05-13
NARCO AS;4;1;0;10900.0;2026-06-03
NASHIRA VICI;3;0;0;8500.0;2026-08-08
NECTAR VRIE;3;0;0;8450.0;2026-05-08
NOELLE DES ATIAUX;4;0;0;8950.0;2026-08-04
NOVERRIO;5;1;0;11900.0;2026-07-17
NUNZIATA;5;0;0;12800.0;2026-07-17
LETTY D'ARGENVIERE;4;0;0;10500.0;2026-05-28
LUIGI MATH;1;0;0;2600.0;2026-04-14
LEADER DU RABUTIN;1;0;0;2600.0;2026-04-14
LOULOU DU SABLIER;5;0;0;13600.0;2026-08-10
LOUSTIC LA BORIE;3;0;0;7900.0;2026-07-12
KASSIOPEE;1;1;0;2600.0;2026-04-14
KENZA SPORT;5;0;0;13200.0;2026-07-17
KILEA DU VAL;2;0;0;5300.0;2026-08-04
KNOX JENILOU;7;1;0;17900.0;2026-08-15
KARMA DE MONTCIANT;4;0;0;9925.0;2026-07-28
KIYOUNI;3;0;0;7750.0;2026-06-15
KAISER DE CHANLECY;2;0;0;5275.0;2026-05-01
KID DE CHANLECY;5;1;0;13550.0;2026-07-26
LACRIMA MAUZUN;2;0;0;5700.0;2026-04-26
LAUTREC TURGOT;2;2;0;5800.0;2026-05-15
LIBERTINE DJOB;5;0;0;13700.0;2026-08-03
LOUANGE CASTELETS;6;1;0;15275.0;2026-07-29
JAMAIQUE;1;0;0;2850.0;2026-04-14
IROISE DES BAULTS;5;1;0;13500.0;2026-07-14
JIPANGA DE NILE;5;0;0;14325.0;2026-07-02
INAO SAINT CLAIR;1;0;0;2825.0;2026-04-15
IVRESSE NONANTAISE;2;0;0;5625.0;2026-05-01
HELLO DU GERS;5;0;0;12875.0;2026-07-13
HAPPY DE TOUCHYVON;9;0;0;25350.0;2026-08-11
NARCO FROMENTRO;2;1;0;5675.0;2026-04-29
NEW WORLD;7;1;0;18625.0;2026-08-10
NIEPCE GREEN;1;0;0;2825.0;2026-04-15
NELSON DU PONT;5;2;0;13925.0;2026-08-13
NI PLUS NI MOINS;4;0;0;11275.0;2026-06-27
KAKO GASCOGNE;4;0;0;10750.0;2026-06-06
JIM D'ALOUETTE;4;1;0;11025.0;2026-07-29
KAPUSHA MIP;3;0;0;8300.0;2026-08-03
HERMES SMART;1;0;0;2825.0;2026-04-15
ICARE WILLIAMS;3;0;0;8475.0;2026-05-22
MYA D'OLIVERIE;6;2;0;15375.0;2026-06-28
MAMACITA;5;4;0;12975.0;2026-07-29
MARY PICKFORD;4;0;0;10425.0;2026-06-02
MUSE DU VALLON;9;1;0;24850.0;2026-08-13
MARQUISE DE STAM;4;1;0;10100.0;2026-07-27
MAYBE DU CEBE;1;0;0;2825.0;2026-04-15
KENDAYA;2;0;0;5375.0;2026-06-14
KATANE DU CORTA;2;0;0;4925.0;2026-06-02
KAMELIA DU CORTA;1;0;0;2825.0;2026-04-15
KETAMINE D'UZE;4;1;0;11275.0;2026-07-16
MAORI NUEVO;1;0;0;2825.0;2026-04-15
MISTI DE CORDAY;6;0;0;16750.0;2026-08-06
MARINA JAMES;4;0;0;11100.0;2026-07-18
MAXIMUS VILLAM;2;0;0;4950.0;2026-05-16
MOLIERE SAUTONNE;2;0;0;4700.0;2026-06-23
MISTERIOSO;6;2;0;15675.0;2026-07-29
KOLMI DES EPINES;5;0;0;13650.0;2026-08-07
KIMONO JULRY;2;0;0;5250.0;2026-08-07
KEEP OUT;3;0;0;7600.0;2026-06-26
KABRIOLE D'ENFER;3;0;0;8100.0;2026-05-13
KAROLINE CALINE;4;0;0;10600.0;2026-07-23
MANON PIERJI;4;0;0;10525.0;2026-07-23
MONETA;1;0;0;2500.0;2026-04-15
LAZIZA JASMA;4;0;0;9009.0;2026-07-04
NEIL DE BANVILLE;4;2;0;10250.0;2026-07-29
NEVER GIVE UP ALLY;2;0;0;4950.0;2026-07-18
NOVA;2;0;0;5300.0;2026-04-29
MY BUDDY;4;0;0;10225.0;2026-08-07
MIDDLE STAR;6;0;0;14900.0;2026-08-05
MIRACLE DE KHOREN;1;0;0;2300.0;2026-04-15
MORIARTY;6;0;0;15525.0;2026-08-07
KALYPSO MADRIK;4;0;0;9000.0;2026-08-04
LASCAR DES FORGES;6;1;0;14750.0;2026-07-29
LUTTE DU LOGIS;6;0;0;15875.0;2026-07-29
LE GRAND ZAMPANO;4;0;0;9900.0;2026-08-02
MISSION ROYALE;3;0;0;7600.0;2026-06-03
MEGANE;3;0;0;8075.0;2026-07-22
MASSILIA ENJOY;3;0;0;7925.0;2026-08-05
MALINKA DELAROMANE;2;0;0;4700.0;2026-06-01
MAGUY DE GOUYE;5;1;0;14075.0;2026-08-05
MARA DE LA CREUSE;4;0;0;10525.0;2026-07-08
MIRACLE GIRL;7;1;0;17450.0;2026-07-10
ILLICO DU BISET;6;0;0;15100.0;2026-07-27
JUNIOR STEED;3;0;0;7700.0;2026-08-15
ISIS PASSION;5;0;0;12950.0;2026-07-22
MONNAIE COURANTE;5;0;0;11975.0;2026-07-11
ELLEN RIPLEY;5;0;0;13250.0;2026-06-26
KORALIA DE CROUAY;2;0;0;5750.0;2026-05-23
NOBLISSIME;3;0;0;8100.0;2026-06-08
NAREDGIO MENUET;2;0;0;4975.0;2026-06-09
LOUMIA CASTELETS;6;1;0;14350.0;2026-08-11
LOMBARDINA;2;0;0;4300.0;2026-06-04
KASPAROVA;10;0;0;27200.0;2026-07-16
RED HOT ROADSTER;5;0;0;12825.0;2026-08-14
IROISE DE MADKER;4;0;0;11150.0;2026-07-12
SANGRIA PELLINI;2;0;0;5400.0;2026-05-22
ROCKY MOM;3;1;0;8275.0;2026-06-13
MERCEDES STAR;3;1;0;7550.0;2026-07-22
EMINENT KRONOS;2;2;0;5400.0;2026-05-13
ISIS D'HERFRAIE;4;0;0;10975.0;2026-07-15
ILAYA;1;0;0;2850.0;2026-04-17
IN RED;6;0;0;16400.0;2026-08-06
NOUBA DU BAS BOSQ;2;0;0;4875.0;2026-06-05
IRRESISTIBLE PAJ;4;0;0;9650.0;2026-07-30
LIDO SHOW;2;0;0;5650.0;2026-05-01
LOGARITMO;2;0;0;5000.0;2026-07-26
KING DES FONTAINES;7;0;0;19950.0;2026-08-12
KLYDE DU PUY;5;0;0;14175.0;2026-07-27
KAPTAIN LOVER;2;0;0;5650.0;2026-05-01
GOLO KANTE;4;0;0;11850.0;2026-08-07
HOT SUMMER;6;0;0;16550.0;2026-07-19
JAGERSRO;1;0;0;2750.0;2026-04-17
LEADER DU MOUCHEL;5;0;0;13200.0;2026-08-15
LARUNS COBBA;1;0;0;2750.0;2026-04-17
INOUK LOULOU;1;0;0;2950.0;2026-04-17
NEZCLAIR DE SOCERY;1;0;0;2875.0;2026-04-18
MILLIUM QUESNOT;5;0;0;11900.0;2026-07-25
LOCHAN;1;0;0;2875.0;2026-04-18
FUNKY ROC;3;0;0;8600.0;2026-05-22
LOTUS ZEN;1;0;0;2875.0;2026-04-18
POWER DOC;1;0;0;2150.0;2026-04-18
MOUSTIK LA GOVELLE;2;0;0;5575.0;2026-06-06
METEORE DE SIMM;2;0;0;5325.0;2026-05-09
NYASSA DAXEL;6;1;0;16000.0;2026-08-14
HEY YOU;4;0;0;9750.0;2026-08-03
IRIS RIVOISE;7;0;0;17759.0;2026-08-09
INDY DE MUZE;2;0;0;5525.0;2026-06-01
ISIS TUILERIE;1;0;0;2700.0;2026-04-19
KOACH BOND;2;1;0;5375.0;2026-07-02
JAZIE PONT VAUTIER;4;0;0;10550.0;2026-06-20
JAZZ OPERA;5;3;0;13850.0;2026-08-02
KADOR DELO;2;0;0;5400.0;2026-06-22
KERIA FLEURY;6;0;0;16975.0;2026-08-13
NEMO DE FAY;2;0;0;5550.0;2026-05-14
NESMILE RENKA;1;0;0;2750.0;2026-04-19
NEWTON DES FORGES;5;3;0;13950.0;2026-08-10
NAPA VALLEY ZEN;8;0;0;22250.0;2026-08-11
NYMPHE DE BAIS;7;0;0;19450.0;2026-08-11
NEBULO;2;0;0;5475.0;2026-07-16
MOANA DE WALLIS;9;1;0;23700.0;2026-08-14
MISTRAL DE KACY;4;0;0;11100.0;2026-08-05
MALO RENKA;2;0;0;4925.0;2026-05-05
LASKOVA;2;0;0;5425.0;2026-07-15
LOIR ET CHER;5;0;0;13350.0;2026-06-25
JASON DU PERRON;1;0;0;2700.0;2026-04-19
JUSQUIAME;1;0;0;2700.0;2026-04-19
J'ADORE D'EURVAD;5;1;0;13950.0;2026-08-02
MADAME POURPRE;2;0;0;5125.0;2026-06-01
MILORD DE BLARY;2;0;0;4975.0;2026-07-13
MELODIE JIEL;1;0;0;2575.0;2026-04-19
MELBA DE BENAC;1;0;0;2575.0;2026-04-19
MARTY DE VIVE;1;0;0;2575.0;2026-04-19
MAGNUS VAUCEEN;1;0;0;2575.0;2026-04-19
MONEY SMART;1;0;0;2575.0;2026-04-19
MUSE TENSAU;1;0;0;2575.0;2026-04-19
MARGOT DU LUPIN;2;0;0;5125.0;2026-06-01
MAGIK SANTA;1;0;0;2575.0;2026-04-19
MIO MANNETOT;2;0;0;5125.0;2026-06-01
MYA DE LAVANCE;1;0;0;2575.0;2026-04-19
MADISON D'OYSE;1;0;0;2575.0;2026-04-19
MAGNIFIQUE BEY;1;1;0;2575.0;2026-04-19
MARA DU BELLAY;3;0;0;8200.0;2026-08-05
MAMBO SAN LEANDRO;1;0;0;2575.0;2026-04-19
MUST DAIRPET;1;0;0;2575.0;2026-04-19
MON CASH D'AMOUR;1;0;0;2575.0;2026-04-19
MORICE DE ZIETTE;1;0;0;2575.0;2026-04-19
MELISSA JOSSELYN;4;0;0;10800.0;2026-07-12
JACODUS DU MELEUC;2;0;0;5325.0;2026-05-15
JACY DE NARMONT;1;1;0;2575.0;2026-04-19
LAMITIE DE HOUELLE;2;0;0;5375.0;2026-07-14
LA PERLE RARE;2;0;0;5375.0;2026-07-14
LUCKY DE JOUDES;1;0;0;2575.0;2026-04-19
LEGACY PRIDE;1;0;0;2575.0;2026-04-19
KARIOLA DE LOU;1;0;0;2625.0;2026-04-19
KEROZEN DU VIVIER;2;0;0;5175.0;2026-06-01
JAQUITO DU VALLON;1;0;0;2625.0;2026-04-19
INVICTUS NAR;2;0;0;4450.0;2026-05-17
HERNANIE DE GODREL;2;0;0;4750.0;2026-08-13
IBREIZH DEROZES;2;0;0;5175.0;2026-05-23
JOGGER DE BELLANDE;5;1;0;13175.0;2026-08-09
KADOR D'ESPACE;7;0;0;19250.0;2026-08-09
NAPOLI DE GODREL;3;0;0;8050.0;2026-06-11
NEMESIS JIEL;2;0;0;5525.0;2026-08-05
NEWTON BEJI;2;0;0;5525.0;2026-08-05
NINA JOMUNA;4;0;0;10950.0;2026-06-19
NIPRO PRESTANCE;1;0;0;2600.0;2026-04-19
NO LIMIT DARBY;2;1;0;5525.0;2026-07-29
NOCTALI JIEL;7;0;0;18950.0;2026-08-10
NOLIMIT DE HOUELLE;2;0;0;4825.0;2026-06-20
MAYA CROWN;1;0;0;2600.0;2026-04-19
MIKASA DU PONT;1;0;0;2600.0;2026-04-19
MONA CROWN;6;1;0;16125.0;2026-07-31
MUSE DE PHYT'S;1;0;0;2600.0;2026-04-19
MASINA DU PERCHE;2;0;0;5275.0;2026-04-26
LA CORNICHE;1;0;0;2600.0;2026-04-19
LOVELY TEJY;1;0;0;2600.0;2026-04-19
LADY DU CAMPUS;2;0;0;5200.0;2026-06-26
LOZANA HOLLANDIA;3;1;0;7850.0;2026-07-24
LALY DE CELLES;1;0;0;2600.0;2026-04-19
LAVANDE DU RIB;2;0;0;5375.0;2026-06-27
LADY DE JOUDES;1;0;0;2600.0;2026-04-19
LADY GIRL;1;0;0;2600.0;2026-04-19
LADY DE LA NOE;1;0;0;2600.0;2026-04-19
LADY LOUISE ROCQ;3;0;0;8100.0;2026-06-01
JOYAU PIYA;2;0;0;5425.0;2026-04-26
JAZZ DU CHATAULT;2;1;0;5475.0;2026-07-09
ISCO DE WATOU;2;0;0;5400.0;2026-06-07
JUSTESS VIKING;6;0;0;14475.0;2026-08-02
JIZUKE JIEL;1;0;0;2600.0;2026-04-19
JOYCE DU VAL;6;0;0;15950.0;2026-07-25
JERICHO VEDAQUAIS;1;0;0;2600.0;2026-04-19
LUMPINI PARK;1;0;0;2600.0;2026-04-19
LEADER SOLEDAD;1;0;0;2600.0;2026-04-19
LE BOSS DE LUBEL;6;1;0;16400.0;2026-07-30
LOUPIO MENUET;1;0;0;2600.0;2026-04-19
LAUVERGNIER;5;1;0;12475.0;2026-07-26
KANON OXFORD;2;0;0;5200.0;2026-05-29
KESACO DU CHAILLOU;3;0;0;7950.0;2026-05-25
JAVLAR;5;2;0;13625.0;2026-08-13
JUNO DAY;3;0;0;8100.0;2026-07-24
KELLE;1;0;0;2600.0;2026-04-19
JURTIKALINE;2;0;0;5400.0;2026-05-13
HUNE DE CONDE;2;0;0;5425.0;2026-06-07
JUKE BOX LOVE;2;0;0;4700.0;2026-05-03
NEVERINA DEVAVIAN;1;0;0;2100.0;2026-04-20
NEVER SEEN;4;0;0;9025.0;2026-07-03
NOUMEA ELDE;1;0;0;2100.0;2026-04-20
NEE A DOMPIERRE;2;0;0;4250.0;2026-06-01
NAOMIE FAMILY;5;0;0;11225.0;2026-08-08
NILENA DE SAGA;2;0;0;4700.0;2026-05-03
NEW GRASS;4;1;0;9725.0;2026-06-24
NUNZIA DES CHARMES;1;0;0;2100.0;2026-04-20
KAMARO DE JOUDES;3;0;0;7800.0;2026-07-28
KARMA KILY;2;0;0;5700.0;2026-06-20
KLASSIC BEAUJOLAIS;1;0;0;2850.0;2026-04-20
JOPANI;1;0;0;2850.0;2026-04-20
KAMERIC;3;0;0;7850.0;2026-08-04
KARLTON DE JOUX;3;0;0;8300.0;2026-06-12
JALNA DES ECUS;1;0;0;2850.0;2026-04-20
HOLLYWOOD TORINO;5;0;0;12400.0;2026-08-13
MISS JENILOU;4;0;0;10875.0;2026-07-23
MANGA DES RACQUES;3;0;0;8200.0;2026-05-14
MALICE DELADOU;4;0;0;10850.0;2026-07-23
KITTY RANAISE;3;0;0;7009.0;2026-07-01
LADY VICTORY;5;0;0;11550.0;2026-07-23
LOVE LETTERS FERM;1;0;0;2700.0;2026-04-20
NAGANOSTAR;3;2;0;8275.0;2026-05-22
NENO KUNJI WIND;1;0;0;2825.0;2026-04-20
NEW SIXTY ONE;2;0;0;5625.0;2026-05-14
NIGHT DE REUX;5;2;0;12700.0;2026-08-12
NORLANDO;4;0;0;10950.0;2026-06-22
NOTUS DU COGLAIS;3;0;0;7750.0;2026-06-22
NADA MAS HILLPERON;5;1;0;14325.0;2026-08-10
NETTOYEUSE;2;0;0;5775.0;2026-05-21
JIOSCO DES CHASSES;3;0;0;8050.0;2026-07-05
MANUELLA DE PLAY;5;1;0;12825.0;2026-08-15
JAMAIQUE NAY;2;0;0;5650.0;2026-05-01
FRONSAC DE BOMO;4;0;0;10675.0;2026-07-01
ILLICO DE VAU;1;0;0;2850.0;2026-04-21
HIBISCUS NORMAND;8;0;0;20100.0;2026-07-31
IDEAL LIGNERIES;5;0;0;11893.0;2026-08-08
INA DU RIB;2;0;0;5425.0;2026-05-09
JOYEUX CORDIERE;1;0;0;2975.0;2026-04-22
KING DE CHAMPIGNY;4;0;0;11175.0;2026-07-18
IKACOU DES CINTY;4;0;0;10400.0;2026-06-22
MILLER DU VIVIER;6;0;0;15725.0;2026-08-10
MAZAR DE VANDEL;5;1;0;12475.0;2026-07-07
MANFREDO;3;0;0;7575.0;2026-05-29
MILANTERA;3;0;0;7675.0;2026-06-20
MAGIC CASH;2;0;0;5350.0;2026-05-11
MAGIE DE CHAHAINS;5;0;0;12800.0;2026-08-07
MALICIA BELLA;3;1;0;8050.0;2026-08-05
LIVAIL LAUAR;2;0;0;5800.0;2026-05-01
LAUBERHORN;2;1;0;5950.0;2026-06-30
L'ETONNANT FLEC;3;0;0;8775.0;2026-08-04
LOOKING FEEL;5;0;0;13275.0;2026-07-23
LICAR SOMOLLI;5;0;0;13075.0;2026-08-08
KOALA DES ARCS;1;0;0;3000.0;2026-04-22
LASH PERRINE;5;0;0;12250.0;2026-08-03
LUCIFER D'ORPHEE;1;0;0;3000.0;2026-04-22
LUCAS;1;0;0;3000.0;2026-04-22
INDIENNE DE VAL;4;0;0;11400.0;2026-08-15
JOHN MAGIC;2;0;0;5700.0;2026-05-15
JINGLE PASS;2;0;0;5625.0;2026-05-01
GOLDY SMILE;4;0;0;11625.0;2026-08-14
NAOS PACO;1;0;0;2100.0;2026-04-22
NATIF DE BERTRANGE;1;0;0;2100.0;2026-04-22
NEKFEU LOULOU;1;0;0;2100.0;2026-04-22
NEW SCOTT;3;0;0;7100.0;2026-08-04
NORMAND DEBELGRAVE;4;0;0;9850.0;2026-06-28
NUMBER TWO;4;0;0;9750.0;2026-06-28
NUSTY BERRY;4;2;0;10200.0;2026-07-01
NINO DU POMMEREUX;4;0;0;9550.0;2026-06-09
NINJA DE CHANLECY;1;0;0;2100.0;2026-04-22
NOBEL DE LARRE;2;0;0;4800.0;2026-05-01
MAC LAREN CHENOU;9;0;0;21200.0;2026-08-09
MADO D'AVRIL;1;0;0;2100.0;2026-04-22
MISS SAGA;6;1;0;14250.0;2026-07-21
MERIDIA MENUET;5;0;0;10900.0;2026-08-04
MALICE BERRY;4;0;0;8400.0;2026-08-04
MIRAGE DES LOUPS;5;0;0;11800.0;2026-08-02
MISTRAL DE RATILLY;5;1;0;11925.0;2026-07-28
MACHTWO DU MORTIER;5;1;0;13050.0;2026-07-21
MARLEY D'ERI;4;0;0;9100.0;2026-07-26
ILOVIROIZ DI LEONE;7;0;0;17350.0;2026-07-14
HIP HOP SENOVILLE;2;0;0;5500.0;2026-05-24
JOS DU GOUTAI;5;0;0;14225.0;2026-08-09
JOLIE FLEUR DU LOT;1;0;0;2550.0;2026-04-23
JAVA DU VERTAIN;2;0;0;5300.0;2026-06-19
JOLLY DES BORDES;2;0;0;5175.0;2026-05-10
MAGIC GIRL;7;2;0;17700.0;2026-08-10
MISS WILLIAMS;2;0;0;4900.0;2026-06-27
MELODY DU CEBE;2;0;0;5300.0;2026-05-07
MISS VITARDERIE;1;0;0;2500.0;2026-04-23
MAHINE D'OCCAGNES;6;0;0;15350.0;2026-07-31
MARQUIS DU SAPHIR;6;2;0;16900.0;2026-08-01
JIVANOF DE GUEZ;1;0;0;2550.0;2026-04-23
IDEALOU;1;0;0;2550.0;2026-04-23
JUSSIEU PIYA;2;0;0;5100.0;2026-06-06
JOKER DARLING;2;2;0;4600.0;2026-07-14
ICIANO;2;0;0;5150.0;2026-08-09
LANCEUR D'ETOILE;3;0;0;8025.0;2026-07-16
LA BOISBONNIERE;8;0;0;21425.0;2026-08-12
KAMELIA DE JEAN;5;0;0;13000.0;2026-07-31
KERMES;6;1;0;15750.0;2026-07-28
JALICO DU FRUITIER;6;0;0;16350.0;2026-08-13
IMPACT PLAYER;6;0;0;14750.0;2026-08-06
GRISOU ATOUT;1;0;0;2550.0;2026-04-23
L'APPASSIONATO;3;0;0;7600.0;2026-08-14
LOOK DE VALAILLES;3;0;0;7700.0;2026-06-25
JIKITA MELRIC;1;0;0;2850.0;2026-04-23
JE T'AIME;4;0;0;11250.0;2026-08-14
KNOCK OUT;7;0;0;18325.0;2026-08-07
IN LOVE MESLOIS;4;0;0;10700.0;2026-07-12
JAIN MAB;7;0;0;18450.0;2026-08-12
IVOIRE PRESTANCE;4;0;0;10600.0;2026-07-31
HULK VIVANCIERE;1;0;0;2850.0;2026-04-23
MILORD DES CHARMES;5;1;0;13000.0;2026-07-17
MAMBO ITALIANO;2;0;0;5775.0;2026-07-29
MOHITO DE GUEZ;2;0;0;5575.0;2026-07-02
MARDONIOS;5;0;0;13700.0;2026-08-10
MAJOR D'IVY;5;0;0;13525.0;2026-08-10
MAVISTA;5;0;0;12725.0;2026-07-23
MAJESTY D'EOLE;2;0;0;5725.0;2026-05-04
MAYA DU POMMEAU;5;1;0;11900.0;2026-07-29
NAPOLI DU CEBE;1;0;0;2850.0;2026-04-23
NIKITA PERRINE;4;0;0;10825.0;2026-06-11
NONARIA;4;0;0;10775.0;2026-06-19
NUIT SAUVAGE;2;0;0;5075.0;2026-06-08
NOBLESS DU NOYER;2;0;0;5400.0;2026-05-25
NADJA TEJY;2;0;0;5700.0;2026-06-19
NOUVELLE CHANCE;5;0;0;14250.0;2026-08-11
CUBA DEL DUOMO;2;0;0;4400.0;2026-05-07
VINCI NICE;4;0;0;9850.0;2026-06-19
DEVIL OP;1;0;0;2100.0;2026-04-24
HEAD OF STATE;3;0;0;7800.0;2026-08-12
HURIEL LUDOIS;2;0;0;5700.0;2026-05-06
MACHIAVEL BOURBON;5;0;0;13850.0;2026-07-01
MARZIPAN;4;0;0;10500.0;2026-07-11
MISTRAL DU GOUTIER;5;1;0;11875.0;2026-08-14
LORIGRE;7;0;0;16925.0;2026-08-12
NORMANDIE;5;0;0;13550.0;2026-06-16
KESSICA JELOCA;4;0;0;11600.0;2026-06-26
JEWELLE OF JANE;7;2;0;17750.0;2026-08-13
KOREDE;7;3;0;18275.0;2026-08-13
CORDOBES;1;0;0;2400.0;2026-04-24
DOLLY EFFE;2;0;0;5100.0;2026-08-07
KASIOPE BRILLOUARD;1;0;0;2950.0;2026-04-24
KSAR DE MONE;1;0;0;2950.0;2026-04-24
KENZO BY MAGALOU;1;0;0;2950.0;2026-04-24
KISS ME POLE;5;1;0;13475.0;2026-08-06
NINA DU MINON;3;0;0;6700.0;2026-06-27
NOUVELLE BABY;1;0;0;2150.0;2026-04-24
NAIADE DU LILAS;1;0;0;2150.0;2026-04-24
NORIFLAME;2;0;0;5025.0;2026-06-25
MARGELLO BELLO;1;0;0;2750.0;2026-04-24
MISERABLE;1;0;0;2750.0;2026-04-24
MUST D'AURALIE;3;0;0;8125.0;2026-06-18
MOZART D'HAVAROCHE;1;0;0;2750.0;2026-04-24
MILOBELLUS;1;0;0;2750.0;2026-04-24
KOLOR;1;0;0;2325.0;2026-04-24
JERKO DES BUDENTS;2;0;0;4725.0;2026-06-01
LOVELY TOUCHYVON;2;0;0;5575.0;2026-06-20
LYS D'ALBRET;2;1;0;5500.0;2026-06-01
LOOK DE LARRE;1;0;0;2950.0;2026-04-24
KREIZ DE PRAT GUEN;3;0;0;7675.0;2026-08-09
KAMA D'EM;4;0;0;10125.0;2026-06-30
KALINE DE LA COUR;2;0;0;5050.0;2026-05-22
NELSON MELODY;5;0;0;12975.0;2026-06-30
MADONA DE VILLABON;2;0;0;4400.0;2026-06-18
MOYA SPORT;3;0;0;7675.0;2026-06-19
MILANO SPORT;3;0;0;7725.0;2026-05-17
LEA GIBUS;5;0;0;13650.0;2026-08-11
LOVELY MILL;5;2;0;13100.0;2026-07-13
MISTERLOVE DE BAIS;6;0;0;15400.0;2026-07-12
MAXIMUS DU VICLAU;1;0;0;2650.0;2026-04-25
MAYAKOBA;3;0;0;7200.0;2026-07-13
LINEA DE CRENNES;3;1;0;7950.0;2026-06-16
LETNA DU VIVIER;2;0;0;5500.0;2026-07-17
LIBERTE RANAISE;2;0;0;5500.0;2026-06-09
LISE DE LA MARFEE;5;0;0;13650.0;2026-08-04
LOULOU CEMAX;2;0;0;5300.0;2026-07-19
LITTLE CANY;2;0;0;5650.0;2026-06-10
LEON JERSOP;1;0;0;2650.0;2026-04-25
NINNY DE GOUYE;2;0;0;4050.0;2026-08-04
NIMOISE DE NIMES;1;0;0;2050.0;2026-04-25
NAXXAR;1;0;0;2050.0;2026-04-25
NOUVEL EMPEREUR;2;0;0;4050.0;2026-08-04
NATURE ET BEAUTE;5;0;0;13200.0;2026-07-19
NEW STORM;1;0;0;2050.0;2026-04-25
NEW YORK YANKEES;6;2;0;15050.0;2026-07-31
KAREN D'IRAI;2;0;0;5500.0;2026-06-13
KASHMIR'S FELLA;5;0;0;13450.0;2026-08-12
KIR VENUS;3;0;0;8600.0;2026-05-30
KOREANE DELICE;2;0;0;5550.0;2026-08-04
JAVELOT VERDERIE;4;0;0;10650.0;2026-07-10
JOCIE DU VILLARD;6;0;0;15125.0;2026-08-15
JAVA DU PLESSIS;4;0;0;9650.0;2026-08-13
HAVANA MOST;2;0;0;5850.0;2026-05-24
JOB DU CEBE;2;1;0;5600.0;2026-07-26
JUPILLE DE GODREL;5;0;0;14150.0;2026-07-28
JAGUAR DE LAUMAC;5;0;0;13425.0;2026-07-20
LUPIN MELOC;6;0;0;14500.0;2026-07-30
LYRE DU GOUTIER;1;0;0;2400.0;2026-04-25
LANCELOT PLATANES;1;0;0;2400.0;2026-04-25
LAURA D'OSTENDE;1;0;0;2400.0;2026-04-25
MYSTIC LYL;3;0;0;8000.0;2026-06-27
MYRTO DU MINON;2;0;0;5250.0;2026-05-23
MANOU DU CHIFFRES;1;0;0;2400.0;2026-04-25
MALYCIA GOLD;1;0;0;2400.0;2026-04-25
MARPESSA DREAM;1;0;0;2400.0;2026-04-25
METALLICA PIYA;3;1;0;7675.0;2026-05-25
MA ROBERTA;1;0;0;2400.0;2026-04-25
MARGARET RIVER;2;0;0;5075.0;2026-05-25
MISSISSIPPI QUEEN;4;1;0;10800.0;2026-08-11
MUSE;1;0;0;2400.0;2026-04-25
MY DOCTRINE;6;0;0;15700.0;2026-07-30
MY LADY DARBY;1;0;0;2400.0;2026-04-25
MESERIA;1;0;0;2400.0;2026-04-25
MIKONOS DU ROSAY;4;0;0;10400.0;2026-07-12
MATHUSALEM PIYA;5;1;0;13350.0;2026-07-09
MOODY LOVE;4;3;0;10200.0;2026-07-19
MELCHIOR DE L'ITON;2;0;0;5200.0;2026-05-08
MISSISSIPI BURNING;1;0;0;2400.0;2026-04-25
MOJITO DANOVER;1;0;0;2400.0;2026-04-25
MAMBO FIRST;2;0;0;4850.0;2026-05-03
NABAB DE JAFA;3;0;0;7550.0;2026-05-23
NECTAR DE L'ITON;2;0;0;4400.0;2026-07-05
NEW TALK SHOW;4;0;0;10550.0;2026-07-28
NIL CATZ;4;1;0;10275.0;2026-08-14
NORTH WIND;2;0;0;5100.0;2026-05-22
NAVARO DES RACQUES;1;0;0;2400.0;2026-04-25
NORFOLK DE VANDEL;3;0;0;7700.0;2026-05-25
NOW OR NEVER ZEN;3;0;0;7200.0;2026-06-08
NASH GRIFF;2;0;0;5075.0;2026-05-15
NAVARRO;2;0;0;4600.0;2026-05-08
KING ELVIS;2;1;0;5700.0;2026-05-13
KHALIFA CEKE;3;0;0;8575.0;2026-07-09
KAMARAN MADRIK;9;0;0;24250.0;2026-08-11
JACKPOT DES MONTS;4;0;0;10400.0;2026-07-18
JOLIE ROMAINE;3;1;0;7100.0;2026-06-10
IMEA DE LA POTEL;2;0;0;4800.0;2026-07-18
JOLICOEUR DU MIREL;7;0;0;19450.0;2026-08-15
JAMAICA DES ILES;5;0;0;13625.0;2026-08-05
IDEAL DE LA COUDRE;1;0;0;2825.0;2026-04-26
JOVIAL;5;0;0;14075.0;2026-07-16
KARNET DE VOYAGE;1;0;0;2825.0;2026-04-26
HALIZAROSA;1;0;0;2825.0;2026-04-26
NO LIMIT PEJI;3;0;0;6950.0;2026-06-15
NABUCCO PLANCHETTE;3;0;0;8000.0;2026-06-11
NEMO DES ARRIS;4;0;0;10250.0;2026-07-25
NARRATRICE;6;1;0;16300.0;2026-07-27
MIA DE MALIKEN;7;0;0;18925.0;2026-07-15
LOVE ME SAUTREUIL;1;0;0;2825.0;2026-04-26
LARGO D'ENFER;4;0;0;10175.0;2026-07-03
LADY DU CHATELET;3;0;0;8475.0;2026-06-06
LITTLE WINGS;5;0;0;13650.0;2026-08-13
KARAMEL DIDO;3;0;0;8375.0;2026-06-08
KENYA FLIGNY;3;0;0;8500.0;2026-06-28
JACKPOT ATOUT;1;0;0;2825.0;2026-04-26
JACKPOT DE NILREM;1;0;0;2825.0;2026-04-26
JODLEUSE MAG;4;0;0;11000.0;2026-08-09
JACK IS HAUFOR;3;0;0;7975.0;2026-07-13
JACKPOT DE L'ENVOL;1;0;0;2825.0;2026-04-26
MIGOVE DU CHARME;3;0;0;8550.0;2026-07-05
MAJOR DE CHOC;4;0;0;10850.0;2026-07-02
KIMBO BERRY;1;0;0;2825.0;2026-04-26
KOMPOSTEL;1;0;0;2825.0;2026-04-26
HOLLYWOOD BOND;5;0;0;13525.0;2026-07-25
JOYNER SPORT;1;0;0;2600.0;2026-04-26
LENNON DU VIVIER;7;0;0;19475.0;2026-08-09
LITTLE MARCEAUX;4;0;0;10400.0;2026-08-04
L'ARTISTE DERONFIN;1;0;0;2850.0;2026-04-26
JUST D'ERONVILLE;4;0;0;8268.0;2026-06-24
MAESTRO CAILLERIE;1;0;0;2000.0;2026-04-26
MANZANA CHENOU;3;0;0;7300.0;2026-07-12
MERCEDES DU LOISIR;6;1;0;14800.0;2026-08-13
JOLI CLIF;3;1;0;6975.0;2026-07-23
KARAYAN DES IRIS;1;0;0;2000.0;2026-04-26
NOOR DE JOUDES;3;0;0;6300.0;2026-06-23
NOUVEAU PRODIGE;3;1;0;7500.0;2026-06-28
NARDECH DE HOUELLE;4;1;0;9600.0;2026-06-17
HATTILA;1;0;0;2450.0;2026-04-26
HALTESS GRIFF;4;0;0;10350.0;2026-07-17
GALIBOT DE L'ISOP;1;0;0;2450.0;2026-04-26
HEAVEN JULRY;3;0;0;8050.0;2026-06-05
NINA DE BASSIERE;2;0;0;5450.0;2026-05-24
NIGHT FEVER STRYCK;1;0;0;2500.0;2026-04-26
NOCTALI NAY;1;0;0;2500.0;2026-04-26
NICE HEIDY SANTA;4;2;0;11150.0;2026-08-01
NUANCE DES LOYAUX;3;0;0;7575.0;2026-05-23
NEWNESS;1;0;0;2500.0;2026-04-26
NICE STAR ORADEL;2;0;0;5450.0;2026-08-11
NAZCA SIMARDIERE;1;0;0;2500.0;2026-04-26
NEW YORKER;5;0;0;12925.0;2026-08-05
NEVERGIVEUP ORADEL;3;0;0;7650.0;2026-08-11
NEVER GIVE UP US;2;0;0;4700.0;2026-05-08
NESPRESSO MIJO;5;0;0;12050.0;2026-07-26
LATINO WIND;4;1;0;10500.0;2026-07-18
MUSE DE LA COUDRE;1;0;0;2625.0;2026-04-26
MAYA DE LA NOE;4;2;0;9700.0;2026-07-15
MARIE CHANTALE;4;0;0;9725.0;2026-08-08
MALMAISON;3;0;0;8100.0;2026-08-15
MAGELLAN D'ORGERES;4;0;0;11025.0;2026-07-30
MONTSERRAT BLUE;2;0;0;5575.0;2026-05-08
MANOUCHE;4;1;0;11150.0;2026-06-11
JIVA DU DOUET;3;0;0;7975.0;2026-08-13
KINA DES COTEAUX;4;0;0;11250.0;2026-06-08
KRACANTE A JOJO;1;0;0;2625.0;2026-04-26
IRON MAN;7;0;0;19425.0;2026-08-15
JAPONICA;3;0;0;7675.0;2026-06-24
NAUSICAA DEUGE;7;0;0;19150.0;2026-07-01
NHYDRAVION;1;0;0;2675.0;2026-04-26
NIKITA DHELPA;2;0;0;5375.0;2026-06-13
NENUPHAR DE LARRE;1;0;0;2675.0;2026-04-26
NEPTUNE RANAISE;4;0;0;10275.0;2026-06-23
NOSTALGIE DAIRPET;5;1;0;13175.0;2026-08-04
KALHETA DU FETZ;1;0;0;2675.0;2026-04-26
KOA CHEF;2;0;0;5525.0;2026-05-01
KANDIE DE CORDAY;1;0;0;2675.0;2026-04-26
KITO DUNGY;2;0;0;5300.0;2026-08-03
KING OF NORMANDY;3;0;0;8475.0;2026-07-12
KARPANINO;4;0;0;10800.0;2026-06-13
MARSUPILAMI;1;0;0;2675.0;2026-04-26
MYRTILLE DES PRES;2;0;0;5325.0;2026-05-10
MADISON SQUARE;2;0;0;5625.0;2026-05-02
MISS YOU PIYA;1;0;0;2675.0;2026-04-26
MAESTRO LUCERNAIS;2;0;0;5475.0;2026-05-08
HARTFORD;1;0;0;2675.0;2026-04-26
HYPSO DES CAILLONS;3;0;0;8125.0;2026-08-08
JEU MAJYC;5;0;0;13425.0;2026-07-16
HORTENSIA DE LARRE;4;0;0;11000.0;2026-07-30
LADY DU FER;1;0;0;2700.0;2026-04-26
LOVE ME PACA;1;0;0;2700.0;2026-04-26
LOYALE DAIRPET;1;0;0;2700.0;2026-04-26
LONDRES;2;0;0;5400.0;2026-06-06
MARBELLA SPORT;3;0;0;8150.0;2026-06-19
MADE IN MARCEAUX;3;1;0;7850.0;2026-08-07
MAYA DU LANDREAU;5;0;0;13425.0;2026-07-27
MISSFRANCE JENILAT;2;0;0;5300.0;2026-05-10
MAM'ZELLE DUDU;3;0;0;8100.0;2026-06-20
MY LADY DE PLOMB;3;0;0;8200.0;2026-06-30
MY LOVELY LADY;4;0;0;9850.0;2026-08-10
MOON SAINT ANDRE;6;0;0;14550.0;2026-08-10
MAXELLITA;1;0;0;2675.0;2026-04-26
MALOUINE;2;0;0;5625.0;2026-08-11
MINE D'OR;3;0;0;8100.0;2026-07-16
MOUSSETTE;3;1;0;8375.0;2026-07-28
MONA DU FER;4;0;0;11300.0;2026-07-09
MISS DU PERCHE;5;3;0;13750.0;2026-07-13
NUNCIA D'IROISE;2;0;0;5700.0;2026-05-16
NOLITA MADRIK;4;1;0;10000.0;2026-07-18
NEEL AR MOR;1;1;0;2800.0;2026-04-27
MAGIC D'ESPACE;5;1;0;12925.0;2026-07-29
JAZZ PASSION;1;0;0;2800.0;2026-04-27
ILLICO DU GUESNE;2;0;0;5200.0;2026-06-01
JACKSON TOUCH;4;0;0;10875.0;2026-07-31
LEROY DE JOUDES;2;0;0;5300.0;2026-05-01
LOUIS D'OR;2;0;0;5800.0;2026-05-14
LOYAL BOND;2;0;0;5450.0;2026-08-08
LESOTHO YAMM;2;0;0;5100.0;2026-08-07
LOUSTIC DE CHENU;3;0;0;8500.0;2026-07-03
LORNADO CODIE;1;0;0;2800.0;2026-04-27
LORD DES SOURCES;1;0;0;2800.0;2026-04-27
LIBRE A VOUS SMILE;3;0;0;8250.0;2026-07-11
DYNAMITE SENSATION;3;0;0;7575.0;2026-05-30
COMES WITH AGE;5;0;0;12650.0;2026-08-06
IQUEM D'AMER;5;0;0;13375.0;2026-08-13
LIGHT MY FIRE;1;0;0;2800.0;2026-04-27
FLORIDA BI;3;2;0;7875.0;2026-06-26
LIKE YOU;3;0;0;7900.0;2026-07-01
FORTEBRACCIO FONT;2;0;0;5575.0;2026-05-06
MISTER LION;6;0;0;14325.0;2026-08-08
ONANA BOKO;2;0;0;4975.0;2026-05-22
NICCA BREED;4;1;0;9750.0;2026-08-04
JOLIE QUEEN;9;0;0;22575.0;2026-08-15
KALAWAT;1;0;0;2150.0;2026-04-27
JAVELOT DE HOUELLE;3;0;0;8375.0;2026-07-26
MARGOTIN;4;0;0;11000.0;2026-07-30
MYSTIC VERTAC;3;0;0;7850.0;2026-07-10
MISTER DE HOUELLE;3;0;0;8300.0;2026-06-12
MUST WIN DE REM;3;0;0;7800.0;2026-07-30
MAX MANUS;1;0;0;2700.0;2026-04-27
MATADOR DE BELFOND;3;0;0;8125.0;2026-06-27
MOONLIGHT ATOUT;3;1;0;7800.0;2026-07-24
MELLA DE NESLE;2;0;0;5100.0;2026-05-16
MALICE D'EURVAD;5;0;0;13700.0;2026-07-04
MADDY D'ALCI;2;0;0;5400.0;2026-06-01
KEN FERFAY;3;0;0;8400.0;2026-06-02
NETFLIX DU LOISIR;2;0;0;5675.0;2026-05-09
JOY D'OURVILLE;2;0;0;5500.0;2026-05-14
JAGUAR DE BELFOND;2;0;0;5400.0;2026-06-27
JANGO DU HOULEY;1;0;0;2700.0;2026-04-27
KIPLING IRON;4;0;0;11200.0;2026-08-05
NOISETTE BRAVOURE;1;0;0;2700.0;2026-04-28
NATURALIA ERA;1;0;0;2700.0;2026-04-28
NOEMIE RIDGEHEAD;2;0;0;4700.0;2026-06-07
NILSON DU CLOS;3;0;0;8125.0;2026-07-08
NINJA DES CAUX;1;0;0;2700.0;2026-04-28
NAMIGO DE NOYELLES;1;0;0;2700.0;2026-04-28
NASH TURGOT;3;0;0;8425.0;2026-06-25
NASHAAB;4;1;0;10350.0;2026-07-31
NECTAR DU CHATELET;2;0;0;5375.0;2026-05-25
NAPOLEON DU CAUX;1;0;0;2700.0;2026-04-28
MAESTRIA DE PADD;4;0;0;9925.0;2026-06-18
MA JOLIE PRINCESS;6;1;0;16250.0;2026-07-25
LE PETIT JEU;2;0;0;5425.0;2026-05-18
LOVE DE BELLOUET;2;0;0;5400.0;2026-05-15
LINGOT LA ROYAUTE;3;0;0;7575.0;2026-07-23
LISANDRO FIORELLO;4;1;0;10300.0;2026-07-02
KAZAAL;5;0;0;13250.0;2026-08-04
KELLE EAU;1;0;0;2725.0;2026-04-28
MINNESOTA;3;0;0;8050.0;2026-07-16
METALO DE PLAY;5;0;0;13400.0;2026-07-31
ICARE DES VALOIS;4;1;0;9975.0;2026-07-25
HELEN DES OUBEAUX;6;0;0;17075.0;2026-08-12
IGGY DES RIOULTS;6;0;0;14875.0;2026-08-11
KUROKO LAUAR;4;0;0;11050.0;2026-07-29
KENTUCKY SOMOLLI;4;0;0;10300.0;2026-08-07
JAPPELOU;4;0;0;10050.0;2026-07-10
NECKER GRIFF;1;0;0;2850.0;2026-04-29
NEW LOVE BLUE;8;0;0;21550.0;2026-08-15
NEW GIRL DU CHENE;4;0;0;10600.0;2026-06-19
NOBLIA;5;2;0;14025.0;2026-07-21
NOUVELLE HISTOIRE;4;0;0;11000.0;2026-07-14
NOSTRA DEMONIA;3;2;0;8575.0;2026-07-01
MELODIA JOSSELYN;1;0;0;2850.0;2026-04-29
MARIE D'AIMTE;4;1;0;11225.0;2026-07-03
MIKALAN FLASH;3;1;0;8550.0;2026-06-11
MISTER GALBE;2;0;0;5575.0;2026-07-30
MIGUEL DE LOU;5;1;0;12975.0;2026-08-12
JADE HERINIERE;2;0;0;5000.0;2026-05-04
LADIVINA;6;0;0;16775.0;2026-08-11
FARANDOLE DI PALBA;1;0;0;2550.0;2026-04-29
NIMBA LEAGABIN;2;0;0;4800.0;2026-05-17
NINO MOUROTAIS;2;0;0;4800.0;2026-05-17
NASA RIRY;1;0;0;2400.0;2026-04-29
NAVY PEARL;1;0;0;2400.0;2026-04-29
NEVER LOOSE;1;0;0;2400.0;2026-04-29
NADAL DU GAZON;1;0;0;2400.0;2026-04-29
NAMA MAHA;1;0;0;3000.0;2026-04-29
NAOS DE CHOC;1;0;0;3000.0;2026-04-29
MYSTERE TURGOT;5;2;0;13075.0;2026-07-25
KAPORAL DES FORGES;4;0;0;10300.0;2026-08-03
IBAIA DE MAY;2;1;0;4950.0;2026-06-13
HOOLIGAN ONE;6;0;0;15675.0;2026-08-09
MAVERICK DE FAEL;4;2;0;11050.0;2026-07-22
LUCIANO VREDEBEST;2;0;0;4900.0;2026-06-24
LORELEI DE REUX;5;0;0;12425.0;2026-07-13
LOUISON;1;0;0;2100.0;2026-04-30
LUTIN JABA;4;0;0;10450.0;2026-07-24
LANISTER SMART;4;1;0;11150.0;2026-08-11
LUNA DOMA;6;0;0;16250.0;2026-08-05
LORD DE BRION;5;0;0;13975.0;2026-08-05
LUXE D'ERABLE;5;1;0;13175.0;2026-08-08
LUCIANO ROYAL;6;0;0;16600.0;2026-08-15
HORIZON D'AMARO;7;0;0;19225.0;2026-08-11
JADE DU CEDRE;1;0;0;2575.0;2026-04-30
HERMES HAUFOR;4;0;0;10950.0;2026-07-18
KEVIN ANABA;2;0;0;5250.0;2026-05-15
KING DODVILLE;2;0;0;5200.0;2026-08-03
KASIMIR JELOCA;2;0;0;5475.0;2026-07-12
KALISPERA DE TRIOU;5;0;0;13900.0;2026-07-23
KLASSIC DE SYVA;5;0;0;12875.0;2026-08-12
MYSTIC RED;3;0;0;7625.0;2026-07-15
MILORD DU CHATELET;4;1;0;11025.0;2026-06-24
MAWENZI;4;1;0;10775.0;2026-07-24
MASTER ORANGE;4;0;0;10975.0;2026-08-05
MAESTRO ECUS;5;0;0;13850.0;2026-08-05
MADISON KAT;3;0;0;7450.0;2026-05-30
MAJESTE DE BOMO;3;2;0;8050.0;2026-07-28
MY LADY BLUE;6;1;0;16100.0;2026-07-28
MAJESTE DE ZIETTE;3;0;0;8200.0;2026-07-27
MICTOIRE QUEEN;2;0;0;5700.0;2026-05-12
MALAGA TURGOT;4;0;0;10150.0;2026-08-04
MANILLE D'ERABLE;5;0;0;12225.0;2026-08-14
MARBELLA;4;0;0;11250.0;2026-07-04
LEADER DE CHOISEL;3;0;0;7975.0;2026-07-30
JERICHO DU BELLAY;5;0;0;13150.0;2026-07-28
KANSAS DE CASTELLE;8;0;0;21375.0;2026-08-15
JIMIR DE GUEZ;4;0;0;11100.0;2026-07-13
JEEN LOVER;5;0;0;13875.0;2026-08-12
GOLZAC DE REM;5;1;0;12675.0;2026-07-29
JAVA DES CAILLONS;3;0;0;7750.0;2026-08-01
ICARE DE PHYT'S;2;0;0;5500.0;2026-05-27
GAOTCHO JIEL;4;0;0;11425.0;2026-07-13
NATHALINA D'ARGENT;2;0;0;4775.0;2026-05-16
NEBULEUSE D'EYMY;1;0;0;2625.0;2026-05-01
NEW FRIEND;4;1;0;10000.0;2026-06-19
NINOUSKA;8;0;0;22175.0;2026-08-13
NO LIMIT BECO;2;0;0;5125.0;2026-05-10
NADJA DES CAILLONS;4;0;0;10850.0;2026-07-19
NAIADE VRIE;6;1;0;16875.0;2026-08-07
NINA SUPREME;2;0;0;5575.0;2026-05-23
LETTRE A FRANCE;5;0;0;13550.0;2026-08-04
LADY STRYCK;1;0;0;2500.0;2026-05-01
LIBELLULE;3;0;0;7525.0;2026-06-17
LUBIE DE LOIRON;5;1;0;13850.0;2026-07-12
LARPENT CELESTE;1;0;0;2500.0;2026-05-01
LEMON DROP;1;0;0;2500.0;2026-05-01
LORD OF SPAIN;4;0;0;10650.0;2026-08-08
LUCKY PURPLE;5;0;0;12150.0;2026-07-11
LYS DE MARCAY;1;0;0;2500.0;2026-05-01
IXIA DE BOUERE;3;0;0;7375.0;2026-07-24
IKAKOU;3;0;0;8175.0;2026-07-24
KING AULNAIES;3;0;0;7400.0;2026-06-24
ITALIAN LOVER;1;0;0;2650.0;2026-05-01
KARA DU PLESSIS;1;0;0;2650.0;2026-05-01
KING KONG DANOVER;1;0;0;2650.0;2026-05-01
KOPAZE DE HOUELLE;3;0;0;7925.0;2026-07-15
JAZZ DE GUINETTE;2;0;0;5275.0;2026-05-10
JONCTION HAUFOR;6;0;0;17075.0;2026-08-15
LA TOUR D'ORGON;1;0;0;2800.0;2026-05-01
LUDIVINE DU CLOS;2;1;0;5475.0;2026-07-16
LOVE ME SENOVILLE;1;0;0;2800.0;2026-05-01
LINA DE BASSIERE;1;0;0;2800.0;2026-05-01
L'ENVIE D'ENZO;1;0;0;2800.0;2026-05-01
LABEL BOY;1;0;0;2800.0;2026-05-01
LADY JIELHEM;1;0;0;2800.0;2026-05-01
LIZZY VENESI;1;0;0;2800.0;2026-05-01
NAO YAMM;2;0;0;5075.0;2026-05-14
NAOMI SAUTREUIL;1;0;0;2800.0;2026-05-01
NESKA DES ERABLAIS;2;0;0;4950.0;2026-08-15
NICOTINE SOMOLLI;2;0;0;5075.0;2026-06-22
NINJA D'HAVARD;1;0;0;2800.0;2026-05-01
NOMEN NESCIO;2;1;0;5500.0;2026-05-20
NOSTRA VIA PHEDO;4;0;0;11225.0;2026-07-18
NOTRE PRINCE;3;0;0;8625.0;2026-06-29
NOVA CASTELETS;3;0;0;8475.0;2026-07-18
NYMEAS D'ELA;2;0;0;5200.0;2026-07-10
NICEST OF PACE;1;0;0;2800.0;2026-05-01
MURPHY DES LANDES;3;0;0;8350.0;2026-06-27
MISTER CITY;3;0;0;7750.0;2026-08-01
MY NAME IS FLASH;6;2;0;15425.0;2026-07-24
MARIO CART;3;0;0;7825.0;2026-08-07
MADE IN VAB;4;0;0;11200.0;2026-07-30
MISKAVA;3;1;0;8275.0;2026-07-28
MUSEA;1;0;0;2800.0;2026-05-01
MASSALIA DU BOURG;2;0;0;5650.0;2026-05-23
MELEA DU CHENE;4;0;0;10850.0;2026-07-16
MELODIE DES DAMES;2;0;0;5650.0;2026-05-22
L'AMIRAL DU CANTER;2;0;0;5500.0;2026-08-04
LA BAULE HAUFOR;6;1;0;15925.0;2026-08-13
LORENZACCIO;3;0;0;8250.0;2026-07-30
LUMIERE DE BAILLE;5;2;0;13225.0;2026-07-25
LA BELLE MISS;2;0;0;5600.0;2026-06-29
LILY BAM;2;0;0;5450.0;2026-07-30
MISS EVER;5;0;0;13725.0;2026-08-08
MALO DE BRASSE;3;0;0;8125.0;2026-07-04
MAGNIFIK BOSDARROS;4;0;0;10300.0;2026-08-07
INFAILLIBLE;1;0;0;2700.0;2026-05-01
KEMER SI;4;0;0;9184.0;2026-07-04
KARAMEL;2;0;0;5400.0;2026-06-20
INNOCENT ARCTIC;1;0;0;2700.0;2026-05-01
KOOKY LA HURETRY;2;0;0;5425.0;2026-05-30
KRISTALE D'ERABLE;1;0;0;2700.0;2026-05-01
N'OUBLIE PAS;4;0;0;10650.0;2026-06-24
NAHAR DE BEYLEV;2;0;0;5400.0;2026-05-06
NO TIME TO DIE;1;0;0;2700.0;2026-05-01
NUAGE DE BEYLEV;3;0;0;8350.0;2026-07-09
NASH DE VANDEL;2;1;0;5450.0;2026-07-10
NECTAR DE CHANLECY;2;0;0;4700.0;2026-08-04
NICE NORMANDIE;1;0;0;2700.0;2026-05-01
NIKIE DES GAUDINES;4;0;0;9700.0;2026-07-13
NORA DE BEYLEV;2;0;0;5400.0;2026-08-08
NACRE DE GODREL;3;0;0;7325.0;2026-06-08
NOUVELLE MODE;3;0;0;7750.0;2026-06-19
NI OUI NI NON;6;1;0;15750.0;2026-08-02
NIKITA DU SAPTEL;2;0;0;5400.0;2026-06-06
ILOS DU GOUTIER;3;0;0;8400.0;2026-07-13
ILEVEN;1;0;0;2700.0;2026-05-01
INFANT ROYAL;1;0;0;2700.0;2026-05-01
HORUS DE BOMO;1;0;0;2700.0;2026-05-01
MANINI;1;0;0;2800.0;2026-05-01
MUSE DE FACQUE;1;0;0;2800.0;2026-05-01
MADONA DES THUYAS;2;0;0;5500.0;2026-06-06
MARA DE BEAUFOUR;1;0;0;2800.0;2026-05-01
MAYA DU BELLAY;2;2;0;5500.0;2026-06-27
MELODIE GIRL;2;0;0;5650.0;2026-06-19
MENISE DE RIL;1;0;0;2800.0;2026-05-01
MALICE D'ENFER;3;0;0;8175.0;2026-08-04
MELODY DE MADKER;6;1;0;16600.0;2026-07-31
MADE IN CARISAIE;2;0;0;5600.0;2026-05-14
MALOU DIESCHOOT;1;0;0;2800.0;2026-05-01
MELODIE D'ARPENT;1;0;0;2800.0;2026-05-01
MACHA DE GUEZ;1;0;0;2800.0;2026-05-01
MALICE DE GUELLE;1;0;0;2800.0;2026-05-01
MENTION D'HERMES;5;0;0;12900.0;2026-08-08
MARITZA VICI;1;0;0;2800.0;2026-05-01
MAMMA MIA MAUVE;1;0;0;2800.0;2026-05-01
MACKER DU SCION;2;0;0;5525.0;2026-05-17
MAGIC DE LA NOEMIE;2;0;0;4800.0;2026-08-08
MALUCO JETS;3;1;0;7800.0;2026-08-08
MACH BERRY;2;0;0;5750.0;2026-08-15
MAJOR D'ARSA;1;0;0;2800.0;2026-05-01
MARQUIS DE BAULON;1;0;0;2800.0;2026-05-01
MY BEST FRIEND;2;0;0;5600.0;2026-06-08
MOUSKO GES;1;0;0;2800.0;2026-05-01
MAESTRO DU GUIBEL;1;0;0;2800.0;2026-05-01
MAJESTUEUX;1;0;0;2800.0;2026-05-01
MAVERICK DOLUCIO;1;0;0;2800.0;2026-05-01
MADE IN RENARDIERE;3;3;0;8225.0;2026-05-30
MALESTROIT ROSE;1;0;0;2800.0;2026-05-01
MISTRAL D'ESTRELLA;1;0;0;2800.0;2026-05-01
MILAN SAN REMO;1;0;0;2800.0;2026-05-01
MADISON DE L'AUMOY;1;0;0;2800.0;2026-05-01
LOULOU BOY;3;0;0;8525.0;2026-07-05
LE TAJ MAHAL;5;0;0;13850.0;2026-07-18
LISA MI FOR CLARA;1;0;0;2800.0;2026-05-01
JOELLA BELLA;5;2;0;13975.0;2026-08-04
ILCAR QUARTMA;1;0;0;2800.0;2026-05-01
INDY DES BOTS;3;2;0;8550.0;2026-08-11
JIROBELLO;4;0;0;10675.0;2026-07-23
LACSAP DREAM;6;0;0;17000.0;2026-08-09
JOAQUIM DIESCHOOT;3;1;0;8450.0;2026-06-07
JAZZMAN BLUES;1;0;0;2800.0;2026-05-01
JOYAU DE MORTREE;4;0;0;10625.0;2026-06-18
HAPPY DU LAS VEGAS;1;0;0;2800.0;2026-05-01
HELLO KERODA;3;1;0;8250.0;2026-07-30
IDEAL D'URZY;6;2;0;16025.0;2026-08-05
JONQUILLE DE MEAT;6;1;0;17100.0;2026-07-30
HURLEVENT;1;0;0;2850.0;2026-05-02
MABELLISSIME;5;0;0;13025.0;2026-08-14
MARINELLA VRIE;5;1;0;12075.0;2026-08-14
LIONHEART;4;0;0;11375.0;2026-08-14
KARLITO;2;0;0;5400.0;2026-05-13
MISTER INVICTUS;3;0;0;7125.0;2026-08-06
KEVIN PRINCE;3;0;0;6950.0;2026-08-06
KAPITANO DE SOURCE;3;0;0;7425.0;2026-06-06
NABUCCO YOREAL;3;0;0;7875.0;2026-05-31
NARCOS DU NOYER;1;0;0;2950.0;2026-05-02
NETWORK;3;0;0;8175.0;2026-06-17
NOLA DU VIVIER;6;1;0;17200.0;2026-08-11
NUANCE DE STAR;6;1;0;16525.0;2026-08-08
NEMO LUDOIS;4;0;0;10250.0;2026-07-25
MAYERLING DU BARNE;1;0;0;2950.0;2026-05-02
MOTACHA;1;0;0;2950.0;2026-05-02
MANUREVA LOUNA;2;0;0;5600.0;2026-06-02
MADE IN KACY;1;0;0;2950.0;2026-05-02
MARTIN MOUROTAIS;3;0;0;8325.0;2026-05-17
MILORD DE MONTI;3;0;0;8375.0;2026-06-20
KIRELLA;5;1;0;14000.0;2026-08-11
KOMREVEE DIESCHOOT;5;1;0;14300.0;2026-07-21
KAY;1;0;0;2950.0;2026-05-02
KING OF DAY;5;1;0;13675.0;2026-08-05
LANINO;1;0;0;2950.0;2026-05-02
LUCKY SOTHO;4;0;0;11850.0;2026-07-09
INDIAN FIGHTER;1;0;0;2950.0;2026-05-02
HISTORY MAJYC;6;0;0;16375.0;2026-08-04
HYM SUBLIGNAIS;1;0;0;2950.0;2026-05-02
MONTAGNACOIS;3;0;0;8700.0;2026-08-15
MASTER DU HOCQUET;1;0;0;2950.0;2026-05-02
MEAULNES DU BRAY;3;0;0;8350.0;2026-07-16
MAESTRIA DE YEDRAG;6;1;0;17100.0;2026-08-03
MALEKOUM SEVEN;2;1;0;5750.0;2026-07-01
MARITZA DU PERCHE;5;0;0;14000.0;2026-08-11
MISS BELLEVUE;1;0;0;2950.0;2026-05-02
NA JYL;2;0;0;5350.0;2026-05-29
NOUBADARCHE;1;0;0;2750.0;2026-05-03
MIESQUE DANICA;4;1;0;10050.0;2026-06-14
MARCEL SEVEN;6;0;0;15425.0;2026-08-13
JANARDAL CLUB;3;0;0;7800.0;2026-06-06
JOKER D'OCCAGNES;2;0;0;5450.0;2026-08-08
ILLICO DES BAUX;4;0;0;11100.0;2026-07-20
GRYFFONDOR DU POLI;1;0;0;2750.0;2026-05-03
LULU JIVE;3;1;0;8400.0;2026-07-24
LE POETE BOURBON;4;1;0;9850.0;2026-08-14
LOVER SIXTY ONE;6;0;0;16025.0;2026-08-01
MASTERCLASS D'EARL;7;0;0;19225.0;2026-08-11
MELODY MUSIC;6;1;0;15125.0;2026-07-21
NESQUIK DE BAFFAIS;5;1;0;13150.0;2026-08-10
NAZZARENO;2;0;0;4650.0;2026-05-27
NOE DU PORZAY;1;0;0;2600.0;2026-05-03
MANAROLA;3;1;0;7850.0;2026-06-28
MANDARINE;5;0;0;13350.0;2026-07-29
MIMOSA DEVOL;5;0;0;12950.0;2026-08-02
MISS NIVERNAISE;1;0;0;2850.0;2026-05-03
MAESTRO DES GIRES;1;0;0;2850.0;2026-05-03
MORGANE DE HOERDT;3;1;0;8675.0;2026-07-04
LAROUS;5;1;0;14025.0;2026-06-22
HEROS DE MARZY;3;0;0;8300.0;2026-06-28
KRUNCH FOR MONEY;1;0;0;2650.0;2026-05-03
NEW LADY DELO;2;0;0;4850.0;2026-05-22
NIKITA D'AUVILLIER;2;0;0;4650.0;2026-08-08
NOCE DE L'ECLAIR;1;0;0;2000.0;2026-05-03
NOLEVAL;1;0;0;2000.0;2026-05-03
NONAME DE CHENU;2;0;0;4675.0;2026-05-25
NOVELINO;2;0;0;4200.0;2026-07-12
NUIT SAINT GEORGES;2;0;0;4950.0;2026-05-23
NUMBER ONE D'OBRET;1;0;0;2000.0;2026-05-03
NEW YORK STEF;1;0;0;2000.0;2026-05-03
NIAGARA PLANCHETTE;2;1;0;4300.0;2026-05-31
NORMANDIE FASHION;1;0;0;2000.0;2026-05-03
NARCISSE DE BLAY;2;0;0;4700.0;2026-07-04
MAZZARINO;4;0;0;11150.0;2026-07-05
MISS ROBINSON;4;2;0;11025.0;2026-08-02
MAGABYLOU;2;1;0;5600.0;2026-06-07
MILA CAAL;7;0;0;18925.0;2026-08-04
MAGIE D'ORLY;5;2;0;13050.0;2026-08-11
LYALYA;4;0;0;11150.0;2026-08-06
L'ETINCELLE;5;2;0;12259.0;2026-07-25
LILY PEEL;1;1;0;2800.0;2026-05-03
LIGUE MESLOISE;4;0;0;11450.0;2026-07-24
LUCIOLA DE LOU;2;0;0;5675.0;2026-08-15
L'AMOUR EN VRAI;2;0;0;5500.0;2026-06-27
L'OR BLANC;6;0;0;16400.0;2026-08-04
LITTLEBIG STARDUST;2;0;0;5400.0;2026-06-26
L'AMIRAL DE LUNE;2;1;0;5750.0;2026-07-25
LUCKY JOSSELYN;3;0;0;8400.0;2026-07-18
KHALIFE DU CHENE;4;0;0;11225.0;2026-07-16
KRIFF DU CHENE;1;0;0;2800.0;2026-05-03
KRAQUITA BELLA;2;0;0;5400.0;2026-06-26
KAROLYNE DE MALAC;2;0;0;5250.0;2026-05-30
KAPORAL KADESH;2;1;0;5600.0;2026-07-05
IMAGINE DUSSAC;1;0;0;2825.0;2026-05-03
HERRA D'AVENIR;2;0;0;5500.0;2026-07-02
IMAYA CHRISTUBERT;2;0;0;5375.0;2026-05-31
IOLAS;6;0;0;17075.0;2026-06-25
IMOKO HAUFOR;2;0;0;5025.0;2026-06-22
INES ORANGE;4;1;0;11200.0;2026-06-17
JIOSCO DES OMBRES;4;1;0;11175.0;2026-08-06
NOW OAKS;1;0;0;2950.0;2026-05-04
NIAGARA DU LOISIR;3;0;0;7250.0;2026-06-13
NEPAL MISA;4;0;0;11400.0;2026-08-10
NEPTUNE AU VENT;6;0;0;17175.0;2026-08-11
NEW ATOUT;4;1;0;11550.0;2026-07-16
KEOPS DES CELLIERS;2;0;0;5750.0;2026-06-29
ONE LOVE BIANCA;3;0;0;8725.0;2026-05-20
FEROX BRICK;5;0;0;13350.0;2026-07-19
ISENGRINE ABSOLUTE;2;0;0;5400.0;2026-06-18
HARMONY LA NUIT;3;1;0;8850.0;2026-08-01
MERRY CHRISTMAS;3;0;0;8575.0;2026-08-07
MEMPHIS ELLIS;2;0;0;5900.0;2026-06-01
IN LOVE GEDE;2;0;0;5025.0;2026-05-28
JIVA;4;1;0;10325.0;2026-08-04
IDEAL GABINLEA;3;0;0;6700.0;2026-06-24
JAGOAR DU TRIEUX;3;0;0;7400.0;2026-07-14
LAIOS DU GOUTIER;5;1;0;14175.0;2026-07-18
LULU THICEMA;1;0;0;2875.0;2026-05-04
LOCKED UP;4;0;0;11675.0;2026-07-08
HIT PERRINE;5;0;0;13500.0;2026-08-07
MANON DU RIED;2;0;0;5825.0;2026-05-21
MANON DU CHENE;4;1;0;11275.0;2026-08-11
MILANO DARLING;4;1;0;11250.0;2026-07-16
NIERMES DE GUEZ;2;0;0;5750.0;2026-05-23
MOON DREAM;4;0;0;9300.0;2026-07-11
JOAL FIX;2;0;0;5650.0;2026-06-07
ITAC DE PICDOM;2;0;0;5600.0;2026-07-28
ENEA FONT;1;0;0;2700.0;2026-05-06
DAUPHIN JOYEUSE;3;0;0;8450.0;2026-06-27
MORNING PRAYER;4;0;0;9650.0;2026-07-29
MAGIC ROSE;3;0;0;8000.0;2026-07-12
QUEEN OF PARIS;1;0;0;2700.0;2026-05-06
FITNESS GRIF;4;0;0;9100.0;2026-08-10
LOVE DANCER;4;2;0;11250.0;2026-06-24
FLAMENCO FER;5;0;0;11250.0;2026-08-08
MIX CASH;3;0;0;7450.0;2026-08-14
NIKITA DES CHARMES;3;0;0;7575.0;2026-08-08
NEWTON DES ANDIERS;2;0;0;4875.0;2026-05-26
IDOLE DE MEAT;4;0;0;11550.0;2026-08-01
LISE DE SIENNE;2;0;0;5425.0;2026-05-18
LUARIA;2;0;0;5450.0;2026-08-07
LILA DU HOCQUET;1;0;0;2725.0;2026-05-06
MIDNIGHT D'ERI;1;0;0;2725.0;2026-05-06
MIVASO DU JACKY;5;0;0;12975.0;2026-07-10
MEZCAL;2;1;0;5525.0;2026-06-08
MALICIA TOR;4;0;0;11000.0;2026-07-04
MAITASUNA;1;0;0;2725.0;2026-05-06
IKILIK;4;0;0;9850.0;2026-08-08
ILDA DE BERTRANGE;5;0;0;13075.0;2026-07-22
KSAR D'ESSARTS;2;0;0;5575.0;2026-06-19
NAXOS DU ROCHER;3;0;0;8050.0;2026-07-24
NEL DE QUELAINES;1;0;0;2700.0;2026-05-06
NANBOU D'IRAI;1;0;0;2700.0;2026-05-06
NON STOP JIHEM;2;0;0;5575.0;2026-05-23
ISIS DE L'AUBE;1;0;0;2825.0;2026-05-07
KYRA GIO;1;0;0;2825.0;2026-05-07
JULEJACQ;5;0;0;13875.0;2026-08-13
GUTENBERG DE DYPP;4;0;0;11400.0;2026-07-28
GOLDORACK DU BOIS;5;0;0;13300.0;2026-08-04
ISARIC;4;0;0;10575.0;2026-07-28
NOLITA LOMIG;4;1;0;11475.0;2026-06-26
NO MORE;4;0;0;10750.0;2026-06-16
MAESTRO CASTELETS;4;1;0;10575.0;2026-08-10
KASIMODO DREAM;6;1;0;16175.0;2026-07-29
KERATINE GLAM;4;0;0;10575.0;2026-08-04
JASMINE DU ROY;4;0;0;11250.0;2026-07-11
KEEPER PERRINE;1;0;0;2825.0;2026-05-07
LEON SEVEN;3;0;0;7275.0;2026-07-11
LATINA DU FER;6;1;0;14875.0;2026-08-13
HAND FULL;4;0;0;10600.0;2026-07-04
INDIGO PIERJI;5;0;0;12675.0;2026-08-07
JAPPELOU DU SOIR;4;0;0;9400.0;2026-08-13
IGOR D'URZY;5;0;0;13300.0;2026-07-13
IMPRESARIO;4;1;0;11300.0;2026-07-19
NAIADE DES FORGES;2;0;0;5500.0;2026-07-07
NYANNIC DE MUZE;3;0;0;7650.0;2026-06-04
NANTIS DU CHATAULT;5;0;0;12725.0;2026-08-07
NATIF MADRIK;1;0;0;2750.0;2026-05-08
NARVIK DU BESSIN;4;0;0;10650.0;2026-07-19
NUMBER ONE D'ARBAZ;1;0;0;2750.0;2026-05-08
MELO DU LOCHEUR;4;0;0;10800.0;2026-06-26
MIRADOR;3;0;0;7625.0;2026-07-14
MY VICTORY APPLE;4;0;0;10350.0;2026-07-30
LIZA DE LA COUR;3;0;0;7850.0;2026-07-30
KIWI CHARENTAIS;3;0;0;8600.0;2026-06-01
KAID GRIFF;6;0;0;13909.0;2026-08-02
JENNY LEGEND;7;1;0;18300.0;2026-08-01
JALNO MADRIK;1;0;0;2700.0;2026-05-08
INUITS D'EM;4;0;0;10800.0;2026-07-25
JERICO BADREC;6;0;0;16650.0;2026-08-12
NAIADE DE CHENU;2;0;0;4900.0;2026-05-30
NACRE DU GERS;2;0;0;5050.0;2026-06-11
NUANCE DU CEBE;1;0;0;2200.0;2026-05-08
NEIGE DE L'AUNAY;1;0;0;2200.0;2026-05-08
NAMARA D'ECHAL;3;0;0;7650.0;2026-08-13
NANOU D'AIMTE;3;0;0;7150.0;2026-07-30
NOIRE EBENE;2;0;0;5050.0;2026-06-19
NINA DE LA COUDRE;3;0;0;6625.0;2026-06-20
NOTIDA;1;0;0;2200.0;2026-05-08
NUEE DES ARRIS;6;0;0;16000.0;2026-08-11
NEWMARKET;4;1;0;10950.0;2026-07-25
NEW DAY;2;0;0;5050.0;2026-06-19
NOMEO;1;0;0;2200.0;2026-05-08
NASH DE SEVIGNY;3;0;0;7325.0;2026-08-07
NIKOS DE TROIS;4;1;0;9475.0;2026-06-24
NORBERT BLUE;1;0;0;2200.0;2026-05-08
NABUCCO DE RETZ;1;0;0;2200.0;2026-05-08
NEW ART OF THINGS;2;0;0;4850.0;2026-07-24
NOBEL DREAM;2;0;0;4400.0;2026-05-27
NELSON SIBEY;2;0;0;4900.0;2026-06-19
NORFOLK DE TILLARD;6;0;0;13700.0;2026-08-08
NAPSOS DE GUEZ;2;1;0;5050.0;2026-05-22
MAUTIER DIESCHOOT;1;0;0;2950.0;2026-05-08
MAMZELLE DES PLANS;3;0;0;7725.0;2026-07-12
MAJESTUEUSE;2;0;0;4950.0;2026-08-04
MAYA DE SEVRE;4;0;0;10200.0;2026-07-27
MOLLY DE CHENU;4;1;0;10850.0;2026-07-27
MAGNUM MESLOIS;3;2;0;8500.0;2026-07-13
MAYA DE LA FYE;4;0;0;11375.0;2026-08-11
JISKA DE DREAM;2;0;0;5675.0;2026-07-16
JAGUAR D'ESCRIT;3;0;0;8475.0;2026-06-28
KAISER LUDOIS;3;1;0;8625.0;2026-06-20
JOYAU DU TRESOR;1;0;0;2950.0;2026-05-08
KLAMA DE NAVARY;3;0;0;8450.0;2026-08-08
JAROD DE TRIOU;5;0;0;13225.0;2026-08-13
KEL AMOUR BARBES;1;0;0;2950.0;2026-05-08
JADE DE CALVI;1;0;0;2950.0;2026-05-08
JOUR JOYEUX;1;0;0;2950.0;2026-05-08
KSAR VRIE;2;0;0;5775.0;2026-06-07
IDYLLIC DREAM;1;0;0;2950.0;2026-05-08
NINA D'AVRAN;1;0;0;2800.0;2026-05-08
NINA DU BOCAGE;6;0;0;16625.0;2026-08-15
NOMONEYNOHONEY;3;0;0;8600.0;2026-07-25
NYMPHE D'ERABLE;4;0;0;11400.0;2026-08-11
NEMESIS D'OCCAGNES;1;0;0;2800.0;2026-05-08
NOTRE GITANE;3;1;0;7750.0;2026-07-28
MAMBO DU BELLAY;2;0;0;5750.0;2026-08-15
MY HOPE;7;2;0;19650.0;2026-08-08
MISTER DE CORTEM;1;0;0;2800.0;2026-05-08
MARCUS DU PAJ;1;0;0;2800.0;2026-05-08
MAX DU PARC;1;0;0;2800.0;2026-05-08
MAGIC DE MAJULE;1;0;0;2800.0;2026-05-08
MILWAUKEE LEGEND;5;1;0;12650.0;2026-07-02
MOGADOR JIEL;3;0;0;8225.0;2026-06-20
METEORE;3;0;0;8375.0;2026-07-19
MIRCO DE POMMERAYE;1;0;0;2800.0;2026-05-08
MONUMENTAL DE LOU;1;0;0;2800.0;2026-05-08
MAJOR THORIS;1;0;0;2800.0;2026-05-08
MAJOR DU MONT;1;0;0;2800.0;2026-05-08
MON RETOUR D'OSCAR;3;0;0;8275.0;2026-08-11
MIRAGE BOY;4;1;0;10650.0;2026-08-07
MIZAR DU FEUILLIEN;2;0;0;5475.0;2026-07-16
MILLENIUM JASTHEO;2;0;0;5750.0;2026-07-09
MORNING D'OR;1;0;0;2800.0;2026-05-08
LUNA BELLA BROUETS;1;0;0;2800.0;2026-05-08
LADY ROCK;3;0;0;8500.0;2026-08-04
LIESVILE DU VIVIER;5;0;0;13800.0;2026-07-24
LUNE D'OPALE;1;0;0;2800.0;2026-05-08
LADY DU LILAS;1;0;0;2800.0;2026-05-08
LAURENTINA TURGOT;2;0;0;5575.0;2026-06-27
LIBERTINE RUSH;4;0;0;10900.0;2026-08-08
LADY DU CEDRE;4;2;0;11450.0;2026-08-05
KISS YOU PIYA;2;0;0;5300.0;2026-06-20
KANAILLE ROYALE;2;0;0;5350.0;2026-06-14
JANNIG D'EREVAN;5;0;0;13125.0;2026-07-24
ILOVEDAM;1;0;0;2800.0;2026-05-08
JAGUAR BECO;2;0;0;5650.0;2026-05-23
JALISKO DU CANET;5;1;0;13775.0;2026-08-13
KOOL D'AUBERVILLE;1;0;0;2800.0;2026-05-08
ILLICO DUPUITVERT;1;0;0;2800.0;2026-05-08
ISPALION DU VAU;2;0;0;5750.0;2026-06-15
INTENSE AMOUR;1;0;0;2800.0;2026-05-08
JASMINE DE LYONS;1;0;0;2800.0;2026-05-08
JUNIOR DU CHERISAY;4;0;0;10450.0;2026-07-14
IRIS COURTOISE;1;0;0;2800.0;2026-05-08
HISTRIO;1;0;0;2800.0;2026-05-08
GLOBAL DUTY;3;0;0;7050.0;2026-07-29
JIOSCO DE PHYT'S;2;0;0;5450.0;2026-05-21
JEAN BALTHAZAR;1;0;0;2450.0;2026-05-09
MAC KINLEY;6;0;0;14825.0;2026-08-14
JET EXPRESS;6;2;0;16750.0;2026-07-29
IRIS DES ROSEAUX;3;1;0;7875.0;2026-07-15
HECTOR DE BASSIERE;3;0;0;8150.0;2026-08-02
LOLITA TURGOT;4;0;0;9075.0;2026-08-14
NALA DE MALIKEN;5;0;0;13525.0;2026-08-15
NIGHT DES FORGES;5;0;0;12500.0;2026-08-13
NOBLE WOOD;4;1;0;11250.0;2026-08-14
NEWTON MARANCOURT;1;0;0;2850.0;2026-05-09
NEMO DU LEARD;2;0;0;5000.0;2026-07-20
JAMES BOND;9;2;0;22450.0;2026-08-15
LA FLEUR;3;0;0;7950.0;2026-07-05
MAGIQUE REVAT;4;3;0;11150.0;2026-06-26
MAZEL DU JAS;1;0;0;2850.0;2026-05-09
MEJANES;4;0;0;11150.0;2026-07-12
NARCOTIC;3;0;0;8100.0;2026-08-05
NATIVE DE HOULE;2;0;0;5700.0;2026-05-22
NEMO DE CAHOT;1;0;0;2850.0;2026-05-09
NEW LOOK DU GERS;5;2;0;12225.0;2026-07-23
NOBLE DU MENIL;2;1;0;5000.0;2026-06-13
NINA DU DIGEON;2;0;0;5550.0;2026-08-08
NOTORIOUS ERCA;2;0;0;5550.0;2026-06-20
NASH DES RIOULTS;3;0;0;8500.0;2026-07-09
MATUDY DU POTO;1;0;0;2850.0;2026-05-09
MARQUISE DARLING;5;0;0;12675.0;2026-08-10
KADENCE;2;0;0;5575.0;2026-07-02
KIA DE GUELLE;4;0;0;10925.0;2026-07-21
KANT;4;1;0;10925.0;2026-08-07
JARYCA;5;0;0;13650.0;2026-08-04
KISS ATOUT;4;0;0;10025.0;2026-07-29
KASSIOPEE WIND;3;0;0;8550.0;2026-06-25
JACKMAN;3;0;0;7850.0;2026-07-18
JALOUSY DU RABUTIN;3;0;0;7950.0;2026-06-06
HAZIRE DE GUEZ;2;0;0;5550.0;2026-05-25
JULIUS BERRY;4;0;0;11000.0;2026-08-06
HERCULE DE L'OISON;1;0;0;2850.0;2026-05-09
IMPOLOKO;1;0;0;2625.0;2026-05-10
IGOR DE BOITRON;3;2;0;8075.0;2026-08-01
MOUSKO DU LUPIN;3;0;0;7775.0;2026-08-04
LOUNA CAYENNAISE;1;0;0;2625.0;2026-05-10
LATINO DU LUPIN;4;0;0;10900.0;2026-08-04
LOOKIERO;3;1;0;8300.0;2026-06-09
JASMIN DU LUPIN;1;0;0;2625.0;2026-05-10
FIGHTER SIMONI;2;0;0;5475.0;2026-06-05
HEROS DE CHOISEL;2;0;0;5475.0;2026-05-22
JOKER DES CHALIERS;3;1;0;6925.0;2026-08-12
KONFINEE A BAZOCHE;2;0;0;5625.0;2026-07-16
KISS ME DE L'ESQUE;2;1;0;5725.0;2026-08-08
KARINE DU RIL;2;0;0;5900.0;2026-06-29
INFERNO POURPRE;4;0;0;10450.0;2026-07-28
HIGHEST WIND;3;1;0;6950.0;2026-06-30
MARIUS DE FEUGERES;5;1;0;12650.0;2026-07-21
JASON GEDE;4;2;0;11175.0;2026-08-09
LILAS AIMEF;4;0;0;10950.0;2026-08-04
LILY GINYU;4;0;0;11100.0;2026-08-07
LOUSTIC CHARENTAIS;1;0;0;2600.0;2026-05-10
KEPI DU HOME;6;0;0;14750.0;2026-08-10
INDIGO QUICK;3;0;0;8250.0;2026-08-12
NELSON STAR;1;0;0;2650.0;2026-05-10
NOBLESSE DE BEYLEV;2;0;0;5350.0;2026-06-13
NUGGET RIVER;3;0;0;7500.0;2026-08-13
NEVER MIND MESLOIS;2;0;0;5350.0;2026-06-06
NARAGONAISE;1;0;0;2650.0;2026-05-10
LORD OF DAY;1;0;0;2650.0;2026-05-10
LESPER DU HIDOUX;2;0;0;5375.0;2026-06-13
LUCKY CARNOIS;1;0;0;2650.0;2026-05-10
LORDARCHE;3;0;0;8175.0;2026-06-13
LINDY D'OURVILLE;3;0;0;8075.0;2026-06-20
MUMBA FOR MONEY;1;0;0;2650.0;2026-05-10
MISS DES CAILLONS;2;0;0;5450.0;2026-07-01
MAFIA MESLOISE;2;0;0;5350.0;2026-05-30
MARTIAL;2;0;0;5350.0;2026-07-04
MYSTIC FISH;3;0;0;8225.0;2026-05-23
NADAL D'OLIVERIE;5;2;0;14025.0;2026-07-25
NAVONA PIAZZA;6;0;0;15100.0;2026-08-11
MISS MELODIE DALME;1;0;0;2625.0;2026-05-10
MY WAY PIYA;1;0;0;2625.0;2026-05-10
MENVOLA BELLA;1;0;0;2625.0;2026-05-10
MOOREA DE BANVILLE;1;0;0;2625.0;2026-05-10
MARTINIQUE SEA;1;0;0;2625.0;2026-05-10
MADEMOISELLE DJEMA;3;0;0;7975.0;2026-07-24
MURE DES SOURCES;2;0;0;5325.0;2026-06-20
MOONLIGHT DANCE;3;2;0;7825.0;2026-08-07
MAIA BOURGEOISE;2;0;0;5350.0;2026-07-02
MEGANE DE VALMONT;7;0;0;19125.0;2026-07-26
MEDAL OF HONOR;3;0;0;8025.0;2026-06-27
METISSE DES LANDES;3;0;0;7625.0;2026-07-01
MARQUISE CASTELETS;1;0;0;2625.0;2026-05-10
MAGIE DES VENTS;1;0;0;2625.0;2026-05-10
KELCANTO BELLO;2;1;0;5600.0;2026-06-04
LIEUTENANT COLUMBO;4;1;0;10625.0;2026-07-18
LOOK D'AIMTE;2;0;0;4950.0;2026-05-18
LUCASSCHADEL;4;0;0;9600.0;2026-06-15
LUNA NUEVA JYL;1;0;0;2800.0;2026-05-11
LAURA SISSI;3;0;0;7875.0;2026-06-29
LE GRAND AMOUR;6;0;0;15975.0;2026-08-07
IOKINA DE KERYANN;1;0;0;2150.0;2026-05-11
IFALCO DE MAY;4;0;0;10400.0;2026-07-10
KOMEO DU DOME;3;2;0;7775.0;2026-08-07
LOKA LOKA;5;1;0;11050.0;2026-07-29
LUEUR D'HAUFOR;1;0;0;2150.0;2026-05-11
LA FRILEUSE;1;0;0;2150.0;2026-05-11
LILIONALLY;3;0;0;7575.0;2026-06-07
MARINA DE FAEL;5;1;0;12975.0;2026-08-08
MIRADOR PLANCHETTE;4;1;0;9400.0;2026-07-29
ISOLACCIO;1;0;0;3125.0;2026-05-12
IRINUSHKA;3;0;0;8625.0;2026-08-08
IONA GENDREENNE;1;0;0;3125.0;2026-05-12
HOMERE DES NOUES;2;0;0;5725.0;2026-06-30
NEO DE GUEZ;2;1;0;4625.0;2026-06-09
MY FROMENTRO;1;0;0;3125.0;2026-05-12
MIRACULOUS DANOVER;4;0;0;11025.0;2026-06-20
MACAO MIJO;4;2;0;10725.0;2026-08-13
MAJOR DU BELVER;4;2;0;10900.0;2026-08-07
MAYWEATHER;3;0;0;7375.0;2026-07-14
MUSCAT DE L'ITON;2;0;0;5925.0;2026-07-01
MY NAME IS CHENU;4;1;0;10800.0;2026-08-10
MAGNUS DE FLEUR;3;2;0;8525.0;2026-06-30
MAGINOIRE DE CHENU;1;0;0;3125.0;2026-05-12
LIPSKA;1;0;0;3125.0;2026-05-12
LITTLE ROAD;6;2;0;16225.0;2026-08-11
NO MAN'S LAND;3;2;0;8450.0;2026-07-25
NOOKER BERRY;3;0;0;7350.0;2026-06-09
FREISA ROC;3;1;0;6350.0;2026-07-09
LEELY DE BLARY;2;0;0;4500.0;2026-06-08
FORNARINA ROSS;2;0;0;4250.0;2026-08-02
FEDORA KEY COL;3;0;0;7125.0;2026-08-02
GINO VIVA;1;0;0;2850.0;2026-05-13
ELE DIPA;1;0;0;2700.0;2026-05-13
HEUREUX DE FLEUR;4;1;0;10650.0;2026-08-05
GAMIN DU GAULTIER;5;0;0;12075.0;2026-07-25
PEAKY BLINDER BOKO;1;0;0;2700.0;2026-05-13
MODERN STYLE;2;0;0;5550.0;2026-06-03
MONI MAKING PACE;2;0;0;5575.0;2026-06-13
MAESTRO DU CHOQUEL;4;0;0;11150.0;2026-08-06
MILA DES COUPERIES;5;1;0;13300.0;2026-08-14
MICH DU MESNIL;5;1;0;13950.0;2026-07-12
MY MILLION D'ANSY;3;1;0;8375.0;2026-06-11
MATIN DE MARS;5;0;0;13500.0;2026-08-08
MONACO JENILOU;3;0;0;7900.0;2026-06-20
LIBERTY BLUE;2;0;0;5700.0;2026-07-19
LUMINEUSE WELL;2;0;0;5550.0;2026-07-07
KISS ME DU RABUTIN;3;2;0;8175.0;2026-06-07
KEEP SMILING;1;0;0;2800.0;2026-05-13
KING GEORGES ELLIS;4;0;0;10600.0;2026-07-24
WALDGEIST;3;2;0;8350.0;2026-08-05
INVICTUS ONE;3;0;0;8100.0;2026-07-03
NOIRAUD DES GLENAN;3;0;0;7900.0;2026-08-07
JOCKO MESLOIS;4;0;0;11100.0;2026-07-18
JUNIOR DU GADE;4;0;0;10150.0;2026-07-10
KOSTELLO DE LOU;4;0;0;9725.0;2026-07-13
KINOHA D'OURVILLE;2;0;0;5000.0;2026-05-22
KERIBIA DU ROC;1;0;0;2275.0;2026-05-14
NEUTRON DE BRION;2;0;0;5125.0;2026-05-22
NOBEL DU GERS;3;1;0;7375.0;2026-07-09
NORMAN PIERJI;3;2;0;7750.0;2026-07-27
MAGICO;4;1;0;10500.0;2026-07-29
MILORD D'IRAI;2;0;0;5850.0;2026-06-09
LIGNE DE CHANCE;1;0;0;3000.0;2026-05-14
LALOUISIA GIRL;1;0;0;3000.0;2026-05-14
LOUMA DE MALOU;2;0;0;5625.0;2026-06-14
LUCKY BLUE;1;0;0;3000.0;2026-05-14
LANCOME DE JUMILLY;2;0;0;5500.0;2026-07-12
KING DU PRESSOIR;2;0;0;5725.0;2026-07-16
KABRI;1;0;0;3000.0;2026-05-14
KELYO DU SOLNAN;2;0;0;5875.0;2026-06-27
NIKONOS;1;0;0;2800.0;2026-05-14
NASKO;3;0;0;7575.0;2026-07-05
NAVAJO DE COLARD;1;0;0;2800.0;2026-05-14
NAZULI DE L'AUMOY;1;0;0;2800.0;2026-05-14
NOPORTO DE HOUELLE;1;0;0;2800.0;2026-05-14
NIJINSKY ATALANTE;5;0;0;13800.0;2026-07-20
NIRVANA DU PONT;2;0;0;4950.0;2026-06-01
NAAMA BAY;3;1;0;7875.0;2026-06-26
NUIT DU QUENNE;2;0;0;4800.0;2026-07-05
NADIA DES ARRIS;2;0;0;5500.0;2026-05-30
NOOTKA VEDAQUAISE;2;0;0;5550.0;2026-05-24
NINA CARRERA;1;0;0;2800.0;2026-05-14
NOVA JOSSELYN;3;0;0;8350.0;2026-06-26
MALCKO DE MARSAC;2;1;0;4800.0;2026-08-08
MAXIMUS DE VAUVERT;1;0;0;2800.0;2026-05-14
MILOR DES CAILLONS;5;0;0;12825.0;2026-07-27
LEON D'OAM;1;0;0;2800.0;2026-05-14
L'AUDACIEUX;1;0;0;2800.0;2026-05-14
LUDO DU MURRIER;2;0;0;5550.0;2026-07-02
LITTLE SUN D'ALEX;1;0;0;2800.0;2026-05-14
LE DON JUAN;6;0;0;16450.0;2026-08-07
LOTUS DE LA VALLEE;1;0;0;2800.0;2026-05-14
LUCKY LEOMAX;2;0;0;5600.0;2026-07-05
LYS DU CAIEU;5;1;0;12950.0;2026-07-28
L'ARTISTE DE GAGOU;1;0;0;2800.0;2026-05-14
KANAYOK DE LARA;2;0;0;5650.0;2026-08-05
JUPITER D'ALIENIS;2;0;0;5500.0;2026-05-30
KASHMIR DU BOCAGE;2;0;0;5575.0;2026-08-08
JUST REMEMBER;1;0;0;2800.0;2026-05-14
GALCINOIS;3;0;0;8375.0;2026-08-15
NOVATO;1;0;0;2100.0;2026-05-15
LEADERBOARD;4;2;0;8500.0;2026-07-25
FAST FURIOUS COL;3;0;0;6400.0;2026-08-08
BEENTHERESEENTHAT;6;0;0;15275.0;2026-08-12
EVER SO MUCH;5;0;0;11484.0;2026-08-12
MERRY;2;0;0;5550.0;2026-06-03
FEE D'AMARO;1;0;0;2850.0;2026-05-15
KARMA QUICK;3;1;0;8400.0;2026-08-02
JACOBIN DU GOUTIER;4;0;0;9850.0;2026-08-08
MASCARET;4;1;0;11850.0;2026-08-15
NOBLESS PLANCHETTE;2;0;0;5000.0;2026-06-25
NOTCH D'ALBA;1;0;0;2150.0;2026-05-15
NYX BLANCHE;1;0;0;2150.0;2026-05-15
NE DIABLE DE MASS;1;0;0;2150.0;2026-05-15
NIKITA GALAA;6;1;0;15325.0;2026-08-07
NO LIMIT DE LEP;1;0;0;2150.0;2026-05-15
NAOMI DE JAVIE;2;0;0;5100.0;2026-05-23
NINO DE LIGNY;2;1;0;4800.0;2026-07-05
NIRVANA QUESNOT;1;0;0;2150.0;2026-05-15
MY BEACH DUEM;2;0;0;5475.0;2026-08-15
MADONA PAN;1;0;0;2750.0;2026-05-15
MILLENIUM AVIS;3;0;0;7700.0;2026-07-13
JAGUAR D'ERABLE;1;0;0;2750.0;2026-05-15
LAZIO BUROIS;2;0;0;5350.0;2026-05-23
LEWIS GRIFF;3;0;0;8125.0;2026-07-13
NERZH DE L'AIROU;3;1;0;7625.0;2026-08-07
NEWTON DE LOIRON;2;0;0;5550.0;2026-05-23
NARUTO UZUMAKI;3;1;0;8000.0;2026-06-10
NOW OR NEVER;2;1;0;4950.0;2026-06-01
NARUTO MALO;3;0;0;8125.0;2026-06-30
NADAL;1;0;0;2675.0;2026-05-15
KELLIA VAUCEENNE;4;0;0;10925.0;2026-07-16
KALISTA DE HOUELLE;1;0;0;2675.0;2026-05-15
KAMTCHATKA;7;0;0;18300.0;2026-08-14
KASH DES RIOULTS;4;0;0;10700.0;2026-07-28
LAZIO CASTILLAN;1;0;0;2675.0;2026-05-15
LYLAS DES CAUX;4;0;0;11000.0;2026-07-16
LIMBO TOINOU;1;0;0;2675.0;2026-05-15
LOLLIPOP PICDOM;5;1;0;14525.0;2026-06-24
LASKA CAD;3;0;0;8525.0;2026-07-19
LENNON;2;0;0;5625.0;2026-05-23
LAST ROUND;1;0;0;2675.0;2026-05-15
LOYAL ELEVEN;2;0;0;5325.0;2026-06-02
LINA DES GENETETS;3;0;0;8075.0;2026-08-08
LOLITA DE SEE;1;0;0;2675.0;2026-05-15
LE MANERET;1;0;0;2675.0;2026-05-15
LOVE ME COCO;2;0;0;5425.0;2026-07-24
L'ANSE NOIRE;1;0;0;2675.0;2026-05-15
LALICIO BELLO;1;0;0;2675.0;2026-05-15
MILLESIME DE BLARY;2;0;0;5625.0;2026-08-11
MAYFLOWER DULONRAY;5;0;0;12050.0;2026-08-07
MOMENT MAJYC;1;0;0;2675.0;2026-05-15
MILORD DU LUPIN;3;2;0;7775.0;2026-07-14
MAGIC PIERJI;1;0;0;2675.0;2026-05-15
MANA MIX;5;3;0;13200.0;2026-08-13
HARISTIDE LOUIS;1;0;0;2700.0;2026-05-15
JOYCE DE LA COUR;3;1;0;7259.0;2026-08-15
IDOLE DES SPORTS;1;0;0;2700.0;2026-05-15
JANUS D'EM;2;0;0;5100.0;2026-05-23
LADY DU POMMEREUX;3;0;0;7175.0;2026-08-07
LANTANA DE HOUELLE;1;0;0;2200.0;2026-05-16
NORMANDIE MADRIK;1;0;0;2450.0;2026-05-16
NAZCA;1;1;0;2450.0;2026-05-16
NINON DREAM;5;0;0;12775.0;2026-08-11
MILADY DE LANDEMER;1;0;0;2450.0;2026-05-16
MOSTRA DU TRIO;3;0;0;7825.0;2026-08-04
MADISON DES BAUX;2;0;0;5250.0;2026-06-04
MYSTIC D'AVE;11;1;0;27875.0;2026-08-14
LOUDEAC;1;0;0;2200.0;2026-05-16
KEBIR JOLI;1;0;0;2950.0;2026-05-16
KIDS DU BASSIN;1;0;0;2950.0;2026-05-16
KATHEO WINDER;1;0;0;2950.0;2026-05-16
MA SUPERB CHENOU;3;1;0;6400.0;2026-07-03
NIKO PLEIN CHENE;5;0;0;12925.0;2026-08-15
NYMPHE DE BRION;1;0;0;2150.0;2026-05-16
NUIT DES AUDICHONS;3;0;0;7300.0;2026-07-01
NAKADJI;2;0;0;4850.0;2026-07-26
JISSY DU CAP VERT;2;0;0;5275.0;2026-08-15
KALINUXIE;3;0;0;7975.0;2026-07-16
JABALLA;3;0;0;8175.0;2026-07-29
IGOLO;2;0;0;5300.0;2026-07-10
HOKITOLOVE;2;0;0;4850.0;2026-06-22
LIBERTY HEROLD;3;1;0;6950.0;2026-06-23
MILWAUKEE D'OYSE;1;0;0;2400.0;2026-05-16
MONDER DU CAPRE;2;0;0;5100.0;2026-06-01
MARSTON VICTORY;6;1;0;15025.0;2026-07-29
MORROCO;3;0;0;7650.0;2026-07-09
MAYWENN DU GUERET;6;2;0;15400.0;2026-08-02
MARIA JELOCA;4;1;0;10950.0;2026-07-28
MASSILIA D'ALESA;2;0;0;5125.0;2026-08-14
NOBLESSE DU MENIL;2;0;0;5650.0;2026-06-14
NOMIA DU SKY;1;0;0;2900.0;2026-05-16
NACOMA RUN;4;1;0;10350.0;2026-08-05
NUIT MAGIQUE;2;0;0;5600.0;2026-06-19
NELINDA;1;0;0;2900.0;2026-05-16
JUST ME DIESCHOOT;1;0;0;2550.0;2026-05-17
IKATANGO;2;0;0;5125.0;2026-05-30
HORIZON PELSA;1;0;0;2550.0;2026-05-17
IMPATIENTE NAY;4;2;0;10325.0;2026-07-13
JASPER QUESNOT;2;0;0;4975.0;2026-06-20
NIKITA DE REVILLE;1;0;0;2400.0;2026-05-17
NITALIANO MIJO;3;0;0;7450.0;2026-07-12
LEOPARD;5;0;0;13000.0;2026-07-29
KAISER GRIFF;1;0;0;2550.0;2026-05-17
HAMOUR TEJY;2;0;0;4975.0;2026-06-20
NEW EXPRESS;2;0;0;5350.0;2026-06-05
JUNO DE BANVILLE;1;0;0;2400.0;2026-05-17
JAMBIER D'OURVILLE;3;1;0;9050.0;2026-07-19
HARLEM DE BUCY;4;2;0;11775.0;2026-08-08
KAISER DU PERSIL;2;0;0;5450.0;2026-08-04
KING SALTOR;3;0;0;7700.0;2026-06-27
KLOE REBELLE;2;0;0;5450.0;2026-08-04
ICI C'EST CHENU;1;0;0;2825.0;2026-05-17
HERMINE DU FAN;1;0;0;2825.0;2026-05-17
HIGOUEN;3;0;0;8975.0;2026-07-30
HORTINO;5;0;0;14175.0;2026-08-08
NAME OF LOVE;2;1;0;5175.0;2026-06-15
NEVERLAND MIJACK;4;1;0;10550.0;2026-08-06
NOROIT DU RIB;2;0;0;4875.0;2026-08-15
NUAGE D'ENFER;5;0;0;13375.0;2026-07-09
NUMENOR'S FELLA;4;0;0;10625.0;2026-08-07
NACRE DE MOUTIERS;4;2;0;10225.0;2026-07-07
NASMANIA;3;1;0;8175.0;2026-08-11
NATIVE DU TRIO;5;1;0;13125.0;2026-08-04
NISSA BELLA DRY;2;0;0;4950.0;2026-06-08
NOKITA DU RIB;1;0;0;2725.0;2026-05-17
NORMANDY JOSSELYN;4;0;0;11300.0;2026-08-11
NAIADE TURGOT;1;0;0;2725.0;2026-05-17
NOUMEA DU CHATELET;4;0;0;11150.0;2026-06-27
MICH DE VILLODON;1;0;0;2725.0;2026-05-17
MONOPOLE;3;0;0;7825.0;2026-06-27
MADIBA DE BELLANDE;3;1;0;7575.0;2026-08-07
MARQUIS BOURBON;4;1;0;11050.0;2026-08-15
MALAXE;1;0;0;2725.0;2026-05-17
MAINTENANT;1;0;0;2725.0;2026-05-17
MACHISTADOR;4;0;0;10475.0;2026-07-04
MAGIE DU HOULME;2;0;0;5350.0;2026-06-14
MACUMBA DU RIB;3;0;0;8150.0;2026-06-20
MELISSE D'ELOGES;2;0;0;5625.0;2026-07-13
MA BELLE ASSCHADEL;1;0;0;2725.0;2026-05-17
MUSUBI DE BELLANDE;6;0;0;16775.0;2026-08-15
MAMA DE L'ORMERIE;1;0;0;2725.0;2026-05-17
MAGIC NONNA;2;0;0;5425.0;2026-05-30
MISS DE SOUVELLE;1;0;0;2725.0;2026-05-17
MASSADA LAKE;1;0;0;2725.0;2026-05-17
INDY DE VIGNE;1;1;0;2725.0;2026-05-17
IXIOLINO;2;0;0;5425.0;2026-06-06
NORDET ONE;1;0;0;2800.0;2026-05-18
NUEVO;4;4;0;9250.0;2026-08-14
NIOSCO DE PHYT'S;2;0;0;5250.0;2026-06-15
MALAVISTA SOMOLLI;4;0;0;9950.0;2026-08-11
LAMBO DE LEAU;2;0;0;5500.0;2026-06-08
KILT DU RADON;4;0;0;11150.0;2026-07-08
KAHID D'EPUISAY;4;0;0;11025.0;2026-07-16
KEEP YOUR LOVE;2;0;0;5600.0;2026-07-15
KUZCO;5;0;0;13700.0;2026-08-04
MALICIEUX SAMCOF;2;0;0;4450.0;2026-08-07
MYSTERE DU LEARD;3;0;0;7275.0;2026-08-15
LIO RENKA;1;0;0;2150.0;2026-05-18
LEREVEUR D'HERIPRE;2;0;0;5100.0;2026-06-15
NOBEL CAMP;5;1;0;12325.0;2026-07-10
NOISETTE LUDOISE;1;0;0;2200.0;2026-05-18
NO MORE ABRIGIO;1;0;0;2200.0;2026-05-18
MOSKITO D'AURCY;1;0;0;2875.0;2026-05-19
MAMBO DE L'AUMOY;2;0;0;5600.0;2026-06-20
MONSEIGNEUR MADRIK;3;0;0;8275.0;2026-07-15
LOVE ME DE MALIGUE;2;0;0;5525.0;2026-08-08
NIIHAU PLACE;3;1;0;8300.0;2026-07-28
NATH LOVE;1;0;0;2875.0;2026-05-19
NICE CAILLERIE;1;0;0;2875.0;2026-05-19
NIKITA DU PONT;2;1;0;5025.0;2026-06-23
NOLSENNE DU GANEP;2;0;0;5075.0;2026-06-09
KISS ME DU THENNEY;2;1;0;5550.0;2026-07-16
LUCKY FIX;3;0;0;8300.0;2026-08-04
LET'S GO MAURICIEN;4;0;0;11250.0;2026-07-24
MARIO MASCAR;2;0;0;5650.0;2026-06-01
IANIKA DANCE;1;0;0;2700.0;2026-05-19
I AM A DREAM GAR;1;0;0;2700.0;2026-05-19
RANOMI DI QUATTRO;1;0;0;2700.0;2026-05-19
NEBULEUSE FLIGNY;1;0;0;2700.0;2026-05-19
ITSELF KRONOS;2;0;0;5400.0;2026-06-05
IL EST LA FIX;1;0;0;2100.0;2026-05-19
NERIC DAIRPET;2;0;0;5250.0;2026-06-20
NOTHING COMPARES;3;0;0;7775.0;2026-06-23
LOOK DU PARCQ;2;0;0;5450.0;2026-06-19
MAJOR DE TIMM;5;1;0;12450.0;2026-06-27
MINK BOKO;5;1;0;14125.0;2026-08-10
NAIL'EM;2;0;0;5425.0;2026-05-29
MICHIGAN BRO;5;0;0;13325.0;2026-07-29
LINCOLN ABE BOKO;1;0;0;2825.0;2026-05-20
JUDGE D.;2;0;0;5425.0;2026-05-29
JOYCE MESS;2;0;0;5000.0;2026-06-07
NINA ERA;6;1;0;15575.0;2026-08-12
MAX D'OLMEN;4;2;0;9200.0;2026-08-10
MIRABILIS VRIE;5;0;0;12925.0;2026-07-28
MACHA DE CAHOT;7;1;0;18475.0;2026-08-13
NIJNI NOVGOROD TEK;2;0;0;5650.0;2026-06-19
NICE FLASH SEMILLY;3;1;0;8125.0;2026-08-11
NOVA ISTORIA CHOC;4;0;0;10750.0;2026-07-18
MUSTANG VENESI;5;1;0;12000.0;2026-08-01
MAGNUS ROMO;4;0;0;10625.0;2026-08-09
MARQUISE D'YVEL;2;0;0;5550.0;2026-07-15
LE VOILA SAUTONNE;1;0;0;2850.0;2026-05-21
LEGENDE D'AMOUR;2;0;0;5725.0;2026-06-09
HOLLYWOOD DU BOIS;2;0;0;5950.0;2026-07-19
MULBERRY (SWE);3;0;0;8250.0;2026-06-19
FIFTYFOUR;3;0;0;8400.0;2026-06-21
JIMINY CRICKET;3;0;0;8750.0;2026-08-08
IMELDA;2;0;0;5800.0;2026-08-09
MANASLU;6;1;0;16175.0;2026-08-14
FAWAZ MIL;2;1;0;4800.0;2026-05-29
NEIGE DES VENTS;3;0;0;7125.0;2026-07-13
NIGHT BUTTERFLY;1;0;0;2700.0;2026-05-22
NUAGE D'ERABLE;2;0;0;5475.0;2026-06-02
NE M'ATTENDS PAS;1;0;0;2700.0;2026-05-22
NEW STAR BECO;1;0;0;2700.0;2026-05-22
MOON ROCQ PIERJI;4;1;0;10875.0;2026-08-03
MALIN DU LUPIN;4;1;0;10600.0;2026-08-03
MAJANO;2;0;0;5375.0;2026-06-02
LINCOLN MAKS;4;0;0;10925.0;2026-07-23
LALIK;1;1;0;2700.0;2026-05-22
KIMIKO DU DOUBS;4;0;0;11100.0;2026-07-23
JULIUS DU THEIL;1;0;0;2725.0;2026-05-22
KOUIDITCH D'ABOMEY;3;1;0;8175.0;2026-08-03
KAISER RIVER;5;1;0;12550.0;2026-08-14
KING MAJANO;1;0;0;2850.0;2026-05-22
NAMOUR DU COGLAIS;3;0;0;8650.0;2026-07-09
NET DU MOUCHEL;6;0;0;16475.0;2026-08-15
NOLDWIN DE GUEZ;5;0;0;14075.0;2026-08-11
NANO BOY;1;0;0;2850.0;2026-05-22
NAPO LE CORSE;1;0;0;2850.0;2026-05-22
NARRATEUR FLEURY;2;0;0;5000.0;2026-06-27
NEVERMIND ORADEL;1;0;0;2850.0;2026-05-22
NEW SPIRIT;5;0;0;12650.0;2026-07-28
NIKON DU BOUILLON;2;0;0;5550.0;2026-07-04
NAVALNY DES GLENAN;1;0;0;2850.0;2026-05-22
NINA DE SASSY;5;1;0;13950.0;2026-08-05
NOTRE EXCELLENCE;1;0;0;2850.0;2026-05-22
NUBIA;3;0;0;8450.0;2026-06-14
NIGELLE D'AVEL;3;1;0;8600.0;2026-07-25
NAKUPENDA FIVE;2;0;0;5575.0;2026-07-02
NELEA MIP;2;1;0;5125.0;2026-06-22
IL TROTTE JARL;1;0;0;2850.0;2026-05-22
GETEHI DU NOYER;3;0;0;7750.0;2026-07-10
IGGYPOP D'HERFRAIE;2;0;0;5600.0;2026-07-31
MY BOY D'ANJOU;2;1;0;5575.0;2026-07-23
MAX DHELPA;1;0;0;2850.0;2026-05-22
MORICCONE DAIRPET;4;0;0;11175.0;2026-08-11
MISTRAL DE LA LEUE;1;0;0;2850.0;2026-05-22
MEYEURTO POINSTART;1;0;0;2850.0;2026-05-22
JOVIALE GEMA;1;0;0;2850.0;2026-05-22
HAROLD BUROIS;3;0;0;7575.0;2026-07-14
INVASION D'OEILLET;2;0;0;5650.0;2026-06-04
NATACHA DE CHENU;1;0;0;2875.0;2026-05-23
LITTLE ITALY;3;0;0;7725.0;2026-08-12
JALNA D'HERIPRE;1;0;0;2550.0;2026-05-23
JOBBY DES PLEIGNES;2;0;0;5100.0;2026-06-01
JAWS DOTHRAK;1;0;0;2550.0;2026-05-23
IEUSSEC EXPRESS;2;0;0;5125.0;2026-06-20
IDEE FIXE BREIZH;2;0;0;5125.0;2026-06-20
JEANBLANC DUEM;2;0;0;5025.0;2026-06-17
FASTER WIC;2;0;0;4975.0;2026-06-20
LEAVING NEW YORK;2;1;0;5550.0;2026-05-30
LAZZARO DES NOES;1;0;0;2550.0;2026-05-23
LOUKOUM DE L'ITON;3;1;0;7825.0;2026-06-13
LILI;3;0;0;7400.0;2026-08-03
LAZZARO ELLIS;2;1;0;4950.0;2026-07-13
ISMIR DE L'ORMERIE;3;1;0;8050.0;2026-07-07
HETRE DU JOUR;3;0;0;6600.0;2026-07-18
KALYPSO DE THIERRE;3;1;0;8100.0;2026-08-05
HICONE DOREE;2;0;0;5075.0;2026-07-02
IDEO DE REP;2;0;0;5100.0;2026-06-27
KALINKA DU HOME;2;0;0;5225.0;2026-06-08
IDOLE DU MONCEL;3;0;0;8100.0;2026-07-09
JURILOVCA;5;3;0;11750.0;2026-08-07
LUCRECE DU BELLAY;2;0;0;4550.0;2026-06-04
NAIADE LEMAN;1;0;0;2400.0;2026-05-23
NAJA LA FRIPOUILLE;4;0;0;10100.0;2026-07-30
NEBRASKA MELOC;3;0;0;6800.0;2026-07-21
NEWTON DES BAUX;3;0;0;7150.0;2026-06-14
NINA DES AUGERIES;3;0;0;6950.0;2026-07-05
NESTOR CLOSBUIS;2;0;0;5350.0;2026-08-11
NECKER DU PERCHE;1;0;0;2400.0;2026-05-23
MEDICIS DU BOCAGE;1;0;0;2400.0;2026-05-23
MISTER D'OCQUE;1;0;0;2400.0;2026-05-23
NELEAZAR DE GUEZ;2;0;0;5250.0;2026-06-07
NEMO DE LARRE;3;0;0;8100.0;2026-07-12
NEW HAUFOR;2;1;0;5825.0;2026-07-28
NECTAR TRANSEEN;3;0;0;8625.0;2026-06-11
NEO MAGALOU;1;0;0;2950.0;2026-05-23
NOLAN DE PERVENCHE;2;0;0;5900.0;2026-08-11
NEGAN LOCO;3;0;0;8450.0;2026-07-18
NIDOR DE SUBLIGNY;1;0;0;2950.0;2026-05-23
NECTAR DES FUTAIES;1;0;0;2950.0;2026-05-23
NOBODY DU NOYER;4;0;0;11275.0;2026-07-15
NOLIMIT DE CAHOT;1;0;0;2950.0;2026-05-23
NACRE DE LA CHAULE;1;0;0;2950.0;2026-05-23
NAHITA DE GUEZ;2;0;0;5900.0;2026-06-15
NICE HAUFOR;1;1;0;2950.0;2026-05-23
NINA DU CHATELET;1;0;0;2950.0;2026-05-23
NIKA DU FERS;4;0;0;11475.0;2026-08-11
NOTRE SEVEN;4;0;0;11500.0;2026-07-14
MUSTANG HAUFOR;4;0;0;10825.0;2026-08-07
MIGNON DE LASTELLE;4;0;0;10050.0;2026-07-18
MORIA DE CAREL;2;0;0;5550.0;2026-06-06
MOZART NICE MUSIC;2;0;0;5550.0;2026-06-06
MARIANE SNOB;3;1;0;8500.0;2026-06-28
MOJITO D'AXEL;5;0;0;14000.0;2026-07-27
MATCHLESS SPEED;2;0;0;5800.0;2026-07-09
MIDNIGHT ATALANTE;1;0;0;2850.0;2026-05-23
MISS DES ROCHERS;2;0;0;5800.0;2026-08-15
LONA DE CHAP;4;0;0;11425.0;2026-08-15
LUPIN LA GARETTE;2;0;0;5950.0;2026-06-22
LYCOS CARISAIE;1;0;0;2950.0;2026-05-23
LIBERTE CITY;3;0;0;8900.0;2026-06-22
LUNIDOLE;3;0;0;8400.0;2026-07-07
LA BELLA PURPLE;2;0;0;5575.0;2026-06-24
LARA MAKS;3;0;0;7434.0;2026-08-08
JACKPOT DE JUMILLY;4;1;0;10525.0;2026-07-26
JUMBO DE LUNESE;1;0;0;2850.0;2026-05-23
JOUEUR DU LUPIN;4;0;0;11200.0;2026-08-13
JEDEO DES VAUX;1;0;0;2850.0;2026-05-23
JAVA DE FOLIOT;3;0;0;7800.0;2026-08-14
KRISTINA;1;1;0;2850.0;2026-05-23
KAKAO DECAST;1;0;0;2850.0;2026-05-23
JOLIE BOES;1;0;0;2850.0;2026-05-23
NIKITA POP;1;0;0;2950.0;2026-05-24
NOBILIARY STAR;1;0;0;2950.0;2026-05-24
MYTHE D'ERABLE;5;0;0;12800.0;2026-07-28
MY WAY D'ALB;2;0;0;5675.0;2026-07-18
MISS SOLAU;1;0;0;2950.0;2026-05-24
MARGOT PAROYO;4;0;0;11350.0;2026-07-28
LEONARD DE VINCI;4;1;0;11300.0;2026-08-07
JALTA DE TILLARD;1;0;0;2950.0;2026-05-24
JOY BRETONNIERE;3;0;0;8450.0;2026-08-13
KAVALE DU CHATELET;5;0;0;13950.0;2026-08-04
KANTA EMJI;4;0;0;10700.0;2026-08-04
JADE DES BRUYERES;1;0;0;2950.0;2026-05-24
JOKER DU LEVANT;1;0;0;2950.0;2026-05-24
INVISIBLE D'ISI;2;0;0;5725.0;2026-07-11
ISMAIL DU PRE;2;0;0;5725.0;2026-06-27
JACKSON BOY;2;1;0;5750.0;2026-06-04
JAGUAR D'OBRET;1;0;0;2950.0;2026-05-24
NOCTURNE JUKE;3;0;0;7750.0;2026-06-19
NUIT DE FOLIE;5;1;0;11800.0;2026-08-03
NAOMI D'HUIN;2;0;0;5150.0;2026-06-27
NEW EPATANTE;4;2;0;11225.0;2026-07-26
NIGHT FASHION;2;1;0;5200.0;2026-06-10
NON STOP QUICK;1;0;0;2750.0;2026-05-24
NORMAND D'AMOUR;3;0;0;8150.0;2026-06-14
NEWTON DANICA;2;0;0;5150.0;2026-06-27
NYRO D'ERPION;3;0;0;8200.0;2026-07-07
NIN DES BOSC;3;1;0;7700.0;2026-08-03
METEORE DE JOUDES;2;1;0;5450.0;2026-06-27
MAXELL MAD;1;0;0;2750.0;2026-05-24
MYSTIC D'YVEL;3;3;0;8475.0;2026-07-16
MISS DE JAFRAN;2;0;0;5600.0;2026-08-05
MERCEDES ROYALE;1;0;0;2750.0;2026-05-24
MISS YOU MIJACK;2;0;0;5450.0;2026-06-27
JAMSHIR;2;0;0;4525.0;2026-06-07
JEROM BUTTERFLY;2;0;0;4200.0;2026-07-18
JULIA DOCTOR;8;3;0;19175.0;2026-08-13
KALIBRE;1;0;0;2750.0;2026-05-24
KANDIE D'ARDENNES;1;0;0;2750.0;2026-05-24
JAZZMAN SYGA;1;0;0;2750.0;2026-05-24
JAVA DE LIGNY;1;0;0;2400.0;2026-05-24
JOYEUSE D'ATOUT;2;0;0;5200.0;2026-07-14
JUMPER STAR;1;0;0;2400.0;2026-05-24
MIMI DE L'ENCLOS;2;0;0;4600.0;2026-08-02
MARQUISE DURABUTIN;2;0;0;5200.0;2026-06-09
MISS YOU D'AUT;2;0;0;5300.0;2026-08-08
MILA DE JYR;1;0;0;2600.0;2026-05-24
MASTER JACK;3;0;0;8375.0;2026-08-12
MACK DES CHARMES;1;0;0;2600.0;2026-05-24
NEMO PONT VAUTIER;3;0;0;7650.0;2026-06-20
NEAL DE TROUVILLE;6;1;0;15825.0;2026-08-11
MIRAGE D'ARDENNES;1;0;0;2550.0;2026-05-25
KISS PAULCA;1;0;0;2550.0;2026-05-25
KINDER DANOVER;2;0;0;5450.0;2026-06-08
KOCARDE;3;1;0;7059.0;2026-07-01
KOOKY DE TROUVILLE;2;0;0;5325.0;2026-06-21
INFERNAL SPIRIT;5;0;0;13700.0;2026-08-09
HASHTAG DUB'S;2;0;0;5500.0;2026-06-30
IPIKO;2;0;0;5400.0;2026-08-06
JARFALLA QUICK;4;0;0;9384.0;2026-06-23
NAPHIL MIJACK;3;0;0;8100.0;2026-08-07
NOMADE VRIE;1;0;0;2675.0;2026-05-25
KRILLE DU BOUILLON;2;0;0;5350.0;2026-07-16
KELMONDO BOY;3;0;0;7800.0;2026-06-28
LADY EVER;3;0;0;7525.0;2026-07-29
JADE DE TOUCHYVON;1;0;0;2675.0;2026-05-25
KERIDO D'ALOUETTE;2;0;0;5475.0;2026-06-23
JUST WINNER ROC;2;0;0;5425.0;2026-07-28
KUSAERI;4;0;0;10625.0;2026-08-14
JOUR D'ERABLE;2;0;0;4975.0;2026-08-07
MAESTRO BREKKA;4;0;0;11050.0;2026-08-11
KALINE STED;1;0;0;2700.0;2026-05-25
INA MELODY;1;0;0;2700.0;2026-05-25
IGOR THEPOL;3;0;0;8025.0;2026-07-12
KISS ME BABY;1;0;0;2700.0;2026-05-25
IRISH PARKER;1;0;0;2700.0;2026-05-25
JAM DE FOURCADE;1;1;0;2700.0;2026-05-25
NICKEL DE BAILLE;3;0;0;5934.0;2026-08-14
HASUR DAIRPET;2;0;0;5725.0;2026-06-25
LOVIOU JOSSELYN;1;0;0;2200.0;2026-05-27
LEOPARD DE LARRE;2;0;0;5100.0;2026-07-13
NOCTAMBULE PIYA;2;0;0;4350.0;2026-07-26
NAPRIUS;1;0;0;2200.0;2026-05-27
MAURITANIE;4;0;0;10150.0;2026-07-15
MAVERICK ELLIS;3;0;0;7500.0;2026-08-01
JEREMY D'AS;3;1;0;7750.0;2026-08-01
HOUSTON PEJI;5;1;0;13750.0;2026-08-02
NIGHT QUEEN;1;0;0;2875.0;2026-05-28
NOUSHANA;3;0;0;7800.0;2026-07-13
NIKITA DE BEAUM;3;0;0;8675.0;2026-07-25
NOVA ODESSA HAUFOR;1;0;0;2875.0;2026-05-28
NIKITA JAMES;1;0;0;2875.0;2026-05-28
NORTH RIM;3;0;0;7375.0;2026-06-22
NABUCCO JOSSELYN;3;0;0;8625.0;2026-06-18
NOMADE BOY;1;0;0;2875.0;2026-05-28
MANHATTAN CERA;3;0;0;8500.0;2026-07-16
MAESTRO DES SARTS;6;0;0;16475.0;2026-08-10
INDIAN PARK;3;0;0;8675.0;2026-07-10
KELLY GEDE;3;1;0;8725.0;2026-08-10
KYOKA BOCNEUF;3;0;0;8625.0;2026-08-14
LIGHTNING ARCTIC;3;0;0;8475.0;2026-07-15
INGALLS;3;0;0;8200.0;2026-07-26
LADY GODIVA;3;0;0;7900.0;2026-07-14
LEWIS GALAA;1;0;0;2150.0;2026-05-28
LESTER DU CHERISAY;3;1;0;7425.0;2026-06-29
LOVELY ONE;3;0;0;7175.0;2026-08-07
LIPTON DE CLERCE;3;0;0;6709.0;2026-07-04
NANATOSSA;2;0;0;4475.0;2026-06-22
NATALIE WOOD;1;0;0;2200.0;2026-05-28
NIKITA KYDE;2;0;0;5150.0;2026-06-15
NOUBA DE PADD;1;1;0;2200.0;2026-05-28
NOUNE D'ECHAL;3;1;0;7100.0;2026-07-24
NYMPHE DE TERRAIL;1;0;0;2200.0;2026-05-28
NAIROBI DE CHENU;4;0;0;11050.0;2026-08-01
NUANCE D'URSIN;2;0;0;5150.0;2026-07-01
NIKKA VET;1;0;0;2200.0;2026-05-28
NAGLEFARE DU PONT;2;1;0;4400.0;2026-06-23
NEMO D'AIMTE;2;0;0;5075.0;2026-07-28
NESTORIUS;1;0;0;2200.0;2026-05-28
NOBODY ELSE CRUZ;4;1;0;9150.0;2026-08-04
NEMO DU DIGEON;2;0;0;5150.0;2026-07-13
NIOKY DE BERTRANGE;1;0;0;2200.0;2026-05-28
NOBLE DE TESSEL;4;0;0;10300.0;2026-08-01
NIAGARA DE MARZY;4;0;0;10200.0;2026-08-01
NABAB DE CHENU;2;1;0;5150.0;2026-06-18
NODSON D'ECHAL;2;1;0;4350.0;2026-08-15
NOBLE D'ARDENNES;1;0;0;2200.0;2026-05-28
MA REINE;1;0;0;2150.0;2026-05-28
MISTRAL D'ASNOIS;1;0;0;2150.0;2026-05-28
MANU DU GASSEL;1;0;0;2150.0;2026-05-28
MAKING TIME;2;0;0;4175.0;2026-07-28
I CAN WIN GARDENIA;1;0;0;2700.0;2026-05-29
ITALIANO DI PAO;3;0;0;7875.0;2026-07-25
ISIS DE LA FERME;5;1;0;14250.0;2026-08-02
IDOLE ELDE;3;2;0;7950.0;2026-07-25
JAPLOO DE CAMBRI;1;0;0;2600.0;2026-05-29
JIGSAW D'AMOUR;1;0;0;2600.0;2026-05-29
NEVADA DARBY;4;1;0;11025.0;2026-08-10
MYSTIC LEGEND;3;0;0;7800.0;2026-07-18
MISTER MEDLEY;1;0;0;2600.0;2026-05-29
MISTRAL DES LUCAS;2;0;0;5450.0;2026-07-23
LUSSAC DE VANDEL;1;0;0;2600.0;2026-05-29
LUKA MODRIC;2;0;0;5325.0;2026-07-10
COSTELLO O.E.;2;0;0;5475.0;2026-06-27
NEBELINE LEMAN;4;0;0;8850.0;2026-07-23
NOSTRA COSA;3;1;0;7225.0;2026-07-18
MAMBA SOMOLLI;5;0;0;11850.0;2026-08-11
MERRY DAY;5;0;0;11800.0;2026-08-11
KANSAS DU RIB;3;0;0;8025.0;2026-07-20
KINGSTON DU DOME;3;0;0;7900.0;2026-07-10
MILLESIME ROC;2;0;0;4925.0;2026-07-02
KITY DE LA MORTRIE;3;1;0;6950.0;2026-06-22
KISS ME BEJI;3;0;0;7600.0;2026-08-11
KATSUMOTO;4;0;0;10250.0;2026-08-10
ILOHA JIHAIME;1;0;0;2050.0;2026-05-30
LUCKY SIBEY;1;0;0;2625.0;2026-05-30
MA FANTASY D'AMOUR;2;0;0;5200.0;2026-06-20
JINNOVE DAB;1;0;0;2575.0;2026-05-30
JEZABEL DE LORGERE;2;0;0;5575.0;2026-06-03
IBELIA DU LOISIR;1;0;0;2575.0;2026-05-30
NESSOS DE CANI;1;0;0;3000.0;2026-05-30
NO LIMIT BOND;2;2;0;5850.0;2026-07-12
NORREY;4;0;0;11150.0;2026-08-12
JET DU CAIEU;4;0;0;11450.0;2026-07-21
JEREZ;7;0;0;19075.0;2026-08-15
KEOPS DU RIL;3;1;0;8500.0;2026-08-12
KUZCO DE CANI;3;0;0;8550.0;2026-08-02
KARLIE STAR;2;1;0;5225.0;2026-07-27
KICK UP GEDE;2;0;0;5525.0;2026-07-05
KILLER DES CHAMPS;3;0;0;8200.0;2026-08-08
NAZARIO DRY;1;0;0;2700.0;2026-05-30
NIKITA TENSAU;3;1;0;8000.0;2026-07-16
NOUGAT JOLI;2;0;0;5400.0;2026-06-20
NUIT DU PERCHE;3;0;0;8550.0;2026-07-19
NAYA DU SOUND;1;0;0;2700.0;2026-05-30
NEW BABY BOY;1;0;0;2700.0;2026-05-30
MADOR;1;0;0;2700.0;2026-05-30
MISS PLEIN CHENE;1;0;0;2700.0;2026-05-30
MERCURE;2;0;0;5400.0;2026-06-27
MUST GO FAST;2;0;0;4750.0;2026-08-07
MIX BOOST AND WIN;2;0;0;5325.0;2026-06-24
MAXIMUS MATIDY;2;0;0;5400.0;2026-07-30
MAXIMUS DU DOME;2;0;0;5550.0;2026-07-23
JAG KADESH;1;0;0;2700.0;2026-05-30
HANUGAN;2;0;0;5300.0;2026-06-30
LA VITA VEETA;5;0;0;13600.0;2026-08-08
LADY DE RICO;3;0;0;8150.0;2026-08-04
LEXIA;3;0;0;8200.0;2026-08-04
LOWE DU BOUILLON;6;0;0;16375.0;2026-07-21
JEWEL D'AUCHY;2;0;0;5550.0;2026-07-05
JARA DES ERABLAIS;1;0;0;2700.0;2026-05-30
INZAGHY;2;0;0;5550.0;2026-07-05
HAPPY;1;0;0;2700.0;2026-05-30
HOMMAGE DU TRIO;2;0;0;5550.0;2026-07-05
NICE BLACK;1;0;0;2300.0;2026-05-31
NIEBLA;6;0;0;14125.0;2026-08-08
NAGUERE TURGOT;1;1;0;2300.0;2026-05-31
NUIT DE STAR;4;0;0;10625.0;2026-07-23
LANGONE;3;0;0;8200.0;2026-07-15
LILI DU CHERISAY;2;0;0;5325.0;2026-07-12
KRAC AU VENT;1;0;0;2825.0;2026-05-31
HEROS DE BANVILLE;3;0;0;8350.0;2026-06-17
KATUDI;4;0;0;11075.0;2026-07-29
KAYA KYDE;4;0;0;10400.0;2026-06-30
KAZEG TALVA;2;0;0;5350.0;2026-06-18
KATTEGAT CITY;1;0;0;2550.0;2026-05-31
IDOLE DE NAVARY;4;0;0;10575.0;2026-07-30
IRON SPIRIT;4;0;0;11025.0;2026-07-28
NEVER CRY;4;0;0;10000.0;2026-07-20
NANOUCHETTE;2;0;0;5450.0;2026-06-11
NURLAN;2;0;0;4700.0;2026-08-12
NOBELL DALLAUCH;4;0;0;9800.0;2026-08-12
NANS DE FLEUR;3;1;0;8125.0;2026-07-07
KELLY BAROQUE;1;0;0;2950.0;2026-06-01
NAMOUR DE LA MOIRE;3;0;0;7100.0;2026-07-04
JUST FOR FUN;4;0;0;10450.0;2026-08-07
IVRE DE TOI;5;0;0;15225.0;2026-08-08
GOOD GIRL MARCEAUX;1;0;0;3525.0;2026-06-01
KADO SURPRISE;2;0;0;5850.0;2026-08-05
INSOMNIA ERCA;3;0;0;8425.0;2026-07-02
KARINE DU DOLLAR;1;0;0;3000.0;2026-06-01
JALNA DES HAYES;3;0;0;8600.0;2026-07-13
KAMIKAZE DRY;4;2;0;11225.0;2026-08-13
MALLAURY D'AVEL;1;0;0;3000.0;2026-06-01
MUST D'HERMES;1;0;0;3000.0;2026-06-01
L'IDOLE DRY;6;1;0;16700.0;2026-08-13
LADY MASTER;4;1;0;11550.0;2026-08-13
LAPEROUSE;2;0;0;5825.0;2026-06-17
NEPTUNE DE SMARVES;2;1;0;4275.0;2026-08-09
NEO CLASSIQUE;3;0;0;7925.0;2026-07-24
NIGLOU DU PERIGORD;1;0;0;2550.0;2026-06-01
NIKITA DES MONTS;1;0;0;2550.0;2026-06-01
NOBEL DE FAEL;5;0;0;12975.0;2026-08-01
LAST ACTION;1;0;0;2550.0;2026-06-01
LUTECE DES RACQUES;1;0;0;2550.0;2026-06-01
LORINEA CUT;2;0;0;5275.0;2026-06-13
MAGIC KRONOS;1;0;0;2400.0;2026-06-01
MAJESTIC D'AVE;1;0;0;2400.0;2026-06-01
MORBIHAN BREIZH;1;0;0;2400.0;2026-06-01
MISTRAL D'AMOUR;1;0;0;2400.0;2026-06-01
MAJESTE DES PRES;1;0;0;2400.0;2026-06-01
MYMY POPE;1;0;0;2400.0;2026-06-01
MONSEIGNEUR GYN;1;0;0;2550.0;2026-06-01
MEMORIES PRINCESS;1;0;0;2550.0;2026-06-01
MY MILLION GAGOU;4;0;0;10900.0;2026-08-12
MISTER DIABLO;1;0;0;2550.0;2026-06-01
MARENGO ATALANTE;1;0;0;2550.0;2026-06-01
MISS SAGACY;1;1;0;2550.0;2026-06-01
HEQUILEO JIEL;1;0;0;2400.0;2026-06-01
KARMELO JONES;1;0;0;2550.0;2026-06-01
JOYAU DE REM;2;0;0;5175.0;2026-06-17
KENZO DE CAZOULENE;1;0;0;2400.0;2026-06-01
LUTIN DE LA FYE;1;0;0;2700.0;2026-06-01
LARGO SOMOLLI;6;0;0;16075.0;2026-07-29
LONGING VENESI;7;0;0;17075.0;2026-08-15
LONELY RIDER;4;0;0;10300.0;2026-08-15
MARANELLO PAT;2;0;0;5500.0;2026-06-10
MOLITOR FLIGNY;1;0;0;2700.0;2026-06-01
MAX DU MOUTHIEUX;1;0;0;2700.0;2026-06-01
MIGUEL DE LUNE;1;0;0;2700.0;2026-06-01
MILLIONE SACHIN;1;0;0;2700.0;2026-06-01
MAGICVEGA;1;0;0;2700.0;2026-06-01
MY FAVORITE THINGS;2;1;0;4850.0;2026-08-10
MARGOT DU HOULET;2;0;0;5200.0;2026-06-20
MANTA BUISSONAY;3;0;0;8225.0;2026-07-30
MAGIE D'ERABLE;2;0;0;5500.0;2026-07-14
MALINEJETTE;1;0;0;2700.0;2026-06-01
MARSANNE;3;1;0;8100.0;2026-06-27
HEAVEN D'ECAJEUL;5;0;0;12950.0;2026-08-12
LATINA DE TILOU;2;0;0;5100.0;2026-06-11
IMARA DU NORD;1;0;0;2825.0;2026-06-01
FIER D'ARS;1;0;0;2825.0;2026-06-01
NEW TOONS;3;0;0;7425.0;2026-07-12
NEW LOOK MESLOIS;3;0;0;7750.0;2026-07-12
NOUREYEV;1;0;0;2775.0;2026-06-02
NOBLE DU BOIS;2;1;0;4975.0;2026-06-22
NERLY D'OURVILLE;1;0;0;2775.0;2026-06-02
MOIETOI DE HOUELLE;1;0;0;2650.0;2026-06-02
KENJY LUCAXELO;3;0;0;7975.0;2026-07-15
KENZO A TROIS;3;1;0;7975.0;2026-07-29
LATINO FLIGNY;2;0;0;5450.0;2026-06-09
HIPPY DE LA COUDRE;4;0;0;10975.0;2026-08-03
NYX DE LA HAIE;1;0;0;2175.0;2026-06-02
FRENCH CONNECTION;1;0;0;2850.0;2026-06-02
PRESLEY BOKO;2;0;0;5725.0;2026-06-26
LEADER WOOD;1;0;0;2850.0;2026-06-02
GIFT GIO;2;0;0;5725.0;2026-06-26
LUNIK DU CHOQUEL;4;2;0;10700.0;2026-08-12
LE JIBAY;3;0;0;7000.0;2026-08-14
IMAGINE GIRL;4;2;0;11525.0;2026-08-05
HIPPO DE POMMERAYE;1;0;0;2850.0;2026-06-03
JOCONDE DE RHEVE;2;1;0;5850.0;2026-06-22
NINIO DU LOISIR;1;0;0;2850.0;2026-06-03
MAESTRO MUSIC;2;0;0;5625.0;2026-06-27
MAXOU DES IFS;3;0;0;7700.0;2026-06-29
MIMI D'AUTHISE;1;0;0;2850.0;2026-06-03
JACINTHE DES ULMES;3;0;0;7800.0;2026-07-21
KALINE DE VIVOIN;3;1;0;8400.0;2026-06-19
KATAR;1;0;0;2850.0;2026-06-03
LIGHTNING RIVER;3;0;0;8350.0;2026-08-15
KYOHA;3;0;0;8025.0;2026-07-18
KEPI DES MONTS;2;0;0;5650.0;2026-06-13
IZARA DE VIETTE;4;0;0;10775.0;2026-08-13
MERALAIMPER;4;0;0;11000.0;2026-07-19
MAGALI DU CHERISAY;7;0;0;20325.0;2026-08-05
MIGNONNE DE PLAY;6;0;0;16275.0;2026-08-12
MISS LUDOISE;4;0;0;10600.0;2026-08-04
MONSIEUR DE VORE;2;0;0;5650.0;2026-06-11
LA LAGUNE;1;0;0;2800.0;2026-06-04
LOUISIANE GES;1;0;0;2800.0;2026-06-04
LADY DE LA VALLEE;1;0;0;2800.0;2026-06-04
JELLA DE LA NOEMIE;3;0;0;8225.0;2026-07-24
JUNKY DE CHENU;2;0;0;5575.0;2026-07-15
HABIE JULINO;1;0;0;2800.0;2026-06-04
IMMIX PONT VAUTIER;2;0;0;4950.0;2026-07-26
HEVA MALEX;1;0;0;2800.0;2026-06-04
KADOR DU MONT;1;0;0;2800.0;2026-06-04
KEDEA DE GINAI;1;0;0;2800.0;2026-06-04
JET NONANTAIS;1;0;0;2800.0;2026-06-04
JAZZ SESSION;3;0;0;7625.0;2026-07-15
HALFAN SPEED;1;0;0;2800.0;2026-06-04
FRINGANT PACHA;1;0;0;2150.0;2026-06-04
HAZARDOUS GAME;1;0;0;2150.0;2026-06-04
IPATINGA;2;0;0;5050.0;2026-07-10
LIANA PIERJI;2;0;0;4850.0;2026-07-04
LA PETITE MANON;2;0;0;4875.0;2026-08-06
HERMINE SIBEY;2;0;0;4850.0;2026-06-20
HARRY KNOWS;1;0;0;2150.0;2026-06-04
LOWENDAL;1;0;0;2150.0;2026-06-04
NAPOLIA DU BOCAGE;1;0;0;2150.0;2026-06-04
MICHKA;4;0;0;9800.0;2026-08-05
MASERATI GHIBLI;6;0;0;14925.0;2026-08-10
MANZANA DU PREY;4;0;0;9550.0;2026-08-08
IDEAL DANCER;5;0;0;12800.0;2026-08-08
MATA HARI;1;0;0;2850.0;2026-06-05
GIANNA (ITY);2;0;0;5725.0;2026-06-26
PASCHA VITANOVA;1;0;0;2850.0;2026-06-05
GLOBAL HOPE;1;0;0;2700.0;2026-06-05
UNTOUCHABLE DARBY;1;0;0;2700.0;2026-06-05
ICEBERG BI;4;0;0;9334.0;2026-08-01
NECTAR DE LA FYE;1;0;0;2700.0;2026-06-05
LEGENDE DE MAI;1;0;0;2950.0;2026-06-05
LUNA DE NARMONT;1;0;0;2950.0;2026-06-05
NICOTINE D'ELLE;1;0;0;2150.0;2026-06-05
LYCOS D'OSMOZ;1;0;0;2950.0;2026-06-05
LOYAL FRIEND;1;0;0;2950.0;2026-06-05
KWINIE JIHAIME;2;0;0;4725.0;2026-06-20
KRIS ROC;1;0;0;2150.0;2026-06-05
JUST A MIDI;5;0;0;14275.0;2026-07-29
MOELAND;6;0;0;15375.0;2026-08-02
MON COEUR;1;0;0;2650.0;2026-06-05
MOON DU NOYER;4;1;0;10500.0;2026-08-09
MOOVE ON JULRY;2;0;0;4650.0;2026-08-02
MANGOUSTANE;5;0;0;12450.0;2026-08-12
MARVIN DES MARTELS;3;0;0;7725.0;2026-08-07
MARCO POLO;3;0;0;8200.0;2026-07-26
MAGIC OHEM;6;0;0;16100.0;2026-07-31
MA BICHETTE;3;0;0;7450.0;2026-07-21
ILLICO DE LOU;1;0;0;2650.0;2026-06-05
JASMINE WINNER;3;0;0;7925.0;2026-08-01
JERELDA;5;0;0;12875.0;2026-08-07
JOIE DU GUELIER;3;0;0;7650.0;2026-07-25
LUNGA DES BROUSSES;5;0;0;12375.0;2026-08-12
CONDOR PASA GAR;1;0;0;2700.0;2026-06-06
MELODY DE VIVOIN;1;0;0;2700.0;2026-06-06
LOU DE BEAULAC;3;0;0;8275.0;2026-08-07
LAFITE VRIE;3;1;0;8125.0;2026-07-30
LICENCE CASTELETS;5;2;0;13325.0;2026-08-13
LOLLY MACKER;2;0;0;5150.0;2026-06-15
MIL'S DE BAILLE;2;1;0;5425.0;2026-07-30
MONROI DU GERS;3;0;0;8100.0;2026-07-04
MAHANA DU CHATELET;3;0;0;8025.0;2026-07-04
MOUVANCE DANICA;4;1;0;11000.0;2026-08-08
MARIEVA DAY;2;0;0;5600.0;2026-07-19
MISTRAL DU RIB;1;0;0;2700.0;2026-06-06
MONJAMA;2;0;0;5400.0;2026-06-20
MUSICIENNE;1;0;0;2700.0;2026-06-06
NAZARINO;2;0;0;5550.0;2026-08-05
NEO DE SOMMAIRE;2;0;0;5300.0;2026-06-30
NEMROD DE L'AUMOY;2;0;0;5425.0;2026-07-15
NAUGHTY BOYWILLIAM;2;0;0;5500.0;2026-06-28
CHARLES OP;1;0;0;2700.0;2026-06-06
KALMIA QUICK;3;0;0;7350.0;2026-08-06
GAMIN DE MAHEY;4;0;0;9875.0;2026-08-08
INSHORE;1;0;0;2700.0;2026-06-06
NUITS PARISIENNES;1;0;0;2700.0;2026-06-06
NIMES;4;0;0;9625.0;2026-08-13
NOBLESSE DU SEMNON;2;0;0;4850.0;2026-06-25
NICKEL DU GOUTIER;5;2;0;13250.0;2026-08-14
NOSTRA STAR;3;0;0;7900.0;2026-07-30
LOVER DREAM;3;0;0;8225.0;2026-08-05
LIBERTY ZEN;1;0;0;2550.0;2026-06-06
INVINCIBLE MAUZUN;2;0;0;5350.0;2026-08-05
MISTERLOVE BLOTAIE;1;0;0;2550.0;2026-06-06
MELODY DJALMATS;3;0;0;7750.0;2026-07-27
MILANO HAUFOR;2;0;0;4750.0;2026-07-13
MISTRAL DUNGY;2;0;0;4650.0;2026-08-13
MAO DU CAMPDOS;2;0;0;4950.0;2026-06-27
MIDNIGHT;1;0;0;2550.0;2026-06-06
MALAGA DU DIGEON;1;0;0;2725.0;2026-06-07
LA RAGNA;1;0;0;2725.0;2026-06-07
LOMBARDIE GIRL;3;0;0;8225.0;2026-08-06
LENNON ELLIS;1;0;0;2725.0;2026-06-07
LIKE DAD;1;0;0;2725.0;2026-06-07
MADE IN MARETTES;4;0;0;11200.0;2026-08-12
JEEP DE DALINE;5;0;0;12825.0;2026-07-28
JOYAU DU GRESSY;3;0;0;8475.0;2026-07-28
JEWEL CASH;2;0;0;5775.0;2026-06-21
J'ADORE CELESTE;6;3;0;16600.0;2026-08-13
JORDANIE GLAM;1;1;0;3000.0;2026-06-07
INTERIM BOY;4;0;0;11675.0;2026-08-11
KASPER FAC;2;0;0;5025.0;2026-08-04
KRONOS MADRIK;4;1;0;10825.0;2026-08-03
KAVALO BELLO;2;1;0;3909.0;2026-06-30
IDEALE D'ABBEVILLE;3;0;0;8800.0;2026-07-18
INDICE D'ARGENT;1;0;0;3000.0;2026-06-07
IBANQUE LEBEL;3;0;0;8150.0;2026-08-07
IMPERIAL MABON;2;0;0;6350.0;2026-07-30
IDEAL BOY;2;0;0;5725.0;2026-07-15
LASSIE DE MALABRY;1;0;0;3000.0;2026-06-07
LANDE D'ACADIE;1;0;0;3000.0;2026-06-07
LA DIVA DU WALLON;1;0;0;3000.0;2026-06-07
LEWIS D'ALEXIANE;3;0;0;8825.0;2026-08-15
LILOU DE GUOZ;1;0;0;3000.0;2026-06-07
MILORD DU CHERISAY;3;0;0;7825.0;2026-08-15
MATELOT KERYANN;1;0;0;2300.0;2026-06-07
MIESKO MAY;1;0;0;2300.0;2026-06-07
MILOTTE DU HOULBET;3;0;0;8000.0;2026-08-11
MACCHIAVELLA;2;0;0;4950.0;2026-07-21
MASINA D'OSCAR;1;0;0;2300.0;2026-06-07
NOUBA RUSH;1;0;0;2300.0;2026-06-07
NORDIC ROCQ;1;0;0;2300.0;2026-06-07
NAUTILUS DES PRES;1;0;0;2300.0;2026-06-07
JAGUAR D'HERMES;4;1;0;9950.0;2026-08-08
JAKADI DE BOUERE;1;0;0;3025.0;2026-06-07
ITALIQUE DU CLOS;1;0;0;3025.0;2026-06-07
NANOVERO;3;0;0;7325.0;2026-07-08
NYALA BILOU;5;1;0;11625.0;2026-08-08
NISKA BILOU;2;0;0;4450.0;2026-06-15
NANCY DIDJEAP;3;0;0;7250.0;2026-08-07
JUMANJI BLEU;1;0;0;2800.0;2026-06-07
JOA DE LA LOUTRIE;1;0;0;2800.0;2026-06-07
JAGUAR BOURBON;1;1;0;2800.0;2026-06-07
L'AS DE SAINT JEAN;3;1;0;8525.0;2026-08-12
LANSELOD LENN;1;0;0;2800.0;2026-06-07
LA BELLE VIE;2;0;0;5750.0;2026-07-09
INDIE FOR MONEY;1;0;0;2825.0;2026-06-07
NAHIA D'HERIPRE;1;0;0;2150.0;2026-06-07
NO LIMITS QUICK;3;2;0;8050.0;2026-06-29
NOBLESSE DES BAUX;1;0;0;2150.0;2026-06-07
NEVELE STAR;1;0;0;2150.0;2026-06-07
NOISETTE D'OCQUE;2;0;0;4550.0;2026-06-27
NIRVANA BOKO;1;0;0;2150.0;2026-06-07
NOBLESSE CHATAULT;1;0;0;2150.0;2026-06-07
NINJA DU POMMEAU;1;0;0;2150.0;2026-06-07
MIRACOLO DU CHENE;1;0;0;2750.0;2026-06-07
KODIAK DU NORD;1;0;0;2825.0;2026-06-07
MINISSIA;1;0;0;2750.0;2026-06-07
MEDUSA;1;0;0;2750.0;2026-06-07
MISS DE VISAIS;1;0;0;2750.0;2026-06-07
MY LADY DE WATOU;1;0;0;2750.0;2026-06-07
MUSE DU NORD;3;1;0;7650.0;2026-08-02
MADE IN NAVARY;1;0;0;2750.0;2026-06-07
JAMES BAY;1;0;0;2800.0;2026-06-07
KALIE DU BLEQUIN;3;0;0;8325.0;2026-08-03
MA PASSION;5;0;0;12125.0;2026-08-11
MOJITO DE LA BUTTE;2;0;0;5050.0;2026-08-04
MUJERIEGO;1;0;0;2400.0;2026-06-08
JOKER D'ENFER;3;0;0;8100.0;2026-06-28
KAMES MERITE;1;0;0;2400.0;2026-06-08
LOLITA DE LA BUTTE;1;0;0;2400.0;2026-06-08
JAGUAR DE GINAI;2;0;0;5650.0;2026-07-28
IMPATIENT DU LUPIN;2;0;0;5675.0;2026-06-21
JERRY DU LOISIR;2;0;0;4800.0;2026-06-22
KALOU D'IROISE;2;0;0;4950.0;2026-07-14
NACRE D'ORIENT;1;0;0;2225.0;2026-06-08
NAIROBI DU DONJON;2;1;0;4375.0;2026-06-23
NICE GIRL BECO;3;0;0;7800.0;2026-07-02
NINA D'AUVILLIER;2;0;0;5175.0;2026-07-13
NOBLETZA SISSI;1;0;0;2225.0;2026-06-08
NOUBA DU DOLLAR;1;0;0;2225.0;2026-06-08
NAYANA ELLIS;1;0;0;2225.0;2026-06-08
NOSTALGIE PIYA;1;0;0;2225.0;2026-06-08
NOUMEA DES ISLES;2;0;0;4225.0;2026-07-05
NAGA JOLOKIA;5;0;0;13100.0;2026-08-11
NAPLES DU CHATELET;1;0;0;2225.0;2026-06-08
NICE GIRL CASTELLE;1;0;0;2225.0;2026-06-08
NO LIMIT KERPETER;1;0;0;2225.0;2026-06-08
NOORDZEE;6;1;0;15200.0;2026-08-04
NOVELISTA;2;0;0;4900.0;2026-07-02
NORA MESLOISE;1;0;0;2225.0;2026-06-08
NAME IS JACK;1;0;0;2225.0;2026-06-08
NAPOLI MARANDAIS;1;0;0;2225.0;2026-06-08
NECTAR DELADOU;3;0;0;7325.0;2026-07-19
NEW LOVE BECO;1;0;0;2225.0;2026-06-08
NIDILLERO;2;0;0;4950.0;2026-07-15
NIL DU BANNEY;1;0;0;2225.0;2026-06-08
NINO MIJO;2;0;0;5075.0;2026-06-19
NOEL D'ERABLE;2;0;0;5175.0;2026-08-11
NOTORIOUS BIG;3;0;0;7250.0;2026-08-10
NELSON DAIRPET;4;1;0;10200.0;2026-07-25
NICO DE L'ECLAIR;1;0;0;2225.0;2026-06-08
NEXT LEVEL;1;0;0;2225.0;2026-06-08
NANOUK GLYCINES;2;0;0;4425.0;2026-06-23
NARCO KNIGHT;2;0;0;5000.0;2026-06-27
NEVER MIND DIDO;1;0;0;2225.0;2026-06-08
NICKEL D'ERONVILLE;1;0;0;2225.0;2026-06-08
NIKIO DES EPINES;2;0;0;4925.0;2026-06-20
NIMOKO STAR;3;0;0;7675.0;2026-08-13
NOBLE DU CORTA;1;0;0;2225.0;2026-06-08
NOGERO;4;1;0;10700.0;2026-08-06
NYZO;2;1;0;4925.0;2026-06-20
NINJA UP STAR;1;0;0;2225.0;2026-06-08
MEC FOR MONEY;2;0;0;5500.0;2026-07-04
MISTER FOUTEAU;1;0;0;2800.0;2026-06-08
MONDIAL;1;0;0;2800.0;2026-06-08
MARIOL DU GOUTIER;1;0;0;2800.0;2026-06-08
MIMI DE VAL;2;0;0;5750.0;2026-06-29
MILLENIUM PEJI;1;0;0;2800.0;2026-06-08
MAGNUM DU QUENNE;1;0;0;2800.0;2026-06-08
MIEL MADRIK;1;0;0;2800.0;2026-06-08
LE HAVRE;3;1;0;8500.0;2026-07-28
LEBARON D'OURVILLE;1;0;0;2800.0;2026-06-08
KORBA DE GODREL;2;1;0;5575.0;2026-07-21
KLIF DU DEZERT;2;0;0;5375.0;2026-06-14
KADENCE DU RENARD;1;0;0;2825.0;2026-06-08
KAPRICCIO;4;0;0;10975.0;2026-08-04
KLEM;1;0;0;2825.0;2026-06-08
KHOUST;2;0;0;5550.0;2026-06-20
JILINO;1;0;0;2825.0;2026-06-08
JACK FLUSH;1;0;0;2825.0;2026-06-08
KETTINA DU CYGNE;3;0;0;8075.0;2026-06-22
NEWTON D'IPEJY;2;0;0;5000.0;2026-06-23
NUAGE D'HERMES;1;0;0;2800.0;2026-06-09
NEW LOOK BOSS;3;0;0;8525.0;2026-07-28
NOW WITH US;1;0;0;2800.0;2026-06-09
MY LADY DESBOIS;1;0;0;2800.0;2026-06-09
MELODIE BECO;3;0;0;7850.0;2026-07-13
MOUFLETTE;2;0;0;5375.0;2026-06-17
MIKTYSON DE VIETTE;1;0;0;2800.0;2026-06-09
LADY AURELIA;2;0;0;5750.0;2026-07-25
LACLOS;1;0;0;2800.0;2026-06-09
LEGO DES BROUETS;1;0;0;2800.0;2026-06-09
LAPONIE D'EMMA;2;0;0;5675.0;2026-06-27
JACK TEJY;2;0;0;5575.0;2026-07-15
NATIE DU POMMEREUX;1;0;0;2100.0;2026-06-09
NEW DOLL NICE;3;0;0;7625.0;2026-07-15
MAGIC CASH QUICK;4;0;0;11150.0;2026-08-10
MAGNUM;3;0;0;7775.0;2026-07-15
NACE GIRL AR;2;0;0;4750.0;2026-07-13
NIRVAGO DE LA COUR;4;1;0;9900.0;2026-08-11
ILLUMINATOR;2;0;0;4800.0;2026-06-13
JOKER D'AMARO;5;2;0;12650.0;2026-08-07
NOBLE WINNER;3;0;0;7750.0;2026-07-26
MYLOVE DES RIVIERE;3;0;0;7550.0;2026-07-17
MISTRAL D'URZY;3;0;0;8450.0;2026-08-07
MONSIGNOR FERM;3;0;0;7400.0;2026-07-10
MERITE JULRY;4;0;0;9300.0;2026-08-09
MISTER CASTELLE;5;0;0;13375.0;2026-07-24
MIAMI SAUTREUIL;3;0;0;8250.0;2026-07-30
MOSAIQUE GEMA;1;0;0;2600.0;2026-06-09
MAUVINETTE;2;0;0;5525.0;2026-08-05
LEO RIVER;1;0;0;2850.0;2026-06-09
LAPSUS;2;0;0;5550.0;2026-08-08
LOOK DES FANES;1;0;0;2850.0;2026-06-09
LORENZO GRIFF;2;0;0;5675.0;2026-06-17
LAREMONTADA DANICA;1;0;0;2850.0;2026-06-09
LYUBOV;2;0;0;5500.0;2026-06-27
JULIUS GRIFF;4;0;0;10150.0;2026-08-04
KAMA HIGHLAND;2;0;0;5300.0;2026-08-04
KIMI DU DOME;2;0;0;5075.0;2026-06-24
MEDOC PIERJI;2;0;0;4875.0;2026-07-15
NEW QUILLE WINNER;2;0;0;5000.0;2026-06-20
NELSON DU CAIEU;2;2;0;5400.0;2026-07-01
MELODIE DU CAIEU;1;0;0;2800.0;2026-06-10
MARQUISE JISCE;2;0;0;5450.0;2026-06-28
MOULAGA;1;0;0;2800.0;2026-06-10
MENEUT GAPTIERE;1;0;0;2800.0;2026-06-10
MILAN PRIMO;2;0;0;5750.0;2026-07-09
LASULIE DE GUEZ;1;0;0;2950.0;2026-06-10
NEW D'ORLY;2;0;0;4900.0;2026-06-26
NIKY DE LA CROU;3;0;0;8150.0;2026-08-01
KEN ZAO DE NAPPES;2;0;0;4600.0;2026-06-24
NATIF DU FEYNAT;1;0;0;2900.0;2026-06-11
NOBILIS D'EP;2;0;0;5650.0;2026-07-30
NAYKO DE LA CRIERE;4;1;0;10200.0;2026-08-08
MANGANOU DU DOME;1;0;0;2900.0;2026-06-11
MY KLY ERA;4;2;0;11025.0;2026-08-04
L'APOLOGIE;1;0;0;2400.0;2026-06-11
LUGANO DU CADRAN;3;0;0;7225.0;2026-07-15
LEADER DE L'ITON;2;1;0;5275.0;2026-07-28
LAMSOU SAN;3;0;0;6800.0;2026-08-10
LITTLEKING FOXGLEN;4;0;0;9300.0;2026-08-14
IROKO DU CAIEU;3;0;0;8350.0;2026-07-20
IDEAL DE SASSY;4;0;0;10975.0;2026-08-06
MY LOVE D'EVEL;1;0;0;2850.0;2026-06-11
KIRGHIZE SPEED;1;0;0;2850.0;2026-06-11
KRICK DU GUESCLIN;2;0;0;5750.0;2026-07-12
KRONOS DE VANDEL;1;0;0;2850.0;2026-06-11
MANA TEJY;1;0;0;2850.0;2026-06-11
NALYA DE JYR;3;1;0;7850.0;2026-07-29
NOW I'M HERE;3;1;0;8600.0;2026-07-26
NENESSE PECE;3;1;0;8550.0;2026-07-26
NOUMIA D'EM;3;0;0;8600.0;2026-08-08
LOST DES COUPERIES;2;0;0;4950.0;2026-08-05
IGUANE DE CAPONET;2;0;0;5575.0;2026-07-22
COCCO BFC;2;0;0;5625.0;2026-07-20
LOYALTY;4;2;0;10059.0;2026-08-08
LEADER BOURBON;2;0;0;5350.0;2026-07-27
LORD DAIDOU;2;0;0;4850.0;2026-07-26
LUCKY EVER;2;0;0;4850.0;2026-07-26
LUCKY CHARM;3;2;0;8500.0;2026-07-14
KALAO DU VIVIER;1;0;0;2850.0;2026-06-12
KEROZEN;4;1;0;10075.0;2026-08-10
KELLE ILE LILA;1;0;0;2850.0;2026-06-12
MACLAREN D'ALESA;1;0;0;2850.0;2026-06-12
MINOTOR D'ALOUETTE;2;1;0;5025.0;2026-07-16
ICARE DU VENT;1;0;0;2875.0;2026-06-13
MIRISS DE GUEZ;3;0;0;7900.0;2026-07-25
JACQUES MEARAS;4;0;0;10625.0;2026-07-22
MOSES BOKO;1;0;0;2875.0;2026-06-13
ILLUSION DU VAL;1;0;0;2800.0;2026-06-13
LOULOU CHAFS;2;0;0;5700.0;2026-07-03
LE PRINCE DE JYR;1;0;0;2950.0;2026-06-13
L'ULTIME D'AXEL;2;0;0;5675.0;2026-07-18
LINA DU HANOY;1;0;0;2950.0;2026-06-13
LABLETTE JIHEM;2;0;0;5900.0;2026-06-18
LILI DU PRESSOIR;1;0;0;2950.0;2026-06-13
NARCOS DE BRION;1;0;0;2150.0;2026-06-13
NAJA DU PONT;3;0;0;7075.0;2026-07-08
NOBLE ROUSSAC;1;0;0;2150.0;2026-06-13
NAPO;1;0;0;2650.0;2026-06-13
NASHVILLE DREAM;4;0;0;10525.0;2026-07-19
NETERA;1;0;0;2650.0;2026-06-13
NEVADA DE JYR;3;0;0;7875.0;2026-07-08
NUEE JULRY;2;1;0;5350.0;2026-07-26
NAYA LORRAINE;1;0;0;2650.0;2026-06-13
NEBULEUSE LOUANGES;2;1;0;4650.0;2026-08-04
NEMELIOS JIEL;6;0;0;15100.0;2026-08-15
NAKILI D'ALEX;2;1;0;5350.0;2026-08-02
KEMEUNEUR;2;1;0;5350.0;2026-08-04
LUCKY LUMALO;1;0;0;2650.0;2026-06-13
JIMMYZ;8;1;0;20350.0;2026-08-13
KYOSHIRO;3;0;0;7500.0;2026-07-25
KLAUR VET;3;0;0;8325.0;2026-08-09
JUPITER DELO;4;1;0;11425.0;2026-08-12
MILTON DEGE;1;0;0;2700.0;2026-06-13
MOME D'HAUFOR;1;0;0;2700.0;2026-06-13
MISS DE COQUERIE;1;0;0;2700.0;2026-06-13
MASSOURY;1;0;0;2700.0;2026-06-13
NICE GIRL KERUZOC;1;0;0;2700.0;2026-06-13
NINA WIND;1;0;0;2700.0;2026-06-13
NOUVEAU DE LARRE;1;0;0;2700.0;2026-06-13
NIGHT DE LA COUR;4;0;0;10150.0;2026-08-12
ITALIENNE IDEF;1;0;0;2700.0;2026-06-13
INDIEN DE VIVOIN;1;0;0;2700.0;2026-06-13
IGNACE DE BAUBRIE;1;0;0;2700.0;2026-06-13
IPSY DJOB;1;0;0;2700.0;2026-06-13
IDEAL DE NGANDA;5;2;0;13050.0;2026-08-09
MARIE GALANTE;2;1;0;5400.0;2026-07-04
MABELLE DE KARMEL;1;0;0;2700.0;2026-06-13
MELBA DE L'OREE;1;0;0;2700.0;2026-06-13
MALTA;1;0;0;2700.0;2026-06-13
MELODY DE SASSY;2;0;0;5650.0;2026-08-15
MARBELLA DE LOU;1;0;0;2700.0;2026-06-13
MAURICIENNE;1;0;0;2700.0;2026-06-13
MAYA DE CLARBEC;3;0;0;8025.0;2026-07-04
MINNIE DE CRENNES;1;0;0;2700.0;2026-06-13
MAJESTY TECE;2;0;0;5325.0;2026-06-24
MALICE DES BARGES;2;0;0;5325.0;2026-07-12
MITTY D'ARELINE;1;0;0;2700.0;2026-06-13
MALIKA DU RANCH;2;0;0;5350.0;2026-07-24
MAZURKA DE BELI;1;0;0;2700.0;2026-06-13
KHALEESI HEAVEN;1;0;0;2725.0;2026-06-13
KASH WIT;2;1;0;5575.0;2026-08-05
KOOL DANOVER;1;0;0;2725.0;2026-06-13
LIBERTY ISLAND;3;1;0;8150.0;2026-08-06
LORELEI BLEUE;2;0;0;5475.0;2026-07-02
LET'S GO BECO;2;0;0;5475.0;2026-07-02
LOUXOR DE RIVERIE;2;0;0;5525.0;2026-07-05
NIGME DU DOUAROU;3;1;0;8050.0;2026-07-31
NUMENOR;2;0;0;5200.0;2026-07-24
NARVAL DU PINAGUET;2;0;0;5250.0;2026-08-08
MORGANE D'OLIVERIE;1;0;0;2625.0;2026-06-14
MIRA DE BAFFAIS;3;0;0;7525.0;2026-08-10
LOUNA D'HUCHELOUP;3;1;0;7300.0;2026-08-09
LUXOR DE VILLABON;2;0;0;5375.0;2026-07-28
KALANSKA;4;0;0;10900.0;2026-08-15
KARLA MELODY;2;0;0;4750.0;2026-06-22
KERIDA BEST;3;0;0;7925.0;2026-07-15
KIARA DU SAPTEL;4;0;0;10175.0;2026-08-15
KIARA BLUE;1;0;0;2550.0;2026-06-14
KENTUCKY PIYA;1;0;0;2550.0;2026-06-14
KERYVON FARM;4;0;0;10550.0;2026-08-04
KAWA RARE;4;1;0;10650.0;2026-08-13
INSTINCT D'AM;2;0;0;5700.0;2026-07-27
HUGO OCCAGNES;1;0;0;3200.0;2026-06-14
IMAKER;3;0;0;7100.0;2026-07-18
ICARE DU LEARD;1;0;0;2750.0;2026-06-14
KABRELLA;4;0;0;10925.0;2026-08-06
KALINE DE LAHAYE;2;0;0;5500.0;2026-07-20
LARGINO BRAVOURE;1;1;0;1800.0;2026-06-14
MIKA DU NOYER;3;0;0;7650.0;2026-07-13
NIRVANA JIEL;1;0;0;2750.0;2026-06-14
NATASHA DES BAUX;3;0;0;8225.0;2026-07-23
NEPTUNE MADRIK;3;0;0;7350.0;2026-08-13
NEW PRETTY LADY;2;1;0;5325.0;2026-07-26
NINJA DEFF;4;1;0;10625.0;2026-07-31
NORMAN LE BEAU;3;1;0;8150.0;2026-08-05
JURAC DE VALFORG;1;0;0;2450.0;2026-06-15
JASPER PIYA;3;0;0;7150.0;2026-08-07
IPIPOURAX PAULOIS;3;0;0;7950.0;2026-07-24
LANDSBOROUGH;2;0;0;5900.0;2026-06-30
KELLY DU LUPIN;5;0;0;12900.0;2026-08-11
KAID BOURGEOIS;1;0;0;2150.0;2026-06-15
HENZO D'ARC;2;0;0;5675.0;2026-08-06
INITIALE LILA;4;0;0;11150.0;2026-08-14
MA DEVISE;1;0;0;2950.0;2026-06-15
NOTRE DOMPIERRE;1;0;0;2950.0;2026-06-15
NEIGE EMESS;2;0;0;5900.0;2026-07-01
NEIGE DU DOLLAR;1;0;0;2950.0;2026-06-15
LOUNA D'AUVILLIER;3;0;0;6859.0;2026-07-21
LANDEVY;4;0;0;10925.0;2026-08-15
GHOST DE BEAULIEU;3;1;0;7975.0;2026-08-08
ORLANDO YOUNG;4;0;0;9600.0;2026-08-06
FRILOUZ DE KERNAS;2;0;0;5300.0;2026-07-31
JAZZ DANOVER;2;0;0;5550.0;2026-06-27
KENZIE VREDEBEST;3;0;0;8150.0;2026-08-03
HIP HOP DE CHENU;1;0;0;2850.0;2026-06-16
KAHORS DE LA PIECE;2;0;0;5425.0;2026-07-14
KIR DE KACY;2;0;0;5425.0;2026-07-14
KATANGA DE BLARY;1;0;0;2625.0;2026-06-17
KOLORADO;1;0;0;2625.0;2026-06-17
JOBERT DU MOULIN;4;1;0;10225.0;2026-07-20
JIBUS;1;0;0;2625.0;2026-06-17
HISTOIRE VERTE;1;0;0;2625.0;2026-06-17
I LOVE WILLIAM;1;0;0;2825.0;2026-06-17
IRVING DE BAILLY;2;0;0;5575.0;2026-07-20
LOIR BOURBON;2;0;0;5425.0;2026-06-26
LADY DU CHENE;2;0;0;4975.0;2026-07-25
LOVELY GODIVA;2;0;0;5575.0;2026-07-10
NEW KING JACH;1;0;0;2800.0;2026-06-17
NOSTRA DANICA;1;0;0;2800.0;2026-06-17
NISTRAL DU CHARME;2;0;0;4800.0;2026-07-05
NOMADE PIYA;1;0;0;2800.0;2026-06-17
NEW LIFE STAR;3;0;0;7700.0;2026-08-04
MISTER DUAL;4;0;0;11500.0;2026-07-29
LIZY DE LA SALETTE;1;0;0;2200.0;2026-06-18
MAIN ABSOLUE;1;0;0;2200.0;2026-06-18
MONDAINE;1;0;0;2200.0;2026-06-18
MEADOWLANDS;2;0;0;4600.0;2026-07-18
KAFE CREME;1;0;0;2200.0;2026-06-18
HYSIS VENESI;2;1;0;4600.0;2026-07-01
LA MILA;1;0;0;2950.0;2026-06-18
LADY DU JOUR;3;0;0;8450.0;2026-08-04
LAMAGISTERE;2;0;0;5725.0;2026-06-27
LIVINE;1;0;0;2950.0;2026-06-18
LOLITA GIRL;1;1;0;2950.0;2026-06-18
LANA DU LION;3;0;0;8575.0;2026-07-30
LADY OH;2;0;0;4950.0;2026-07-26
MOISSON DE LA COTE;1;0;0;2150.0;2026-06-18
JAGUAR DU GITE;1;0;0;2150.0;2026-06-18
KALITY LOVE;1;0;0;2800.0;2026-06-18
CASSIUS CLAY D.E.;1;0;0;2850.0;2026-06-19
MONEY CASH;1;0;0;2700.0;2026-06-19
MOONLIGHT STAR;2;0;0;5575.0;2026-07-18
NIKITA DU BOUFFEY;2;0;0;5600.0;2026-07-19
NACREE DE QUARO;2;0;0;5400.0;2026-07-24
NASHVILLE MENCOURT;2;0;0;5400.0;2026-07-24
NORMANDIA;1;0;0;2700.0;2026-06-19
NAGANO DU CAMPDOS;2;0;0;5450.0;2026-07-30
NAKANO BELLO;4;0;0;10300.0;2026-07-30
NOBLE BARRA;3;0;0;7800.0;2026-07-25
NEXT LOVE;2;0;0;5450.0;2026-07-30
LOUNA FIX;1;0;0;2750.0;2026-06-19
LAOS JIEL;2;0;0;4800.0;2026-08-14
JINGLE GEDE;1;0;0;2750.0;2026-06-19
KHOSIAB;3;0;0;8275.0;2026-08-15
NECTAR CASTELETS;1;0;0;3000.0;2026-06-19
NICKEL DE VAUVILLE;2;0;0;5650.0;2026-07-19
NOLAN D'OR;4;0;0;11000.0;2026-08-15
NARA D'ATOUT;2;0;0;5700.0;2026-07-26
MY WAY ENJOY;3;0;0;8775.0;2026-08-12
KROONER DE L'ITON;2;0;0;5625.0;2026-07-12
KENT SOYER;3;0;0;8700.0;2026-07-31
KIKI DU ROC;2;0;0;5575.0;2026-07-04
JASONDOR DU VINOIS;1;0;0;2850.0;2026-06-19
NOBLE D'ATOUT;2;0;0;5575.0;2026-07-08
NORDEN;1;0;0;2850.0;2026-06-19
NUMEROBIS LUCINES;2;0;0;5575.0;2026-08-13
NOE DE CRESCY;1;0;0;2850.0;2026-06-19
NATCHO TEJY;2;0;0;5050.0;2026-07-12
NEWTON DE L'AVRE;4;0;0;10900.0;2026-08-12
NAPOLI DU DIGEON;2;0;0;5575.0;2026-07-08
NAHITIS HAUFOR;1;0;0;2850.0;2026-06-19
NOVILLADA PHEDO;3;1;0;7350.0;2026-08-07
NAZLA GIRL;1;0;0;2850.0;2026-06-19
NIMOSA;1;0;0;2850.0;2026-06-19
NOISETTE UP STAR;2;0;0;5550.0;2026-06-27
NEXT LIFE;2;0;0;5500.0;2026-07-15
NOBLE VICTORY;1;0;0;2850.0;2026-06-19
NYX ERGEE;2;0;0;4850.0;2026-07-05
NEZUKO JIEL;2;0;0;5600.0;2026-08-04
NORA DE GUERINIERE;1;0;0;2850.0;2026-06-19
MOHICANE SKILL;1;0;0;2850.0;2026-06-19
MAMAMIA EL;2;0;0;5700.0;2026-07-23
MAFLORA BELLA;1;0;0;2850.0;2026-06-19
MAKALELO;2;0;0;5500.0;2026-07-24
MEDIA HAUFOR;1;0;0;2850.0;2026-06-19
MARTEL PIERJI;2;0;0;5500.0;2026-07-24
MATRERO;4;1;0;11225.0;2026-08-15
MOON D'OURVILLE;2;0;0;5525.0;2026-06-30
MADDY GEMA;1;0;0;2850.0;2026-06-19
MARBELLA TEJY;2;1;0;5800.0;2026-07-09
INSTINCT DU RENARD;2;0;0;5200.0;2026-07-29
HARCADY;1;0;0;2575.0;2026-06-20
NAELIE DU GUESCLIN;1;0;0;2575.0;2026-06-20
NOUBA BAROQUE;1;0;0;2575.0;2026-06-20
NUMBER ONE PIEMONT;2;0;0;5125.0;2026-07-13
NOVA LOUDETTES;1;0;0;2575.0;2026-06-20
NARCOS SMART;1;0;0;2575.0;2026-06-20
MILORD DE LARRE;1;0;0;2575.0;2026-06-20
MANZONI;2;0;0;5200.0;2026-07-29
MATIS DU VIGNAC;1;0;0;2575.0;2026-06-20
KING OF PARADISE;1;0;0;2575.0;2026-06-20
LITTLE QUEENIE;1;0;0;2625.0;2026-06-20
LUEUR DE LOIRON;2;0;0;5275.0;2026-07-05
NAIADE FAC;2;0;0;4225.0;2026-08-04
NEVER BLACK;1;0;0;2225.0;2026-06-20
NEXPRESSO BLEU;4;0;0;10000.0;2026-08-05
NEW DELHI BOND;1;0;0;2225.0;2026-06-20
NIMBLE BOY;1;0;0;2225.0;2026-06-20
NO COMMENT ONE;1;0;0;2225.0;2026-06-20
NEPTUNE AIREMME;1;0;0;2225.0;2026-06-20
NEW LOVE BERRY;3;0;0;6325.0;2026-08-04
NOUMEA PIPOL;1;0;0;2225.0;2026-06-20
NONO LE ROBOT;1;0;0;2225.0;2026-06-20
NIKITA D'ALEX;2;0;0;4225.0;2026-08-04
NABAB BREKKA;3;1;0;7700.0;2026-07-31
MISS DE GODINIERE;5;0;0;12500.0;2026-08-08
MAHINA DE WALLIS;2;0;0;5550.0;2026-07-04
MAESTRIA DREAM;2;1;0;5650.0;2026-06-28
LONG TIME GONE;1;0;0;2850.0;2026-06-20
KOSMIC NOW;2;0;0;4850.0;2026-07-28
NATURE DU RIB;1;0;0;2725.0;2026-06-20
NIKITA JOSSELYN;1;0;0;2725.0;2026-06-20
NORMA DU VIVIER;3;2;0;8425.0;2026-08-04
NEIGE VILLETOT;1;0;0;2725.0;2026-06-20
NAPA VALLEY;1;0;0;2725.0;2026-06-20
NYMPHE DE BLARY;1;0;0;2725.0;2026-06-20
MALOUINE DU BIS;2;0;0;5625.0;2026-07-19
MILADY BEAUTY;1;0;0;2725.0;2026-06-20
KING DE FOUQUE;2;0;0;5525.0;2026-07-05
KADOR D'OCCAGNES;1;0;0;2725.0;2026-06-20
KIRDKER DU MESLE;1;0;0;2725.0;2026-06-20
KARLO;1;0;0;2725.0;2026-06-20
KEOPS DE CASTELLE;1;0;0;2725.0;2026-06-20
MAESTRO DAIRPET;1;0;0;2725.0;2026-06-20
MIKA RENARDIERE;1;0;0;2725.0;2026-06-20
MAHARADJAH ROYAL;1;0;0;2725.0;2026-06-20
KITTY GIS;1;0;0;2725.0;2026-06-20
KATY DU CHERISAY;1;0;0;2725.0;2026-06-20
KASTILLE;2;0;0;4775.0;2026-07-14
JALOGNY;1;0;0;2725.0;2026-06-20
KOM KHALEESI;3;0;0;8375.0;2026-07-19
IBRA DU THENNEY;1;0;0;2725.0;2026-06-20
JOESTAR DES NOES;2;0;0;5475.0;2026-07-07
KELISSA D'AVE;3;0;0;7084.0;2026-07-20
KARGO DE NUIT;1;0;0;2725.0;2026-06-20
HARIBELLE DANOVER;3;0;0;8225.0;2026-07-28
NANO VINGUY;1;0;0;2700.0;2026-06-20
NAPSTER LOVA;1;0;0;2700.0;2026-06-20
NEPTUNE METEOR;2;0;0;5400.0;2026-07-04
NESHAM D'ETOILE;2;0;0;5400.0;2026-07-04
NICO SEVEN;1;0;0;2700.0;2026-06-20
MAGISTRALO BELLO;4;2;0;10200.0;2026-08-13
KISSABELLA;2;0;0;5375.0;2026-07-16
KAHINA DE FAEL;2;0;0;5650.0;2026-07-09
KYLEBEAU DU LUOT;1;0;0;2700.0;2026-06-20
JACOB DE MIENNAIS;1;0;0;2700.0;2026-06-20
MA REINE DU LUDE;3;0;0;8050.0;2026-07-02
MALAGA PHEDO;1;0;0;2700.0;2026-06-20
MATHANA ERA;2;0;0;5400.0;2026-07-04
MARANELLA;1;0;0;2700.0;2026-06-20
LYTERIOS DU SKY;1;0;0;2700.0;2026-06-20
LAVANDE;2;0;0;5450.0;2026-07-02
LADY VALENTINE;2;0;0;5450.0;2026-07-24
LANCELOT SUEDOIS;1;0;0;2700.0;2026-06-20
LASER GEMA;1;0;0;2700.0;2026-06-20
LABELLE DU JOUR;2;0;0;5400.0;2026-07-04
LE SEPTIEME ART;1;0;0;2700.0;2026-06-20
LUCIFER DE VAUVERT;1;0;0;2700.0;2026-06-20
PICTURE PERFECT;1;0;0;2550.0;2026-06-20
NOCCIOLA;1;0;0;2550.0;2026-06-20
NAMOUR DE MONTFORT;3;1;0;8250.0;2026-08-05
NACRE DE FIERVILLE;1;0;0;2550.0;2026-06-20
KITKAT DU CHERISAY;2;0;0;5400.0;2026-07-19
KARA DE KER;2;0;0;5250.0;2026-07-17
MUMBAY;1;0;0;2500.0;2026-06-20
LIZARIUS;1;0;0;2500.0;2026-06-20
L'ESCALE DU CAIEU;1;0;0;2500.0;2026-06-20
LOVELY PIYA;3;1;0;7975.0;2026-07-14
GRANDE MALICE;1;0;0;2550.0;2026-06-20
LILAS CASTELLE;2;0;0;5725.0;2026-07-04
MACAHAN;2;1;0;5600.0;2026-07-17
LASKO DES BROUSSES;3;1;0;8675.0;2026-08-05
NARCOS PIYA;1;0;0;2275.0;2026-06-21
NEPTUNE HAUFOR;1;0;0;2275.0;2026-06-21
NIKITA DU ROY;2;0;0;5225.0;2026-08-11
NO LIMIT SMILE;1;0;0;2275.0;2026-06-21
NORTON DU SUD;1;0;0;2275.0;2026-06-21
NOUS DEUX FLIGNY;1;0;0;2275.0;2026-06-21
NIELLUCCIO BEHEM;1;0;0;2275.0;2026-06-21
NET DE COSSE;1;0;0;2275.0;2026-06-21
NOROIT D'HERLENE;1;0;0;2275.0;2026-06-21
NEED FOR MONEY;3;1;0;7575.0;2026-07-29
NOBLEMAN;1;0;0;2275.0;2026-06-21
NICOS DU CLOS;1;0;0;2275.0;2026-06-21
KENTUCKY SAM;2;0;0;5500.0;2026-07-16
KEY TO THE HIGHWAY;2;0;0;5425.0;2026-08-04
KRAC BRENUS;2;0;0;5425.0;2026-07-15
KAISER LATAL;1;0;0;2775.0;2026-06-21
KALOU DES NOEES;4;0;0;10850.0;2026-08-08
KAOLINE DES AGETS;1;0;0;2775.0;2026-06-21
INFANT D'AUTHISE;1;0;0;2775.0;2026-06-21
KIF DE COSSE;1;0;0;2775.0;2026-06-21
JORLIC TEJY;1;0;0;2775.0;2026-06-21
IVAR D'AURCY;1;0;0;2775.0;2026-06-21
IDEAL DU RUEL;1;0;0;2200.0;2026-06-22
HOBSON;2;0;0;4925.0;2026-08-06
INCAS DES LANDIERS;1;0;0;2200.0;2026-06-22
MIKE DE NORTHEN;2;0;0;5150.0;2026-07-04
MALKO MESLOIS;3;0;0;7475.0;2026-07-25
MY SIMON;1;0;0;2825.0;2026-06-22
LITTEE MAMS;1;0;0;2825.0;2026-06-22
LEONA STARRO;1;0;0;2825.0;2026-06-22
LADY D'ELFE;3;0;0;7134.0;2026-07-30
LUPINE DIESCHOOT;2;0;0;5550.0;2026-07-02
LAZARRO DE LOU;1;0;0;2825.0;2026-06-22
LOCKDOWN POWER;1;0;0;2825.0;2026-06-22
LOVER DE TAGOR;1;0;0;2825.0;2026-06-22
KAPELLA DRY;1;0;0;2700.0;2026-06-22
KESA DES THIRONS;2;0;0;5425.0;2026-07-04
KEROZIA DE REM;1;0;0;2700.0;2026-06-22
KEEP THE FAITH;1;0;0;2700.0;2026-06-22
KEL BAMBOIS;1;0;0;2700.0;2026-06-22
NELLY CROWN;1;0;0;2825.0;2026-06-22
NANDERA BELLA;1;0;0;2275.0;2026-06-22
NEEALAUBE SAMCOF;3;0;0;7575.0;2026-08-08
NEVER GIVE UP PACE;2;0;0;4925.0;2026-07-15
NUIT DU RANCH;2;0;0;4925.0;2026-07-15
NYMPHE DE CANCHY;2;0;0;4975.0;2026-08-08
NAZYLIS;1;0;0;2275.0;2026-06-22
NUIT SECRETE;2;0;0;5000.0;2026-07-02
NOUVELLE JABA;3;0;0;7725.0;2026-07-18
NICOSIA;2;0;0;4925.0;2026-07-15
MAGE DU TEMPLE;1;0;0;3000.0;2026-06-22
MAJOR THOMSON;3;0;0;8400.0;2026-08-08
MARLET DU MELEUC;1;0;0;3000.0;2026-06-22
MISS NICE;1;0;0;3000.0;2026-06-22
MELIE MANATHIS;1;0;0;3000.0;2026-06-22
MAESTRO ROC;1;0;0;3000.0;2026-06-22
JAPPELOUP CARNOIS;3;0;0;8250.0;2026-08-15
JANGO BLEU;2;0;0;5725.0;2026-07-18
KAVRIK DE GUEZ;1;0;0;3000.0;2026-06-22
L'INCORRIGIBLE;1;0;0;3000.0;2026-06-22
LUCKY PARC;1;0;0;3000.0;2026-06-22
LILIUM TUILERIE;3;0;0;8450.0;2026-08-08
LYPHARD DELF;1;0;0;3000.0;2026-06-22
GINO DOLUCIO;3;0;0;7950.0;2026-08-10
NAVARRO ECUS;1;0;0;2200.0;2026-06-23
NECTAR D'ENFER;1;0;0;2200.0;2026-06-23
NUAGE ETOILE;2;0;0;4350.0;2026-08-15
NUMBER NINE BOND;1;0;0;2200.0;2026-06-23
NEFERHOTEP;4;3;0;10150.0;2026-08-13
NICO DE LA BASLE;1;0;0;2200.0;2026-06-23
NIKON DE BOMO;2;0;0;4925.0;2026-07-18
NYMPHE DAIRPET;2;0;0;5100.0;2026-07-25
NIGHTSHIFT;2;0;0;5025.0;2026-07-28
MAMMA DIVA;1;0;0;2200.0;2026-06-23
MY LADY ECUS;2;0;0;4850.0;2026-07-24
MIAMI LADY;1;0;0;2200.0;2026-06-23
MORESCA;1;0;0;2200.0;2026-06-23
MUSIQUE AMOUR;2;1;0;5150.0;2026-06-29
MARGOT PIERJI;1;0;0;2200.0;2026-06-23
MADAME D'OURVILLE;2;2;0;4925.0;2026-07-08
MAMAN BAO;1;0;0;2200.0;2026-06-23
MILLENIUM ECUS;2;0;0;5150.0;2026-08-15
MUTIN DU SABLIER;1;0;0;2200.0;2026-06-23
MARIOL DE VAUVERT;1;0;0;2200.0;2026-06-23
MITSOUKO;1;0;0;2200.0;2026-06-23
MAZEPPA;2;2;0;4975.0;2026-07-15
KOSMOS DU BOIS;2;0;0;5450.0;2026-07-15
MISTER CARNOIS;2;0;0;4300.0;2026-07-25
MAGIC FACE;2;0;0;4800.0;2026-07-11
KRONOS CAMP;1;0;0;2875.0;2026-06-23
LUBIE ROYALE;1;0;0;2625.0;2026-06-24
LOUMANA LAND;2;0;0;5325.0;2026-08-08
LADY SLAVE TEK;2;0;0;5575.0;2026-07-09
NEO DE FAEL;3;1;0;7500.0;2026-08-06
NANARD AU VENT;1;0;0;2625.0;2026-06-24
NATIF D'ORLY;1;0;0;2625.0;2026-06-24
NOA BY STEED;4;0;0;9700.0;2026-08-08
NOTRE FLIBUSTE;3;1;0;8225.0;2026-08-12
NOWAY DE CAHOT;1;0;0;2200.0;2026-06-24
NEED YOU D'EMOTION;1;0;0;2200.0;2026-06-24
NORTHERN STAR;1;0;0;2200.0;2026-06-24
NOURANIE DES NOES;1;0;0;2200.0;2026-06-24
NATSUKO TURGOT;3;1;0;7650.0;2026-07-25
NIGHT FOR MONEY;2;0;0;4400.0;2026-07-13
NEIGE DES CAILLONS;1;0;0;2200.0;2026-06-24
NAVY DE CAPONET;1;0;0;2200.0;2026-06-24
NAKITA DE FELLIERE;1;0;0;2200.0;2026-06-24
NAOMIE LUDOISE;2;0;0;5150.0;2026-07-01
MYKONOS;3;1;0;8575.0;2026-07-24
LAVANDE DE L'ISOP;1;0;0;2950.0;2026-06-24
NOTRE DAME;3;1;0;7300.0;2026-07-31
NARKOS DE BUSSET;1;0;0;2300.0;2026-06-24
NORMA DE DOMPIERRE;2;0;0;5000.0;2026-08-08
MY GIRL DEHEL;2;1;0;5000.0;2026-07-15
MEMPHIS GABINLEA;6;0;0;15850.0;2026-08-07
MARGUERITE QUICK;2;0;0;5225.0;2026-07-22
NINO SAINT CHARLES;2;0;0;5025.0;2026-08-13
NOMIS;3;1;0;7225.0;2026-08-13
HONEY DE TOUCHYVON;3;0;0;7825.0;2026-07-14
NOUNKA ELTE;2;0;0;4925.0;2026-07-11
NOUBA CAILLERIE;1;0;0;2150.0;2026-06-25
LIPTON LATAL;1;0;0;2150.0;2026-06-25
MAGIC LOMIG;2;0;0;5725.0;2026-07-29
NAUTILUS GEDE;1;0;0;2850.0;2026-06-25
NICOLAS STAR;2;0;0;5800.0;2026-07-13
PANERAI;3;0;0;6450.0;2026-07-25
QUEEN OF THE NIGHT;3;0;0;8550.0;2026-08-05
DAYTONA DI CECCO;1;0;0;2875.0;2026-06-26
GIUDA DI RISAIA;3;0;0;7175.0;2026-08-08
NADJIM KALOUMA;2;1;0;4750.0;2026-08-15
NEWSTAR OF LOVE;2;0;0;5500.0;2026-07-19
NYMPHE DU PASSAGE;1;0;0;2600.0;2026-06-26
NO QUARTER;1;0;0;2600.0;2026-06-26
NATACHA HEUVELLAND;1;0;0;2600.0;2026-06-26
MIAMI DES RACQUES;1;0;0;2600.0;2026-06-26
MAMZELLE D'ARBAZ;1;0;0;2600.0;2026-06-26
MEYLLINE LESAC;1;0;0;2600.0;2026-06-26
MAMOUNIA D'ECHAL;2;0;0;5550.0;2026-07-09
MAITIKA D'HERIPRE;2;0;0;5300.0;2026-07-15
MAGNUM ROYAL;1;0;0;2600.0;2026-06-26
LIO DU MESNIL;2;0;0;5300.0;2026-08-08
L'HISTOIRE SECRETE;3;0;0;8450.0;2026-08-10
LOTUS JIEL;2;0;0;4750.0;2026-07-23
KEEP ON RUNNING;1;0;0;2600.0;2026-06-26
KAPRICE DE CHANJAC;1;0;0;2600.0;2026-06-26
KEOPS DE BETTON;1;0;0;2600.0;2026-06-26
JACOTTE DE TIZE;2;0;0;5325.0;2026-07-23
HIT DE JOBI;1;0;0;2600.0;2026-06-26
NOBLESSE DE BLARY;3;0;0;7450.0;2026-08-13
NIGLO DES LIARDS;1;0;0;2650.0;2026-06-26
NICE TIME MARCEAUX;1;0;0;2650.0;2026-06-26
KISS ME AIMEF;3;0;0;8550.0;2026-07-31
KULYSSONE D'ISQUES;3;0;0;8425.0;2026-08-12
JUAN PERRINE;3;0;0;8200.0;2026-08-12
KID BLACK;2;1;0;5700.0;2026-07-31
INDIC;4;0;0;10525.0;2026-08-07
IDEAL DE CASTELLE;3;1;0;7175.0;2026-08-12
ENJOY THE MOMENT;3;1;0;6634.0;2026-08-08
MAESTRA DU PRATOU;2;2;0;4950.0;2026-07-17
MERCURY DRY;2;0;0;4950.0;2026-07-17
MEKTOUB DE NAPPES;2;0;0;4950.0;2026-07-12
MORAVCIK;2;0;0;5550.0;2026-07-26
MILADY DU BOUFFEY;2;0;0;4800.0;2026-07-18
MAGNUM D'AVRIL;2;0;0;5100.0;2026-07-04
NEW YORK DE JED;2;0;0;4550.0;2026-08-15
NIKO D'ABBEVILLE;1;0;0;2400.0;2026-06-27
NINOS;2;0;0;4800.0;2026-07-29
NIMAGINE;1;0;0;2400.0;2026-06-27
NANOU DE BONELLE;1;0;0;2400.0;2026-06-27
NORA MANNETOT;1;0;0;2400.0;2026-06-27
MISTER NICE;2;0;0;4650.0;2026-08-09
MAGNIFICO DE JANY;1;0;0;2650.0;2026-06-27
LIVE UP STAR;3;0;0;8200.0;2026-08-04
LIDO DE LOU;3;0;0;8275.0;2026-07-15
MILODANE;1;0;0;2700.0;2026-06-27
MAESTRO DE GINAI;1;0;0;2700.0;2026-06-27
MISTRAL PELSA;1;0;0;2700.0;2026-06-27
MUTIN DU GOUTIER;1;0;0;2700.0;2026-06-27
MISS IBIZA;1;0;0;2700.0;2026-06-27
MADEMOISELLE KYDE;2;1;0;5600.0;2026-07-19
NAOMI NICE;1;0;0;2700.0;2026-06-27
NEFLE D'ERABLE;1;1;0;2700.0;2026-06-27
NIGELLE DE LATOM;1;0;0;2700.0;2026-06-27
NOBI STAR;2;0;0;4800.0;2026-07-30
NAKIMA ROUSSETIERE;1;0;0;2700.0;2026-06-27
NIKITA DE RICO;1;0;0;2700.0;2026-06-27
NIKITA QUANDO;1;0;0;2700.0;2026-06-27
NELIA DU BOIS;3;0;0;8125.0;2026-07-24
NATAYA DE FONTAINE;1;0;0;2700.0;2026-06-27
NICE TO ME;3;0;0;7425.0;2026-08-13
NINA DE BAFFAIS;2;1;0;5375.0;2026-07-16
NORMANDY NIGHT;1;0;0;2700.0;2026-06-27
NATURE D'ECHAL;3;1;0;8525.0;2026-08-08
NIKITA DE FLAM;1;0;0;2700.0;2026-06-27
NINA DE LA GIRO;1;0;0;2700.0;2026-06-27
NAURIEL ATALANTE;1;0;0;2700.0;2026-06-27
LOYALISTE;2;0;0;5350.0;2026-07-11
IN LOVE WITH PUCH;2;0;0;5575.0;2026-07-09
JASMINE DU MAXFRAN;3;0;0;7750.0;2026-08-05
KOLORADO BELLO;1;0;0;2700.0;2026-06-27
IP OP DE LA ROQUE;1;0;0;2700.0;2026-06-27
JACK DU VERGER;1;0;0;2700.0;2026-06-27
KILLY D'AVENIR;1;1;0;2700.0;2026-06-27
IBISCUS DAMBRAY;1;0;0;2700.0;2026-06-27
JOGGER STAR;1;0;0;2700.0;2026-06-27
HURON DES LANDIERS;1;0;0;2700.0;2026-06-27
NAPOLEON JAMINI;1;0;0;2775.0;2026-06-27
NARCISSE DU BOIRON;2;0;0;5500.0;2026-07-18
NIXON DE BANVILLE;1;0;0;2775.0;2026-06-27
NO GAME NO LIFE;1;0;0;2775.0;2026-06-27
NORD CAP;2;0;0;5500.0;2026-07-08
NORMAN ROCKWELL;1;0;0;2775.0;2026-06-27
NOZANO DU PARC;1;0;0;2775.0;2026-06-27
NUNCHI;2;2;0;5550.0;2026-07-11
NEW LOOK;3;0;0;7375.0;2026-07-30
LARGO D'AVIGNERE;3;0;0;8150.0;2026-08-06
LUXELLA;1;0;0;2775.0;2026-06-27
LIZING D'AVEL;1;0;0;2775.0;2026-06-27
LINGOT D'ARGENT;1;0;0;2775.0;2026-06-27
LACKER DE GUEZ;1;0;0;2775.0;2026-06-27
MENTALIST AR;1;0;0;2775.0;2026-06-27
MARSHAL DE CELLAND;1;0;0;2775.0;2026-06-27
ICARE PASSION;1;0;0;2775.0;2026-06-27
JASMIN DU CHATELET;1;0;0;2775.0;2026-06-27
NOX;1;0;0;2800.0;2026-06-28
NORD ATLANTIQUE;2;0;0;5750.0;2026-07-09
NERVOSO DE L'AUMOY;1;0;0;2800.0;2026-06-28
MURANO DE PIPAN;2;0;0;5700.0;2026-07-12
MOT DOUX;1;0;0;2800.0;2026-06-28
INDEX D'YVEL;4;0;0;10375.0;2026-08-09
NIKITA D'OURVILLE;1;0;0;2650.0;2026-06-28
HO MY GOD ONE;1;0;0;2650.0;2026-06-28
KASSIANO D'IS;1;0;0;2875.0;2026-06-29
L'ULKA DI LEONE;1;0;0;2875.0;2026-06-29
LARRY DU DOUBS;2;0;0;5825.0;2026-07-25
NINOU DECAST;1;0;0;2950.0;2026-06-29
MEMPHIS DE VAL;2;1;0;5050.0;2026-08-13
MOZART DE RONSARD;1;0;0;2950.0;2026-06-29
L'AMOUR;4;0;0;9700.0;2026-08-12
NOVORAPIDE;1;0;0;2950.0;2026-06-29
NEWTON DU TEMPS;2;0;0;4950.0;2026-07-21
NOLDO D'ECHAL;2;1;0;5675.0;2026-07-15
NAPOLITAIN RANAIS;2;0;0;5050.0;2026-07-03
NECK OUEST;2;0;0;5675.0;2026-08-07
KING D'AZUR;2;0;0;5825.0;2026-08-15
KARAT DANCER;1;0;0;2950.0;2026-06-29
KIMOKA DE JORDAN;2;0;0;5675.0;2026-07-18
MERCATOR;1;0;0;2950.0;2026-06-30
MYAGO CAYENNAIS;2;2;0;5000.0;2026-07-14
MILANO BOCNEUF;4;0;0;10250.0;2026-08-07
NIACK DU VIVIER;2;1;0;5350.0;2026-07-10
NORIANO BELLO;4;0;0;11000.0;2026-08-07
NORD OUEST JEWEL;2;0;0;5250.0;2026-07-24
MANON DU VASSET;1;0;0;2675.0;2026-06-30
MA DAME GEKA;1;0;0;2675.0;2026-06-30
MILIO D'AVEL;2;0;0;5075.0;2026-07-13
L'ARTISTE ZEN;1;0;0;2600.0;2026-06-30
LA STAR;3;0;0;7500.0;2026-08-10
INGLETON DE BRY;2;0;0;4850.0;2026-07-17
NEWTON ELLIS;2;0;0;5750.0;2026-08-01
GAMIN DES ISLES;3;0;0;8125.0;2026-07-19
MISSY DE JIEL;2;0;0;4900.0;2026-07-31
MONACO;1;0;0;2875.0;2026-07-01
KINDLINESS;2;0;0;4334.0;2026-07-17
MOJITO PLANCHETTE;1;0;0;2800.0;2026-07-01
MAGNUS CABIRAT;2;0;0;5725.0;2026-08-07
MONARQUE DU PONT;2;0;0;5450.0;2026-07-24
MISS POKER;1;0;0;2800.0;2026-07-01
MORAYA DU KASTEL;2;0;0;4800.0;2026-08-08
MOUMBA DE GUEZ;1;0;0;2800.0;2026-07-01
NOUBA DES PLANS;2;1;0;5650.0;2026-08-08
NUANCE DU DROPT;1;0;0;2950.0;2026-07-01
NATSUKO DE NAPPES;2;0;0;4950.0;2026-08-04
NEFERTITI POLKA;1;0;0;2950.0;2026-07-01
NIGHTINGALE SEVEN;2;0;0;5600.0;2026-08-08
NOVA GUILLERVIL;2;0;0;4950.0;2026-08-04
NYALA DU BOUILLON;1;0;0;2950.0;2026-07-01
JASEUR;1;0;0;2675.0;2026-07-02
NEPTUNE D'AVE;3;0;0;8175.0;2026-08-04
NARISSA DE LOU;3;0;0;7575.0;2026-07-29
NEPTUNA;3;1;0;8300.0;2026-08-12
NINA DE NESLE;1;0;0;2675.0;2026-07-02
NASSAU LIGNERIES;3;0;0;8100.0;2026-07-30
NETFLIX MIJO;2;0;0;5400.0;2026-08-13
NINA RICCI ERA;1;0;0;2675.0;2026-07-02
MARINE D'ERABLE;1;0;0;2725.0;2026-07-02
MONT BLANC QUARTO;1;0;0;2725.0;2026-07-02
MILORD DREAM;1;0;0;2725.0;2026-07-02
JACKSON D'ECAJEUL;3;1;0;7059.0;2026-08-08
MUNGO JERRY;2;0;0;5375.0;2026-07-15
MIRACLE D'ENFER;1;0;0;2725.0;2026-07-02
L'AIGLE PASS;2;0;0;5400.0;2026-07-15
KURAPIKA DU PONT;1;0;0;2725.0;2026-07-02
KOKTAIL LUDOIS;3;1;0;8100.0;2026-07-18
KING HAUFOR;1;0;0;2725.0;2026-07-02
KEEP TRUST;1;0;0;2725.0;2026-07-02
KERRA UP STAR;2;0;0;5500.0;2026-08-08
MAFIOSA DE LA NOUE;1;0;0;2725.0;2026-07-02
MAGIE D'ORME;1;0;0;2725.0;2026-07-02
MAGIE DE BOUERE;1;0;0;2725.0;2026-07-02
LANCELOT DIS MOI;1;0;0;2750.0;2026-07-02
LUCKY DU BOUFARD;1;0;0;2750.0;2026-07-02
LES MOTS BLEUS;2;0;0;5650.0;2026-07-13
NEIVA DU ROY;2;0;0;5375.0;2026-07-15
NICIE CASH;2;1;0;4875.0;2026-07-29
NATIVE DES LOYAUX;2;0;0;5675.0;2026-07-13
NOBLESSE DU GERS;2;0;0;5425.0;2026-07-10
NOVA DE LA VALLEE;1;0;0;2725.0;2026-07-02
IPSO D'AVIGNERE;5;0;0;13775.0;2026-08-14
LADY CHANNEL;2;1;0;5475.0;2026-07-17
YES PLEASE;3;0;0;6484.0;2026-08-08
LOUXOR DU PONT;1;0;0;2750.0;2026-07-03
L'ELU DU CHERISAY;3;0;0;8425.0;2026-08-04
L'AS DE PIQUE;3;0;0;8225.0;2026-07-28
LOPIUM PRIOR;2;0;0;5500.0;2026-07-28
LOULOU D'YMER;2;0;0;5500.0;2026-07-21
LE BEAU CIEL;3;2;0;7950.0;2026-08-07
NETCHE BEST;3;0;0;7875.0;2026-08-05
NEPTUNE PIERJI;1;0;0;2050.0;2026-07-03
NOMADE DU VALVIC;1;0;0;2050.0;2026-07-03
NATURE MAGIQUE;1;0;0;2100.0;2026-07-03
NAVALE GEMA;1;0;0;2100.0;2026-07-03
NOUKI DES SOURCES;1;0;0;2100.0;2026-07-03
NO LIMIT DE CHENU;1;0;0;2100.0;2026-07-03
MATA HARI TURGOT;2;0;0;4250.0;2026-07-17
LOMBARDO;2;1;0;5550.0;2026-08-08
NOBBY STILES BOKO;2;0;0;5500.0;2026-07-19
I'M CEC;2;0;0;3759.0;2026-07-18
ISIGNY DANCE;2;0;0;5025.0;2026-08-01
MAESTRO LOVE;2;0;0;4925.0;2026-07-15
MISTRAL JENILOU;3;2;0;7775.0;2026-07-21
NAPOLEON AS;1;1;0;2800.0;2026-07-04
MUST WINNER;2;0;0;5100.0;2026-08-11
KAID DE MORGE;1;0;0;1609.0;2026-07-04
KONG;2;0;0;4359.0;2026-08-07
IN PETTO;2;1;0;5575.0;2026-08-01
GAROU LIONNAIS;3;0;0;7725.0;2026-07-25
KALINE DU PONCHET;3;0;0;8275.0;2026-07-12
KALINE DE VIRE;3;0;0;7550.0;2026-08-13
KOZAK CAUVELLIERE;1;0;0;2725.0;2026-07-04
KREAT DE TOUCHYVON;1;0;0;2725.0;2026-07-04
NAUTILUS DU SEUX;1;0;0;2700.0;2026-07-04
NEW CRACK DE FOOT;1;0;0;2700.0;2026-07-04
NAPOLI DU VIVIER;2;2;0;5600.0;2026-07-19
NUALLAN MAYBE;1;0;0;2700.0;2026-07-04
MAIN EVENT;2;0;0;5650.0;2026-08-15
MANAQUIL DE SACEY;1;0;0;2700.0;2026-07-04
MURAT;1;0;0;2700.0;2026-07-04
MIRACLE DE PLAY;1;0;0;2700.0;2026-07-04
MAVERICK DU SKY;1;0;0;2700.0;2026-07-04
MAGISTRAT;1;0;0;2700.0;2026-07-04
MATICAT;1;0;0;2700.0;2026-07-04
MILOU D'AVRIL;2;0;0;4800.0;2026-08-13
MENTOR PLANCHETTE;1;0;0;2700.0;2026-07-04
MISI DESJY;1;0;0;2700.0;2026-07-04
MAJESTE DE TILLARD;3;1;0;8350.0;2026-08-11
MAGENTA DE TILLARD;1;0;0;2700.0;2026-07-04
HOT SPOT QUICK;1;0;0;2700.0;2026-07-04
JUST A DREAM;1;0;0;2700.0;2026-07-04
LINDFORD;1;0;0;2700.0;2026-07-04
JACADI D'EVA;1;0;0;2850.0;2026-07-05
MUST DE VILLARD;2;1;0;5000.0;2026-07-25
L'ELU DE REVE D'OR;3;0;0;8300.0;2026-07-30
LONDON JONES;3;0;0;8300.0;2026-07-30
GAI MATIN;1;0;0;2650.0;2026-07-05
MAJAX DE REVE D'OR;1;0;0;2850.0;2026-07-05
MONUMENTAL;3;0;0;7600.0;2026-07-31
KISS ME DU MAINE;1;0;0;2700.0;2026-07-05
JASON D'EOLE;1;0;0;2700.0;2026-07-05
KATIA DE BRUCOM;1;0;0;2800.0;2026-07-05
NARCO KISS;1;0;0;2000.0;2026-07-05
NEVENE CHALEONAISE;2;0;0;4950.0;2026-08-01
NOCE MIKA;1;0;0;2000.0;2026-07-05
NINA DU BIRKWALD;3;0;0;7400.0;2026-08-11
NUDE ANDALO;1;0;0;2000.0;2026-07-05
NILY UP STAR;3;1;0;6875.0;2026-08-08
NOTRE DAME D'ELCE;1;0;0;2000.0;2026-07-05
NAVE MAG;2;0;0;4000.0;2026-08-09
NON STOP DE CONDE;1;0;0;2000.0;2026-07-05
LARGE LEVEL;1;1;0;2800.0;2026-07-05
LORD D'OCCAGNES;2;0;0;5500.0;2026-08-04
LUCKY BELLAY;3;0;0;8400.0;2026-07-30
J'Y SUIS J'Y RESTE;1;0;0;2800.0;2026-07-05
HERDUNO;1;1;0;2800.0;2026-07-05
FLAMENCO;1;0;0;2800.0;2026-07-05
MAYA DE MAHEY;3;0;0;7600.0;2026-08-11
MIGHTY JOSSELYN;1;0;0;2800.0;2026-07-05
KAPORAL MOIRE;1;0;0;2800.0;2026-07-05
KANDICE HUVERIE;1;0;0;2800.0;2026-07-05
IAMOS DE CORBERY;2;0;0;5700.0;2026-07-19
HA FIX;1;0;0;2800.0;2026-07-05
JUMANJI BROUETS;1;0;0;2800.0;2026-07-05
NICE TER MEULEN;2;0;0;5500.0;2026-07-30
LUC PAASLOO;2;0;0;4500.0;2026-07-24
LOVELY JENILOU;2;0;0;3950.0;2026-08-08
KATY'S TIME;2;0;0;3950.0;2026-07-25
LAMILA LA HURETRY;1;0;0;2750.0;2026-07-07
JOVIAL DE VENEL;1;0;0;2750.0;2026-07-07
JIVAGO TURGOT;1;0;0;2750.0;2026-07-07
NINJA DES BROUETS;2;0;0;5375.0;2026-07-24
NOOPY MADRIK;2;0;0;5375.0;2026-07-24
NIMBUS DE LERINS;1;0;0;2725.0;2026-07-08
NEPTUNE DE JEAN;2;1;0;5450.0;2026-07-16
MELODIE D'ESPOIR;2;0;0;4725.0;2026-08-08
HIBISCUS DE MAISY;1;0;0;2650.0;2026-07-08
INTREPIDE NEMO;1;0;0;2650.0;2026-07-08
IDEAL DU LERRE;1;0;0;2725.0;2026-07-08
JUSSEO;2;1;0;5650.0;2026-07-20
ONAS SPARTACUS;1;0;0;2650.0;2026-07-08
KENZO GRIFF;1;0;0;2650.0;2026-07-08
KRACH NONANTAIS;1;0;0;2650.0;2026-07-08
KAISER PINEAU;2;0;0;5425.0;2026-08-08
NALENCIO FLAC;3;0;0;8550.0;2026-08-05
NARUTO WILLIAMS;4;0;0;10925.0;2026-08-15
NATINE FOR CLARA;1;0;0;2925.0;2026-07-08
NETCHKA;3;0;0;8000.0;2026-07-29
NOUGAYORK;1;0;0;2925.0;2026-07-08
NICOBELLO;2;0;0;5625.0;2026-07-15
NOIR DARBY;2;1;0;5075.0;2026-07-20
LONGWOOD D'HERIPRE;1;1;0;2925.0;2026-07-08
MARILYN;2;2;0;5850.0;2026-08-03
JERICHO D'ORGERES;1;0;0;2875.0;2026-07-09
NEPTUNE D'EOLE;1;0;0;2150.0;2026-07-09
NEWTON DE CORS;1;0;0;2150.0;2026-07-09
NOROMAOR;2;1;0;4250.0;2026-07-30
KALINA PRINCESS;1;0;0;2875.0;2026-07-09
LAUTREC QUICK;3;1;0;7900.0;2026-08-13
LUCIFER DU PONT;3;0;0;7900.0;2026-08-12
MONTJOIE;2;1;0;5025.0;2026-08-01
READLY LAVEC;2;1;0;5025.0;2026-07-29
GABY DES VALS;2;0;0;4300.0;2026-07-29
HOTKATISSIME;1;0;0;2150.0;2026-07-09
NICE BOY BODENSEE;1;0;0;2950.0;2026-07-09
NUAGE BLANC;3;0;0;8800.0;2026-08-11
NUN WARRIOR;2;0;0;5100.0;2026-07-25
NOSTRA DONA;1;0;0;2950.0;2026-07-09
MAYA DU PREVALAY;1;0;0;2950.0;2026-07-09
MALAVYSKA EMESS;3;0;0;7975.0;2026-08-07
MAFATE DE PADD;1;0;0;2950.0;2026-07-09
L'AMIRAL D'EURVAD;1;0;0;2950.0;2026-07-09
LUCA BAROSSO;1;0;0;2725.0;2026-07-10
BOTTNAS JUSTIN;2;0;0;4875.0;2026-07-22
AMERICA DREAM;2;0;0;4875.0;2026-07-22
KNOWN FACT;1;0;0;2725.0;2026-07-10
OBSERVE'EM;1;1;0;2725.0;2026-07-10
LES CHARMES;2;0;0;5500.0;2026-07-21
IN LOVE REGLISSE;1;0;0;2750.0;2026-07-10
HELIOS DJEMA;1;0;0;2750.0;2026-07-10
NATIF DE SASSY;1;0;0;2750.0;2026-07-10
NOTRE DEDE;1;0;0;2750.0;2026-07-10
IMITCH DU MOULIN;2;0;0;4550.0;2026-08-13
MOURASIE LEPINE;1;0;0;2400.0;2026-07-10
MAROUBRA;2;1;0;5100.0;2026-07-24
MISS TERBEKEN;1;0;0;2400.0;2026-07-10
MAESTRO AWAGNE;1;0;0;2400.0;2026-07-10
LEXUS DE GUIBRAY;1;0;0;2900.0;2026-07-10
LADY POP;2;1;0;5650.0;2026-07-31
NAOMI DE BUSSET;1;0;0;2700.0;2026-07-10
NOUMEA DES FLOTS;3;1;0;7775.0;2026-08-13
NINA DES CHARRONS;1;0;0;2700.0;2026-07-10
KIWA BLEUE;4;2;0;11250.0;2026-08-13
KAP PAASLOO;5;2;0;11100.0;2026-08-12
LA VIE EST BELLE;1;0;0;2875.0;2026-07-11
HARRYBEAU DE COUET;1;0;0;2875.0;2026-07-11
JADE DES BRETTES;2;0;0;5525.0;2026-07-21
IGNACE GUENESERIE;2;0;0;5550.0;2026-07-24
KIZIA STAR;2;0;0;5275.0;2026-08-03
KROSKOF DE GUEZ;2;0;0;5150.0;2026-07-27
NORIEGA;1;0;0;2775.0;2026-07-11
JAZZ KERODA;2;0;0;5275.0;2026-07-24
JULES D'ERPION;1;0;0;2625.0;2026-07-12
NABUCHODONOSOR;2;1;0;4650.0;2026-08-15
NOVAK VINGT TROIS;1;0;0;2500.0;2026-07-12
NUMBER WAY;2;1;0;5225.0;2026-08-13
NICE BOY DU LUPIN;2;1;0;5125.0;2026-07-29
MYTIS DU CANET;1;0;0;2625.0;2026-07-12
MELONIA DES TORONS;1;0;0;2625.0;2026-07-12
MAGIE DES MOLLES;3;1;0;8000.0;2026-08-03
MISTER ERDE;2;0;0;5500.0;2026-08-15
LIV QUESNOT;1;0;0;2500.0;2026-07-12
KROSSBLADE;2;0;0;5350.0;2026-08-06
KITA MESLOISE;1;0;0;2625.0;2026-07-12
KARAMEL NOIR;2;0;0;5275.0;2026-08-04
KEVISE BECO;1;0;0;2625.0;2026-07-12
KADEHO DE FRAMIST;1;0;0;2625.0;2026-07-12
LORD DOMINIK;1;0;0;2500.0;2026-07-12
LORD DE BAGI;2;0;0;5500.0;2026-07-31
LOUKOUM DU MELEUC;1;0;0;2650.0;2026-07-12
ILCAPITANO DU PARC;4;0;0;10375.0;2026-08-07
MEKONG COURTOIS;1;0;0;2650.0;2026-07-12
NIKOS EXPRESS;3;0;0;7925.0;2026-08-01
NEGUNDO;3;0;0;7500.0;2026-08-12
KOCKTAIL;3;0;0;8150.0;2026-08-12
KINGSTON SPORT;2;0;0;5700.0;2026-07-31
MISS DE LA PIERRE;2;0;0;4800.0;2026-08-08
NAZELA;1;0;0;2900.0;2026-07-12
NOSTALGY DU PERCHE;1;0;0;2900.0;2026-07-12
NEW CHAPTER;1;0;0;2900.0;2026-07-12
MINA DRY;2;0;0;5650.0;2026-07-31
MAESTRO JIJI;1;0;0;2900.0;2026-07-12
MOULINSART;2;0;0;5200.0;2026-08-07
LAGUNE;2;0;0;4509.0;2026-08-08
NABRICO DE HOUELLE;1;0;0;2200.0;2026-07-12
NORBLIN OV;2;0;0;5100.0;2026-07-19
NEW AGE;1;0;0;2200.0;2026-07-12
MISTRAL DE FRECA;1;0;0;2550.0;2026-07-13
MACHA DU PATURAL;1;0;0;2550.0;2026-07-13
MISSIS DE BENAC;2;0;0;5125.0;2026-08-15
IRVING HEROLD;1;0;0;2850.0;2026-07-13
NELL DES RIOULTS;1;0;0;2950.0;2026-07-13
NIKITA DU DIGEON;1;0;0;2950.0;2026-07-13
NYX DE VANDEL;2;0;0;5900.0;2026-08-11
NORIA BERRY;2;0;0;5900.0;2026-08-11
NEW LOOK PIYA;1;0;0;2950.0;2026-07-13
NOBEL DU GOUTIER;1;1;0;2950.0;2026-07-13
NEVER BEND;1;0;0;2950.0;2026-07-13
JOKO DE LOU;1;0;0;2200.0;2026-07-13
JACKPOT BOOSTER;2;0;0;4900.0;2026-07-24
LARA DES CAILLONS;4;0;0;10925.0;2026-08-07
NAOMIE DU VIVIER;2;0;0;4950.0;2026-08-11
NINA DE RICO;1;0;0;2200.0;2026-07-13
NANA DE BELVIE;1;0;0;2200.0;2026-07-13
MIDNIGHT DU CAUX;2;0;0;5800.0;2026-07-19
MANUELO BELLO;2;0;0;5750.0;2026-08-05
LACKER D'ERI;1;1;0;2900.0;2026-07-13
LEROCKY DES APRES;1;0;0;2900.0;2026-07-13
LE PIREE;1;0;0;2900.0;2026-07-13
LYNX D'OCCAGNES;1;0;0;2900.0;2026-07-13
LORENZO SPORT;1;0;0;2900.0;2026-07-13
LOOK AT ME DIDO;1;0;0;2900.0;2026-07-13
LAUTARET DE GODREL;1;0;0;2900.0;2026-07-13
LUTIN DU PERCHE;1;0;0;2900.0;2026-07-13
LE BEAU GOSSE;1;0;0;2900.0;2026-07-13
LORD DU FAUCON;2;1;0;5850.0;2026-08-15
LEADER DE NIRO;1;0;0;2900.0;2026-07-13
LOCHNESS CASTELETS;2;2;0;5650.0;2026-07-28
LUCKY DAYS MOIRE;1;0;0;2900.0;2026-07-13
NOZELENN D'AVEL;1;0;0;2800.0;2026-07-14
NEPTUNE DE LA TOUR;1;0;0;2800.0;2026-07-14
NIKITA GRIFF;2;0;0;4950.0;2026-07-29
NICE ONE;1;0;0;2800.0;2026-07-14
LIBERTY BOND;1;0;0;2800.0;2026-07-14
LALANDE SMILE;1;0;0;2800.0;2026-07-14
L'ETONNANT;1;0;0;2800.0;2026-07-14
KATARINA DU VIGNAC;1;0;0;2800.0;2026-07-14
LUPIN DU RIB;3;0;0;8150.0;2026-08-07
NIGHT LOCO;1;0;0;2750.0;2026-07-14
KISSES DES ROMAINS;1;0;0;2050.0;2026-07-14
KATIMINNIE BROUETS;2;1;0;5350.0;2026-07-28
NOOKER DREAM;1;0;0;2725.0;2026-07-15
MANHATTAN PIYA;1;0;0;2675.0;2026-07-15
LINE MAJYC;2;0;0;5425.0;2026-08-04
LOOK MATYSS;2;0;0;5550.0;2026-08-01
KOQUIN DU PERCHE;1;0;0;2725.0;2026-07-15
NOBILUS BAR;2;1;0;4850.0;2026-08-03
NECTAR DE FAEL;3;0;0;8275.0;2026-08-12
NOTCH UP;3;0;0;7775.0;2026-08-15
NOMADO;4;1;0;10425.0;2026-08-12
NARSEO;4;0;0;9925.0;2026-08-15
NUMBER ONE BOND;3;0;0;8275.0;2026-08-01
LENA D'HERIPRE;2;1;0;4850.0;2026-08-13
LEONITO STAR;3;0;0;8250.0;2026-08-15
LE PORTO;2;1;0;5075.0;2026-08-05
LOTTERIO;4;3;0;10700.0;2026-08-15
L'ESPOIR DU PARC;1;0;0;2150.0;2026-07-15
JALISCA DES AMBRES;1;0;0;2775.0;2026-07-15
JACKAO DE GUEZ;1;0;0;2775.0;2026-07-15
JOYAU JICEE;1;0;0;2775.0;2026-07-15
JINKGO VEETA;1;0;0;2775.0;2026-07-15
KAZA DU TRIO;2;0;0;5150.0;2026-07-27
KALINKA ERA;2;0;0;5400.0;2026-07-31
KENAVO HERBLINAIE;2;0;0;5300.0;2026-08-04
LIGNEE VENDEENNE;1;0;0;2650.0;2026-07-15
LOYAL DU PONT;2;0;0;5300.0;2026-08-08
MY SWEET DADDY;2;1;0;5725.0;2026-08-15
MARVEL MESLOIS;2;0;0;5400.0;2026-07-27
MARLENE;1;0;0;2650.0;2026-07-15
MALOLA DES RIOULTS;2;0;0;4950.0;2026-08-07
MAJOR DE L'ECORCE;2;0;0;5150.0;2026-08-03
MUSTANG DE JUMILLY;2;0;0;5300.0;2026-08-04
NOLWENE DU CLOS;1;0;0;2650.0;2026-07-15
NANATELLA TERRIE;2;0;0;5375.0;2026-08-13
NAZARETH;2;0;0;5300.0;2026-08-08
NIKITA DUAL;2;0;0;5375.0;2026-08-13
NOGARA DES GLENAN;1;0;0;2650.0;2026-07-15
NOUBA ROCQ PIERJI;1;0;0;2650.0;2026-07-15
NIKITA ZEN;2;0;0;5300.0;2026-08-08
NYMPHE DE PIERRAIS;2;0;0;5300.0;2026-08-08
NAYA LIGHT;2;0;0;5375.0;2026-08-13
NATURA;2;2;0;5400.0;2026-07-30
NEVEE;2;0;0;5375.0;2026-08-11
NAGOYA PIYA;1;0;0;2650.0;2026-07-15
NOUR STARDUST;1;0;0;2650.0;2026-07-15
NYMPHE LATINE;1;0;0;2650.0;2026-07-15
NAYANA DES EPINES;1;0;0;2650.0;2026-07-15
NOXE FLEC;1;0;0;2650.0;2026-07-15
NOTION GEMA;1;0;0;2650.0;2026-07-15
NOISETTE DE LAIT;2;0;0;5300.0;2026-08-08
NICOTINE;2;0;0;4750.0;2026-07-30
NAVETTE SPATIALE;2;1;0;5525.0;2026-07-28
NAPOLITA DE LOU;1;0;0;2650.0;2026-07-15
NICKY SAUTREUIL;1;0;0;2650.0;2026-07-15
NOLITA DU QUENNE;1;0;0;2675.0;2026-07-16
LOUDGI D'AZE;1;0;0;2675.0;2026-07-16
KROCANTO BELLO;2;1;0;5325.0;2026-08-04
KORSO BELLO;2;1;0;5575.0;2026-07-29
LADY DE NEUILLY;2;0;0;4975.0;2026-08-07
GEDEON DAIRPET;1;0;0;2150.0;2026-07-16
HERMES PAT;3;0;0;7175.0;2026-08-12
HERMES DE BELHEME;2;0;0;5450.0;2026-07-23
KINGMAMBO BELLO;3;0;0;8075.0;2026-08-13
KID D'ECHAL;1;0;0;2725.0;2026-07-16
MILOU DE SALOMAX;2;1;0;5600.0;2026-07-29
MARQUISE DE VAL;1;0;0;2725.0;2026-07-16
MAGIE ATALANTE;1;0;0;2725.0;2026-07-16
MY JAZZY BLUE;1;0;0;2725.0;2026-07-16
NASH BRETONNIERE;2;0;0;5675.0;2026-07-25
INTUITION MAGIC;2;0;0;5450.0;2026-08-06
JOYAU DE MAX;1;0;0;2725.0;2026-07-16
IDYLLE DU CHATAULT;2;0;0;5025.0;2026-08-07
KILL AND KISS;2;0;0;5500.0;2026-08-14
MALIBU;1;0;0;2750.0;2026-07-17
KALLISTO DE LASTEL;2;0;0;5475.0;2026-07-24
NICEGIRL DE DALINE;1;0;0;2100.0;2026-07-17
MY LADY LEAGABIN;2;0;0;5025.0;2026-08-05
MONEY SCOTT;1;0;0;2100.0;2026-07-17
MODIGLIANI;2;0;0;4100.0;2026-08-09
MISTER SALTOR;2;0;0;4750.0;2026-07-31
MALICIO;1;0;0;2100.0;2026-07-17
LADY MONEY ERA;1;0;0;2850.0;2026-07-17
NATALIA JAMES;2;1;0;5850.0;2026-08-05
NEED TO ENJOY;4;0;0;10150.0;2026-08-13
NEIVA;2;0;0;5075.0;2026-08-13
NAOMI DELADOU;1;0;0;2925.0;2026-07-17
NO WOMAN ERCA;3;1;0;8000.0;2026-08-10
JUNINHO SPORT;4;0;0;10075.0;2026-08-05
OBJECTION AR;1;0;0;2250.0;2026-07-18
ODILLIA DU CAMPUS;1;0;0;2250.0;2026-07-18
OLGAYA;1;0;0;2250.0;2026-07-18
OLIVIA DE MER;3;0;0;6750.0;2026-08-06
OLYMPE DE JARY;2;0;0;4500.0;2026-08-06
OLYMPIC JOY;2;0;0;4300.0;2026-08-04
ONIRIQUE;1;0;0;2250.0;2026-07-18
ORASIE DU GOUTIER;1;0;0;2250.0;2026-07-18
OUIJA BELLA;1;1;0;2250.0;2026-07-18
OZAKA DE BLARY;1;0;0;2250.0;2026-07-18
JIGOVE;2;0;0;5450.0;2026-08-13
JOSY EXPRESS;1;0;0;2725.0;2026-07-18
JO DIBAH;1;0;0;2725.0;2026-07-18
JEDUISANT;1;0;0;2725.0;2026-07-18
MAERLINE D'AVEL;2;0;0;5675.0;2026-08-11
LADY LAMOTTE;1;0;0;2725.0;2026-07-18
LITTERATURE;1;0;0;2725.0;2026-07-18
KHAO LAK;2;0;0;5450.0;2026-08-06
KINKAJOU;1;0;0;2725.0;2026-07-18
NOBEL KADESH;1;0;0;2725.0;2026-07-18
NOVATEUR DU VIF;2;0;0;5575.0;2026-08-05
NODACK;1;0;0;2725.0;2026-07-18
NOSY BE D'HERFRAIE;2;1;0;5375.0;2026-08-08
NYALA DE VAL;1;0;0;2725.0;2026-07-18
NINA LUMALO;1;0;0;2725.0;2026-07-18
NOBLESSE DES ARCS;2;0;0;5450.0;2026-08-13
IBELLO DU BOCAGE;1;0;0;2400.0;2026-07-18
MAROCO DE LOU;1;0;0;2400.0;2026-07-18
NATRICIA;1;1;0;2400.0;2026-07-18
NOBLESS DES SABLES;2;0;0;4800.0;2026-08-07
NESSIE GERASINO;1;0;0;2400.0;2026-07-18
NOVA CASTELLE;1;0;0;2400.0;2026-07-18
JULIANO DE GLANE;1;0;0;2900.0;2026-07-18
KADABRA;1;0;0;2900.0;2026-07-18
MERLIN DES CHAMPS;2;0;0;5575.0;2026-08-05
MUTINE DU LUDE;3;1;0;8150.0;2026-08-12
MATCHO D'AMAY;2;0;0;4650.0;2026-08-09
NOBODY LOVES ME;1;0;0;2650.0;2026-07-19
NIKITA D'ORGUEIL;2;1;0;4800.0;2026-08-03
JAFFAR DE MONGOCHY;2;0;0;5350.0;2026-08-02
NIGEL DI QUATTRO;2;0;0;4259.0;2026-08-08
DEAR WISE AS;1;1;0;2650.0;2026-07-19
UCCELLONE;1;0;0;2650.0;2026-07-19
NUTS QUICK;1;0;0;2900.0;2026-07-19
NESSIE EXPRESS;1;0;0;2900.0;2026-07-19
NORA D'OLMEN;1;0;0;2900.0;2026-07-19
NIKITA PHEDO;1;0;0;2900.0;2026-07-19
NATURE D'AUVERS;1;0;0;2900.0;2026-07-19
L'EGLANTINE;1;0;0;2900.0;2026-07-19
LAURANA;2;0;0;5300.0;2026-07-29
L'HISTOIRE DE REVE;1;0;0;2900.0;2026-07-19
MALINE D'EVAILLES;1;1;0;2900.0;2026-07-19
MIA DES MURAILLES;1;0;0;2900.0;2026-07-19
MAYA DU DOME;1;0;0;2900.0;2026-07-19
MAROUETTE;1;0;0;2900.0;2026-07-19
MANOUSCKA;1;0;0;2900.0;2026-07-19
METEORITE DRY;1;0;0;2900.0;2026-07-19
MAYA DES LUCAS;1;0;0;2900.0;2026-07-19
MA CABALE;1;0;0;2900.0;2026-07-19
MAFIOSA BENACH;1;0;0;2900.0;2026-07-19
MELISSE DE L'ARRO;1;0;0;2900.0;2026-07-19
MARIE JOSE LABELLE;1;0;0;2900.0;2026-07-19
NEPAL DES ARRIS;1;0;0;2900.0;2026-07-19
NORDIK DU MIREL;1;0;0;2900.0;2026-07-19
NUMBER ONE TOCAM;1;0;0;2900.0;2026-07-19
NELSON D'OCCAGNES;1;0;0;2900.0;2026-07-19
NOMADE DE LA ROQUE;1;0;0;2900.0;2026-07-19
NUEVO D'ARELINE;1;0;0;2900.0;2026-07-19
NINETY TWO;3;0;0;7800.0;2026-08-12
KODAC DE FIERVILLE;1;0;0;2900.0;2026-07-19
MARIUS;1;0;0;2900.0;2026-07-19
MENTAL D'ACIER;1;0;0;2900.0;2026-07-19
MALO DE CONNEE;1;0;0;2900.0;2026-07-19
MARQUIS DU NORD;1;0;0;2900.0;2026-07-19
MOTUS;1;0;0;2900.0;2026-07-19
MIKAO DU BAS BOSQ;1;0;0;2900.0;2026-07-19
MISTER MOONLIGHT;1;0;0;2900.0;2026-07-19
MONTEREY;1;0;0;2900.0;2026-07-19
KELLA DU DONJON;1;0;0;2900.0;2026-07-19
JET SET CHARMEUSE;1;0;0;2900.0;2026-07-19
JAVA DES BERTHES;2;0;0;5650.0;2026-08-14
J'ADORE DES FANES;1;1;0;2750.0;2026-07-20
JESSY DE DAUX;2;0;0;5650.0;2026-07-29
NET ESPOIR;2;1;0;5575.0;2026-08-06
NIRVANA DE CHENU;1;0;0;2700.0;2026-07-20
NEXIUS;1;0;0;2700.0;2026-07-20
NARUTO CASH;2;0;0;5550.0;2026-08-05
NAMIR;1;0;0;2700.0;2026-07-20
NEMO PRESTANCE;1;0;0;2700.0;2026-07-20
KOSETTE DU HAMEL;1;0;0;2750.0;2026-07-20
KLARA JACK;1;0;0;2750.0;2026-07-20
KADOLE JULOUROZO;2;1;0;5675.0;2026-08-01
KING SIZE RENKA;1;0;0;2750.0;2026-07-20
KILDARE OF LOVE;1;0;0;2750.0;2026-07-20
EVERYTHING BI;1;0;0;2925.0;2026-07-20
IDEAL GREEN;2;0;0;5075.0;2026-07-29
DANGER BI;2;0;0;5850.0;2026-08-10
NIKITA DANCER;2;0;0;4700.0;2026-08-02
NANKIN;1;0;0;2000.0;2026-07-21
NOVELLO;2;2;0;4150.0;2026-08-03
MON COUSIN;1;1;0;2650.0;2026-07-21
MINDELO;1;0;0;2725.0;2026-07-21
LORD RIVER;2;0;0;5475.0;2026-08-06
NOBLE INTENTION;1;0;0;2725.0;2026-07-21
MONALYSA DU ROEN;1;0;0;2750.0;2026-07-21
KHEOPS D'AVA;1;0;0;2750.0;2026-07-21
JOSY D'OCCAGNES;1;0;0;2750.0;2026-07-21
OCELOT DU PONT;1;0;0;2250.0;2026-07-22
OKAVANGO;2;0;0;4500.0;2026-07-29
OLIUSANTU MAG;2;0;0;4500.0;2026-08-08
ONYX D'AVRIL;2;1;0;4500.0;2026-08-08
OPERA WOOD;1;0;0;2250.0;2026-07-22
ORIZON;1;1;0;2250.0;2026-07-22
ONLY THE BRAVE ONE;1;0;0;2250.0;2026-07-22
OK BERTRANGE;1;0;0;2250.0;2026-07-22
OPEN D'OAM;2;0;0;4500.0;2026-07-29
MAJUSCULE;1;0;0;2150.0;2026-07-22
MISS EUROPA;1;0;0;2150.0;2026-07-22
TROGIR;1;0;0;2150.0;2026-07-22
UTAH SOUTHWIND;2;0;0;3759.0;2026-08-08
VASTERBO BLIZZARD;2;0;0;4300.0;2026-08-12
NESOS DE MER;1;1;0;2925.0;2026-07-22
NEW HOT SUMMER;1;0;0;2925.0;2026-07-22
NEW JACK AMERICA;3;0;0;8000.0;2026-08-15
MERIADOC PAULOIS;2;1;0;5850.0;2026-08-07
MURIETTA;1;1;0;2925.0;2026-07-22
NATHANIEL;1;0;0;2150.0;2026-07-23
L'ABEILLE DU DOME;3;1;0;7150.0;2026-08-07
LISA DU HEURT;1;0;0;2150.0;2026-07-23
MON HISTOIRE;1;0;0;2850.0;2026-07-23
MADRAGUE GALI;1;0;0;2850.0;2026-07-23
MONTANHA DU DOME;1;0;0;2850.0;2026-07-23
MARQUIS FORTIS;1;0;0;2850.0;2026-07-23
LUCIFER DU DOME;1;0;0;2150.0;2026-07-23
L'OR BLEU;1;0;0;2150.0;2026-07-23
IYAR;2;0;0;4850.0;2026-08-08
JUSTIN WOOD;2;0;0;4300.0;2026-08-10
JEUNE AMI;1;0;0;2150.0;2026-07-23
KANAKY DES HUPIS;1;0;0;2725.0;2026-07-23
LUIGI DU CLOS;1;0;0;2725.0;2026-07-23
LAEKO DE TEMPLIER;2;0;0;5675.0;2026-08-15
MON BELLO ROMAIN;1;0;0;2725.0;2026-07-23
MODJO CHEF;2;0;0;5025.0;2026-08-07
MAGIC DE BELAISE;1;0;0;2725.0;2026-07-23
MIAMI DU CHATELET;1;0;0;2725.0;2026-07-23
KONFINEMENT;2;0;0;5700.0;2026-08-11
KIRWAN THORIS;2;0;0;5700.0;2026-08-05
KENTUCKY FIRST;1;0;0;2750.0;2026-07-24
LONDON LADY;1;0;0;2750.0;2026-07-24
MADISON;1;0;0;2750.0;2026-07-24
INDY PIQUENARD;1;0;0;2700.0;2026-07-24
OBELLA DES BORDES;2;0;0;4300.0;2026-08-08
OBOLY;1;0;0;2150.0;2026-07-24
ODESSA DELAGOB;1;0;0;2150.0;2026-07-24
OLINA BELLA;2;0;0;4200.0;2026-08-04
OLIVIO BELLO;2;0;0;4400.0;2026-08-08
OOKER DE L'ERDRE;1;0;0;2150.0;2026-07-24
OTANGO BELLO;2;0;0;4200.0;2026-08-04
OTTO D'IQUAINE;1;1;0;2150.0;2026-07-24
OVERTHETOP ABRIGIO;1;0;0;2150.0;2026-07-24
NOVAK DU CLOS;1;0;0;2650.0;2026-07-24
NIARKOS DE CRENNES;1;0;0;2650.0;2026-07-24
NINO DE BOMO;1;0;0;2650.0;2026-07-24
NICKEL DE VILLABON;1;0;0;2650.0;2026-07-24
NEA CULPA;1;0;0;2650.0;2026-07-24
NASCO DE MIRE;1;1;0;2650.0;2026-07-24
NEWDEAL SAUTREUIL;2;0;0;5600.0;2026-08-11
NAPOLEON SACHA;1;0;0;2650.0;2026-07-24
NABAKO DE GUEZ;2;0;0;5600.0;2026-08-11
NECTAR DE FOUQUE;1;0;0;2650.0;2026-07-24
NEXT SUPREME;1;0;0;2650.0;2026-07-24
NINJA ERA;1;0;0;2650.0;2026-07-24
NOUKAT PARC;1;0;0;2650.0;2026-07-24
NOMINO;1;0;0;2650.0;2026-07-24
NIRVANA KEM;1;0;0;2650.0;2026-07-24
NEGUEV;1;0;0;2650.0;2026-07-24
NAVARO FLIGNY;1;1;0;2650.0;2026-07-24
NIL D'AUTHION;1;0;0;2650.0;2026-07-24
NARCISSE D'IDEF;1;0;0;2650.0;2026-07-24
MANIGOD D'ELLE;1;0;0;2650.0;2026-07-24
MONBOSS DU MELEUC;1;0;0;2650.0;2026-07-24
MINOU MONTVASON;1;0;0;2650.0;2026-07-24
MACHECOUL A TROIS;1;0;0;2650.0;2026-07-24
MOULIN DU HIDOUX;2;0;0;4650.0;2026-08-08
MONTSERRAT;1;0;0;2650.0;2026-07-24
MERVEILLE DESTINEE;1;0;0;2650.0;2026-07-24
MELANIA DU CLOS;1;0;0;2650.0;2026-07-24
MA BONNE ETOILE;1;0;0;2650.0;2026-07-24
MERCY DU MOULINET;1;0;0;2650.0;2026-07-24
MYSTIC QUEEN;1;0;0;2650.0;2026-07-24
MOME HERBLINAIE;1;0;0;2650.0;2026-07-24
MALICIEUSE TURGOT;1;0;0;2650.0;2026-07-24
MISTRIA DU RU;1;0;0;2650.0;2026-07-24
MARY BEE;1;0;0;2650.0;2026-07-24
MODLING;1;0;0;2650.0;2026-07-24
MAESTRIA DU PARC;1;0;0;2650.0;2026-07-24
MANGOUSTINE GAGOU;1;1;0;2650.0;2026-07-24
MAURICETTE;1;0;0;2650.0;2026-07-24
IMPERIAL BACK;1;0;0;2650.0;2026-07-24
LUNA KALOUMA;1;0;0;2875.0;2026-07-25
NOBEL VENESI;2;0;0;5750.0;2026-08-01
FALCO KILLER GAR;2;0;0;4484.0;2026-08-08
IDOLE DU TRESOR;1;0;0;2950.0;2026-07-25
HOLD UP RIEZAIS;1;0;0;2950.0;2026-07-25
GADSEM;1;0;0;2950.0;2026-07-25
LETS GO DE MONCHEL;2;0;0;5000.0;2026-08-14
LAUREL LA RAVELLE;1;0;0;2950.0;2026-07-25
LIVERAINE;1;0;0;2950.0;2026-07-25
NATHAN DE MAI;1;0;0;2950.0;2026-07-25
NIRVANA D'HELIOS;1;0;0;2950.0;2026-07-25
KENZO DU MONT;2;0;0;5075.0;2026-08-05
MILADY CYNASOSO;1;0;0;2925.0;2026-07-25
NIDZA DE REVE D'OR;2;0;0;4800.0;2026-08-08
NEMROD GEDE;2;1;0;5075.0;2026-08-10
NELSON DE GUELLE;2;0;0;5075.0;2026-08-05
NELSON D'HERMES;2;0;0;5075.0;2026-08-05
KRUNCH BOCNEUF;1;0;0;2150.0;2026-07-25
FIRST LADY BLEUE;2;0;0;5825.0;2026-08-12
HOLERO LOVE;2;0;0;5100.0;2026-08-08
OMBRE DU CHOQUEL;1;1;0;2250.0;2026-07-26
OPEN ALL NIGHT;1;0;0;2250.0;2026-07-26
ORFEE DANEPIERRE;1;0;0;2250.0;2026-07-26
ORYZA;1;0;0;2250.0;2026-07-26
OVATION DU CHOQUEL;2;0;0;4500.0;2026-08-06
ONE NIGHT IN RIO;2;0;0;4300.0;2026-08-04
NOIR D'ETE;1;0;0;2150.0;2026-07-26
NABUCCO CENE;1;0;0;2150.0;2026-07-26
NIKOLETTA;2;0;0;5400.0;2026-08-08
NITRO DE RATILLY;2;0;0;5400.0;2026-08-08
MYSTERE DU VAUTOUR;2;0;0;5400.0;2026-08-08
MYSTERIEUX BOY;1;0;0;2700.0;2026-07-26
HEROS D'YVEL;2;0;0;5650.0;2026-08-01
GO OR NOT;1;0;0;2700.0;2026-07-26
LAURENE;1;0;0;2000.0;2026-07-26
JOSSELAIN MARBOULA;2;0;0;5375.0;2026-08-09
KING DE CHANLECY;1;0;0;2700.0;2026-07-26
JACALA DE FONTAINE;1;0;0;2700.0;2026-07-26
MAJOR DE CONDE;1;0;0;2500.0;2026-07-27
KRISTAL DU ROCHER;1;0;0;2500.0;2026-07-27
MONIA VERDERIE;1;0;0;2625.0;2026-07-27
LASSIE;2;0;0;5625.0;2026-08-11
LOVELY JIM;1;0;0;2875.0;2026-07-28
LOTUS DES SABLES;1;0;0;2875.0;2026-07-28
JAVELOT;2;0;0;5600.0;2026-08-13
NEVER D'AVE;2;1;0;5750.0;2026-08-15
NOWAK BONBON;2;0;0;5600.0;2026-08-07
NAVAJO DE FLEUR;2;0;0;5275.0;2026-08-07
NEWTON CARTERIE;1;0;0;2875.0;2026-07-28
NAPOLI JULRY;1;0;0;2875.0;2026-07-28
JOIE DE CORTEM;1;0;0;2750.0;2026-07-28
LASER DE TILLARD;1;0;0;2750.0;2026-07-28
LECLAT DE PERTHUIS;1;0;0;2750.0;2026-07-28
IDAO CASH;1;0;0;2750.0;2026-07-28
NAHINE D'OCCAGNES;1;1;0;2000.0;2026-07-28
NAYA DE VISAIS;1;0;0;2000.0;2026-07-28
NEBRASKO;1;0;0;2000.0;2026-07-28
NEZ AU VENT LARZIZ;1;0;0;2000.0;2026-07-28
NIGHT MAGIC;1;0;0;2000.0;2026-07-28
NIKKI DU CHATELET;1;0;0;2000.0;2026-07-28
NEWTON STAR;1;0;0;2000.0;2026-07-28
NONOBSTANT AR MOR;1;0;0;2000.0;2026-07-28
KE PASA;1;1;0;2000.0;2026-07-28
ITWEED BERRY;2;0;0;4725.0;2026-08-08
HIMEROS DU DOLLAR;2;0;0;4725.0;2026-08-08
IDEAL LOVER;2;0;0;4725.0;2026-08-08
ORACE DES MOLLES;1;0;0;2250.0;2026-07-29
ORION MADRIK;1;0;0;2250.0;2026-07-29
OUZBEK;2;0;0;4400.0;2026-08-08
ORACIO DE LAUNI;2;0;0;4500.0;2026-08-08
ONLY ONE HERO;1;0;0;2250.0;2026-07-29
OPAL RAINBOW;1;1;0;2250.0;2026-07-29
INFRAROUGE;1;0;0;2625.0;2026-07-29
FEELING MESLOIS;1;0;0;2625.0;2026-07-29
NAIADE SIBEY;1;0;0;2625.0;2026-07-29
KOP DE NARMONT;1;0;0;2625.0;2026-07-29
LIBRIO BELLO;1;1;0;2625.0;2026-07-29
MISS TAVEL;1;0;0;2400.0;2026-07-29
MY LORD DES FORGES;1;0;0;2400.0;2026-07-29
KILLEM;1;0;0;2900.0;2026-07-29
NAMMOS BEACH CLUB;1;0;0;2400.0;2026-07-29
NACELLE GEMA;3;0;0;8000.0;2026-08-13
LA HORSE;1;0;0;2150.0;2026-07-29
NARNIA DE L'AVRE;1;0;0;2750.0;2026-07-30
NASHIRA;1;0;0;2750.0;2026-07-30
NINA PICARDE;1;0;0;2750.0;2026-07-30
NIGHT DU SAPTEL;1;0;0;2750.0;2026-07-30
NINJA DE LA FERME;1;0;0;2750.0;2026-07-30
NIMBUS DU NORD;1;0;0;2750.0;2026-07-30
NICE TO GIS;1;0;0;2750.0;2026-07-30
NAVAJO DE NIEL;1;0;0;2750.0;2026-07-30
MISS TER MEULEN;1;0;0;2700.0;2026-07-30
LOU DE LOSQUE;1;0;0;2700.0;2026-07-30
LABEL DADDY;1;0;0;2700.0;2026-07-30
LARS DE LUJO;1;0;0;2700.0;2026-07-30
JAZZ PETTEVINIERE;1;0;0;3350.0;2026-07-30
HOUSTON TUILERIE;1;0;0;3350.0;2026-07-30
NARCISSO BELLO;1;0;0;2100.0;2026-07-30
NASTASIA ERA;1;0;0;2100.0;2026-07-30
NATIVE DE CHOISEL;2;0;0;4250.0;2026-08-15
NIRMALA;2;0;0;4750.0;2026-08-08
NOBLE LOVE;2;0;0;4825.0;2026-08-13
NOZKAN THOURJAN;1;0;0;2100.0;2026-07-30
NIKITA VET;2;1;0;4250.0;2026-08-15
NUANCE DES APRES;1;0;0;2100.0;2026-07-30
JUSTE AVANT;1;0;0;2725.0;2026-07-30
J'AIME EN VRAI;1;0;0;2725.0;2026-07-30
JERK SPOKEN;1;0;0;2725.0;2026-07-30
LIBERTY PIYA;2;0;0;4900.0;2026-08-10
JET DU RAVARY;2;0;0;5500.0;2026-08-12
MODELE;1;1;0;2650.0;2026-07-31
MOON STRYCK;3;0;0;8425.0;2026-08-12
NEO VANILLA;1;0;0;2875.0;2026-08-01
MOJITO FRAISE;1;0;0;2875.0;2026-08-01
LARA CROFT;1;0;0;2950.0;2026-08-01
MAJOR SAUTONNE;1;0;0;2800.0;2026-08-01
NORD INTENSE;1;0;0;2950.0;2026-08-01
NEC DES PLANS;1;0;0;2950.0;2026-08-01
SOKRATES;1;0;0;2150.0;2026-08-02
NICE FLEUR;2;0;0;4700.0;2026-08-04
MADE IN BERRY;2;0;0;4700.0;2026-08-08
MERCI RAFALE;2;1;0;4700.0;2026-08-08
MIAMI JULRY;1;0;0;2000.0;2026-08-02
MIDNIGHT CHANCE;2;1;0;4700.0;2026-08-08
LUTTEUR DES GLENAN;1;0;0;2000.0;2026-08-02
KAJIRTAL;1;0;0;2700.0;2026-08-02
MERCUREY CODIE;1;0;0;2500.0;2026-08-03
KIAMA;1;0;0;2625.0;2026-08-03
KIDA DE LA BESSE;1;0;0;2500.0;2026-08-03
KAPORAL DU PONT;1;0;0;2625.0;2026-08-03
NUANCE SECRETE;1;0;0;2150.0;2026-08-03
KHOR SAINT AUBIN;1;0;0;2650.0;2026-08-04
NIGHT BIRD;1;1;0;2650.0;2026-08-04
MA WELL DU VYGLO;1;0;0;2650.0;2026-08-04
MAESTRO DE BRION;1;0;0;2650.0;2026-08-04
MELILOT BELLO;1;0;0;2650.0;2026-08-04
LAHANNA DESBOIS;1;1;0;2775.0;2026-08-04
LOVE ME DAXEL;1;0;0;2750.0;2026-08-04
HORACIO DE CERISY;1;0;0;2725.0;2026-08-04
OCACINA;1;0;0;2050.0;2026-08-04
OF AMERICA;1;1;0;2050.0;2026-08-04
ORNAISE DU HANOY;1;0;0;2050.0;2026-08-04
OLYMPE ETOILEE;1;0;0;2050.0;2026-08-04
OPALE DELKARLITO;1;0;0;2050.0;2026-08-04
ORIGINE CASTELLE;1;0;0;2050.0;2026-08-04
OAKLAND PAULCA;1;0;0;2050.0;2026-08-04
OSSAU DU PRE;1;1;0;2050.0;2026-08-04
ONE WAY;1;0;0;2050.0;2026-08-04
OSCAR THORIS;1;0;0;2050.0;2026-08-04
OVERMARS ELLIS;1;0;0;2050.0;2026-08-04
OZZARO DIBAH;1;0;0;2050.0;2026-08-04
OFFSHORE MIJO;1;0;0;2050.0;2026-08-04
NEWTON DE RATILLY;1;0;0;2000.0;2026-08-04
NATURE GEMA;1;0;0;2000.0;2026-08-04
NOBLESSE FILO;1;0;0;2000.0;2026-08-04
NUNCIO BELLO;1;0;0;2000.0;2026-08-04
NIMBUS DES BROUETS;1;1;0;2000.0;2026-08-04
NAPOLEON LOVER;1;0;0;2000.0;2026-08-04
NELLY JAC;1;0;0;2000.0;2026-08-04
NINO DES ANDRAUX;1;0;0;2000.0;2026-08-04
NAIADE JULRY;1;0;0;2000.0;2026-08-04
NELLY DE BERTRANGE;1;0;0;2000.0;2026-08-04
NAHTROSE;1;0;0;2000.0;2026-08-04
NESTORYAYA;1;0;0;2000.0;2026-08-04
NALA DU VAUTOUR;2;0;0;4700.0;2026-08-08
NECTAR DU RABUTIN;1;0;0;2000.0;2026-08-04
NAMASTE ESJI;1;0;0;2000.0;2026-08-04
NIKAIA WIND;1;0;0;2000.0;2026-08-04
NORIA DU VALLON;1;0;0;2000.0;2026-08-04
NOUBA JULRY;1;0;0;2000.0;2026-08-04
NOISETTE D'HAGUE;1;0;0;2000.0;2026-08-04
LUNA AIMEF;1;0;0;2700.0;2026-08-04
LEWIS DU LOISIR;1;0;0;2700.0;2026-08-04
LEADER BENOIT;1;0;0;2700.0;2026-08-04
LYCELE D'ASNOIS;2;0;0;5400.0;2026-08-08
KEEP TRUSTING;1;0;0;2700.0;2026-08-04
MARIOLE;1;0;0;2950.0;2026-08-05
JANE HUDSON;1;0;0;2950.0;2026-08-05
JACKPOT MEARAS;1;0;0;2950.0;2026-08-05
XANTHIS HILTON;1;0;0;2950.0;2026-08-05
QUINTUS TOOMA;1;0;0;2950.0;2026-08-05
EXPLOIT KRONOS;1;1;0;2950.0;2026-08-05
TRIXWITHTRIMMIX;1;0;0;2950.0;2026-08-05
NAHITIS D'ALCI;1;0;0;2850.0;2026-08-05
NANCY BOURBON;1;1;0;2850.0;2026-08-05
MYRIADE D'ORION;1;0;0;2850.0;2026-08-05
MONSIEUR WILLIAM;1;0;0;2850.0;2026-08-05
MONARQUE;1;1;0;2850.0;2026-08-05
NANTES;1;0;0;2925.0;2026-08-05
NADER;1;0;0;2925.0;2026-08-05
NAMARIO BELLO;1;1;0;2925.0;2026-08-05
NECTAR D'ACADIE;1;0;0;2925.0;2026-08-05
NEW DEPART;1;0;0;2925.0;2026-08-05
MISTER DAIRPET;1;1;0;2925.0;2026-08-05
NO ONE JACK;1;0;0;2875.0;2026-08-06
OLLY D'AMOUR;1;0;0;2250.0;2026-08-06
OLYMPE BARAKA;1;0;0;2250.0;2026-08-06
OMERTA LIAMONE;1;0;0;2250.0;2026-08-06
ORGANZA DE BLARY;1;1;0;2250.0;2026-08-06
OLALA D'OURVILLE;1;0;0;2250.0;2026-08-06
OUMEA QUEEN;1;0;0;2250.0;2026-08-06
OCEANIE DE TILLARD;1;0;0;2250.0;2026-08-06
JUPITER DU CORTA;1;0;0;2150.0;2026-08-06
KENYAN BLUES;1;0;0;2150.0;2026-08-06
KIDEA DU BOUILLON;1;0;0;2725.0;2026-08-06
KING EVOLUTION;1;0;0;2725.0;2026-08-06
LOLITA COLMONT;1;0;0;2725.0;2026-08-06
LIBERTY NOIRE;1;0;0;2725.0;2026-08-06
LUCKYLUKE DU GIVRE;1;0;0;2725.0;2026-08-06
LEDAV DU PILET;1;0;0;2725.0;2026-08-06
LADOGA;1;0;0;2725.0;2026-08-06
HOLAF D'OURVILLE;1;0;0;2725.0;2026-08-06
JOKER DES APRES;1;0;0;2725.0;2026-08-06
JET DE CAHOT;1;0;0;2725.0;2026-08-06
IDEAL D'ATTAQUE;1;0;0;2725.0;2026-08-06
LE RIB;1;0;0;2725.0;2026-08-07
ICI PARIS EFJI;1;0;0;2750.0;2026-08-07
HELLO DE LIGNY;1;0;0;2750.0;2026-08-07
MIGHTY KYDE;1;0;0;2050.0;2026-08-07
NORWICH SPORT;1;0;0;2725.0;2026-08-07
NORDLAND VEDAQUAIS;1;0;0;2725.0;2026-08-07
JEST THE BEST;1;0;0;2300.0;2026-08-07
INDY FLIGNY;1;0;0;2300.0;2026-08-07
NUSHA;1;0;0;2400.0;2026-08-07
NESKA SEVEN;1;0;0;2400.0;2026-08-07
NINIO PRIOR;1;0;0;2400.0;2026-08-07
MARY AR MOR;1;0;0;2300.0;2026-08-07
MALICE HAUFOR;1;0;0;2300.0;2026-08-07
MISSILE D'EB;1;0;0;2300.0;2026-08-07
LUCKY RED;1;0;0;2925.0;2026-08-07
FLASH NP;1;0;0;2700.0;2026-08-07
BLAUER MAX;1;0;0;2700.0;2026-08-07
MY AMERICA;1;0;0;2150.0;2026-08-08
OLARIUS;1;0;0;2250.0;2026-08-08
OR DES KALOUMA;1;0;0;2250.0;2026-08-08
OZZARO BERRY;1;0;0;2250.0;2026-08-08
ORION DE VANDEL;1;0;0;2250.0;2026-08-08
ORLANDO MAGIC;1;0;0;2250.0;2026-08-08
MOON DU VIVIER;1;0;0;2150.0;2026-08-08
NUIT AGITEE;1;0;0;2150.0;2026-08-08
NAPOLITAIN NUEVO;1;0;0;2700.0;2026-08-08
NOBEL DES GRAVELS;1;0;0;2700.0;2026-08-08
NEW YORK DU BOURG;1;0;0;2700.0;2026-08-08
NEWTON D'ABO;1;0;0;2700.0;2026-08-08
NEMESIS DU LOISIR;1;0;0;2700.0;2026-08-08
NAMTSO DU VALO;1;0;0;2700.0;2026-08-08
NASKO DU HAUTVENT;1;0;0;2700.0;2026-08-08
MOLESKINE;1;0;0;2700.0;2026-08-08
MORELLO JIVE;1;0;0;2700.0;2026-08-08
MISS BLACK STRYCK;1;0;0;2700.0;2026-08-08
MELISA DU CHENE;1;0;0;2700.0;2026-08-08
MARIUS DE DUSSAC;1;0;0;2700.0;2026-08-08
LATINO;1;0;0;2700.0;2026-08-08
MALOUINES QUESNOT;1;0;0;2700.0;2026-08-08
NOTRE RENARDIERE;1;0;0;2700.0;2026-08-08
NANCY LORRAINE;1;1;0;2700.0;2026-08-08
NATIF DE LAYE;1;0;0;2700.0;2026-08-08
NECIMI DES ROMAINS;1;0;0;2700.0;2026-08-08
L'ESPOIR DE KYRN;1;0;0;2700.0;2026-08-08
JURASSIC MOIRE;1;0;0;2700.0;2026-08-08
ILLICO PANTE;1;1;0;2700.0;2026-08-08
OBIWAN CLEMAXELLE;1;0;0;2150.0;2026-08-08
OLADY DANICA;1;0;0;2150.0;2026-08-08
OLYMPIC MEMORY;1;0;0;2150.0;2026-08-08
OURAGAN DE LA COTE;1;1;0;2150.0;2026-08-08
OHLALA OKINA;1;0;0;2150.0;2026-08-08
OPTION DREAM;1;0;0;2150.0;2026-08-08
MADONA DU CLOS;1;0;0;2000.0;2026-08-08
MILA DES GENEVRIS;1;0;0;2000.0;2026-08-08
KAMEL DE GLAIZE;1;0;0;2775.0;2026-08-08
KELLY DEVIL;1;0;0;2775.0;2026-08-08
KALLAS TEPOL;1;0;0;2775.0;2026-08-08
KERIDA DE MARZY;1;0;0;2775.0;2026-08-08
MAKING LEMAN;1;0;0;2000.0;2026-08-08
MOOGLI HEULINOIS;1;0;0;2000.0;2026-08-08
MARCUS DU CLOS;1;0;0;2000.0;2026-08-08
MYSTERE DE LA COUR;1;0;0;2000.0;2026-08-08
NORPHEA D'ESPOIR;1;0;0;2650.0;2026-08-08
NIKITA DU CLOS;1;0;0;2650.0;2026-08-08
NINA D'OCCAGNES;1;0;0;2650.0;2026-08-08
NEW WAY D'EYMY;1;0;0;2650.0;2026-08-08
NIKITA DE QUONIAN;1;0;0;2650.0;2026-08-08
NAIDA VILLETOT;1;0;0;2650.0;2026-08-08
NORBINA;1;0;0;2650.0;2026-08-08
NAOMI DE CHENU;1;0;0;2650.0;2026-08-08
NESSY DU FER;1;0;0;2650.0;2026-08-08
NINA DE POURPRIX;1;0;0;2650.0;2026-08-08
NOUBA;1;1;0;2650.0;2026-08-08
NATACHA BLEUE;1;0;0;2650.0;2026-08-08
NOEMIE DES NOES;1;0;0;2650.0;2026-08-08
LIEVRE DU GITE;1;0;0;2650.0;2026-08-08
LE SENS DE PADD;1;1;0;2650.0;2026-08-08
LEO DE LA NOEMIE;1;0;0;2650.0;2026-08-08
IMPECC BLUE;1;0;0;2600.0;2026-08-09
NELSON GRIFF;1;0;0;2000.0;2026-08-09
MARIANNE DE BAILLY;1;0;0;2000.0;2026-08-09
LECLIF DE CHENOU;1;0;0;2675.0;2026-08-09
MY NAME IS JONES;1;0;0;2000.0;2026-08-09
MARCEL D'ANJOU;1;1;0;2000.0;2026-08-09
MOGADOR DE LOU;1;0;0;2000.0;2026-08-09
HELLO DAXEL;1;0;0;3100.0;2026-08-09
GRANDIOSE DES PRES;1;0;0;3100.0;2026-08-09
GALLAGHER WIND;1;0;0;3100.0;2026-08-09
JASON;1;0;0;3100.0;2026-08-09
ILTON ROYAL;1;0;0;3100.0;2026-08-09
SAHARA FIREBIRD;1;1;0;2150.0;2026-08-10
DANILO SPRITZ;1;0;0;2150.0;2026-08-10
CANDY GROUP;1;0;0;2150.0;2026-08-10
ELETTRA GRIF;1;0;0;2150.0;2026-08-10
NYMPHE DE CUY;1;0;0;2950.0;2026-08-11
NEGRITA;1;0;0;2950.0;2026-08-11
NOBEL;1;0;0;2950.0;2026-08-11
NOBEL CHANTEREINE;1;0;0;2950.0;2026-08-11
NIRIUS DE GUEZ;1;1;0;2950.0;2026-08-11
NAGH DU BUISSON;1;0;0;2950.0;2026-08-11
MAYFLOWER;2;0;0;5000.0;2026-08-14
MINNIE DE MIENNAIS;1;0;0;2950.0;2026-08-11
MARCEL;1;1;0;2950.0;2026-08-11
MARIANNA;1;0;0;2950.0;2026-08-11
KALMIA DES NOES;1;0;0;2950.0;2026-08-11
KADEO JOSSELYN;1;0;0;2950.0;2026-08-11
METEORE DU VIVIER;1;0;0;2750.0;2026-08-11
MADE IN DANICA;1;0;0;2050.0;2026-08-11
MY DARLING DANOVER;1;0;0;2050.0;2026-08-11
MYSTIQUE LADY;1;0;0;2050.0;2026-08-11
NOBILITY;1;0;0;2725.0;2026-08-11
NAUSICA D'ELA;1;0;0;2725.0;2026-08-11
NEW ACTION;1;0;0;2725.0;2026-08-11
MANZANA TIME;1;0;0;2750.0;2026-08-11
MERIADEG D'AVEL;1;0;0;2750.0;2026-08-11
MAHANA OF LOVE;1;0;0;2750.0;2026-08-11
MERVEILLE;1;0;0;2750.0;2026-08-11
NANALAND;1;0;0;2750.0;2026-08-11
NO LIMIT TONIGHT;1;0;0;2750.0;2026-08-11
NAOR DE SASSY;1;0;0;2750.0;2026-08-11
KERCHAK;1;0;0;2650.0;2026-08-12
KILLER MELOC;1;0;0;2650.0;2026-08-12
NOBEL DU VIVIER;1;0;0;2150.0;2026-08-13
NAYA DE MYE;1;0;0;2150.0;2026-08-13
HUMOUR D'HAUFOR;1;0;0;2725.0;2026-08-13
JAGGER DANICA;1;0;0;2725.0;2026-08-13
NELSON THORIS;1;0;0;2725.0;2026-08-13
MISSING YOU;1;0;0;2100.0;2026-08-13
MILAU TOLLEVILLE;1;0;0;2100.0;2026-08-13
NO DOUBT WALLIE;1;0;0;2725.0;2026-08-13
NUIT DE ROMA;1;0;0;2725.0;2026-08-13
LOVING STAR;1;0;0;2050.0;2026-08-14
LIBERTY DE FAEL;1;0;0;2050.0;2026-08-14
NATURE DU GOUTIER;1;0;0;2150.0;2026-08-14
MARIEVA DE LOU;1;0;0;2150.0;2026-08-14
JAZZMAN ERDE;1;0;0;2875.0;2026-08-15
JOUVENCE D'AMOUR;1;0;0;2875.0;2026-08-15
HAMBLETONIAN;1;0;0;2875.0;2026-08-15
GOLD DE CHOISEL;1;0;0;2875.0;2026-08-15
MAKAO DAIRPET;1;0;0;2875.0;2026-08-15
KOMETE DE VAL;1;0;0;2875.0;2026-08-15
LOVE ME DO;1;0;0;2700.0;2026-08-15
LATINO DREAM;1;0;0;2700.0;2026-08-15
OLBIA CASTELETS;1;0;0;2150.0;2026-08-15
OLYMPE D'OUILLY;1;0;0;2150.0;2026-08-15
OTTAWA DE REUX;1;0;0;2150.0;2026-08-15
OVER THE HILL;1;1;0;2150.0;2026-08-15
OVERSIZE DE LOCQ;1;0;0;2150.0;2026-08-15
OZO DU RIB;1;0;0;2150.0;2026-08-15
OPPOKA DAIRPET;1;0;0;2150.0;2026-08-15
ODESSA DE MORGANE;1;0;0;2150.0;2026-08-15
OLYMPE CAMELIA;1;0;0;2150.0;2026-08-15
OVIEDO DU COTIDA;1;0;0;2150.0;2026-08-15
NAGILI MAGNIFIQUE;1;0;0;2150.0;2026-08-15
NILL TRY;1;0;0;2150.0;2026-08-15
NOUVELLE VAGUE;1;0;0;2150.0;2026-08-15
NEIGE D'URZY;1;0;0;2150.0;2026-08-15
NAIADE DU GLANON;1;0;0;2150.0;2026-08-15
NYMPHE DES CHAMPS;1;0;0;2150.0;2026-08-15
NISOS DU GOUTIER;1;0;0;2150.0;2026-08-15
NEVER JAVO;1;0;0;2150.0;2026-08-15
NINETTA;1;0;0;2150.0;2026-08-15
NEHO DE STADAL;1;0;0;2150.0;2026-08-15
NEVALAK STARCUT;1;0;0;2150.0;2026-08-15
NODESSA EMESS;1;0;0;2150.0;2026-08-15
NYMPHE DE VANDEL;1;0;0;2150.0;2026-08-15
NOTORIOUS POURPRE;1;0;0;2150.0;2026-08-15
NIKITA D'ATOUT;1;0;0;2150.0;2026-08-15
NICE UP DE FRAD;1;0;0;2150.0;2026-08-15
NINA DES LIARDS;1;0;0;2150.0;2026-08-15
NOVA CANY;1;0;0;2150.0;2026-08-15
NICKEL MARANCOURT;1;0;0;2150.0;2026-08-15
NOUMEA ROSA;1;0;0;2150.0;2026-08-15
NANOUCHKA D'ESCRIT;1;0;0;2150.0;2026-08-15
NOCTURNE D'AULO;1;0;0;2150.0;2026-08-15
NOUBA BRUYERES;1;0;0;2150.0;2026-08-15
NIKITA CAMELIA;1;0;0;2150.0;2026-08-15
NEW DANCE;1;0;0;2150.0;2026-08-15
NAVIGA DU RIB;1;0;0;2150.0;2026-08-15
NORVEGE HAUFOR;1;0;0;2150.0;2026-08-15
LUIGI DES FLOTS;1;0;0;2950.0;2026-08-15
LIMNEE D'AUVRECY;1;0;0;2950.0;2026-08-15
MELCHIOR PHIL;1;0;0;2950.0;2026-08-15
MOJITO DE VAUVILLE;1;0;0;2950.0;2026-08-15
MAGIC LOVING;1;0;0;2950.0;2026-08-15
MISTER FISH;1;0;0;2950.0;2026-08-15
MISS LADY D'OHARA;1;0;0;2950.0;2026-08-15
MANDALIKA;1;0;0;2950.0;2026-08-15
MAITI DE LA POTEL;1;0;0;2950.0;2026-08-15
MISS SEXY;1;0;0;2950.0;2026-08-15
MONEY DE SENOVILLE;1;0;0;2950.0;2026-08-15
MADY CUP;1;1;0;2950.0;2026-08-15
JIDI DE LOU;1;0;0;2950.0;2026-08-15
GALAXIE DU PARC;1;0;0;2950.0;2026-08-15
